<?xml version="1.0" encoding="UTF-8"?>
<gpx xmlns="http://www.topografix.com/GPX/1/1" xmlns:gpxtpx="http://www.garmin.com/xmlschemas/TrackPointExtension/v1" xmlns:xsi="http://www.w3.org/2001/XMLSchema-instance" xsi:schemaLocation="http://www.topografix.com/GPX/1/1 http://www.topografix.com/GPX/1/1/gpx.xsd" version="1.1" creator="gpx.py -- https://github.com/tkrajina/gpxpy">
  <trk>
    <name>gpx from keep</name>
    <type>Run</type>
    <trkseg>
      <trkpt lat="30.490808342992544" lon="104.02272360088064">
        <ele>483.0220219708868</ele>
        <time>2026-07-05T13:15:19Z</time>
        <extensions>
          <gpxtpx:TrackPointExtension>
            <gpxtpx:hr>98</gpxtpx:hr>
          </gpxtpx:TrackPointExtension>
        </extensions>
      </trkpt>
      <trkpt lat="30.490779638723296" lon="104.02266381655069">
        <ele>484.85424632184123</ele>
        <time>2026-07-05T13:15:23Z</time>
        <extensions>
          <gpxtpx:TrackPointExtension>
            <gpxtpx:hr>98</gpxtpx:hr>
          </gpxtpx:TrackPointExtension>
        </extensions>
      </trkpt>
      <trkpt lat="30.49078087220935" lon="104.02253523763116">
        <ele>485.136555758876</ele>
        <time>2026-07-05T13:15:27Z</time>
        <extensions>
          <gpxtpx:TrackPointExtension>
            <gpxtpx:hr>98</gpxtpx:hr>
          </gpxtpx:TrackPointExtension>
        </extensions>
      </trkpt>
      <trkpt lat="30.49081576937168" lon="104.02240217842625">
        <ele>485.58311019837856</ele>
        <time>2026-07-05T13:15:35Z</time>
        <extensions>
          <gpxtpx:TrackPointExtension>
            <gpxtpx:hr>103</gpxtpx:hr>
          </gpxtpx:TrackPointExtension>
        </extensions>
      </trkpt>
      <trkpt lat="30.490755950547968" lon="104.02225146109207">
        <ele>486.26126406062394</ele>
        <time>2026-07-05T13:15:43Z</time>
        <extensions>
          <gpxtpx:TrackPointExtension>
            <gpxtpx:hr>105</gpxtpx:hr>
          </gpxtpx:TrackPointExtension>
        </extensions>
      </trkpt>
      <trkpt lat="30.49075065748991" lon="104.02206140661502">
        <ele>487.0075629884377</ele>
        <time>2026-07-05T13:15:51Z</time>
        <extensions>
          <gpxtpx:TrackPointExtension>
            <gpxtpx:hr>105</gpxtpx:hr>
          </gpxtpx:TrackPointExtension>
        </extensions>
      </trkpt>
      <trkpt lat="30.4908010926188" lon="104.02171909437273">
        <ele>487.96209708601236</ele>
        <time>2026-07-05T13:15:59Z</time>
        <extensions>
          <gpxtpx:TrackPointExtension>
            <gpxtpx:hr>105</gpxtpx:hr>
          </gpxtpx:TrackPointExtension>
        </extensions>
      </trkpt>
      <trkpt lat="30.490775670823425" lon="104.02160608531155">
        <ele>488.2111762780696</ele>
        <time>2026-07-05T13:16:03Z</time>
        <extensions>
          <gpxtpx:TrackPointExtension>
            <gpxtpx:hr>105</gpxtpx:hr>
          </gpxtpx:TrackPointExtension>
        </extensions>
      </trkpt>
      <trkpt lat="30.490781786869086" lon="104.02149945855133">
        <ele>489.10847585462034</ele>
        <time>2026-07-05T13:16:07Z</time>
      </trkpt>
      <trkpt lat="30.490834527483457" lon="104.02129261834529">
        <ele>489.90587192587554</ele>
        <time>2026-07-05T13:16:15Z</time>
      </trkpt>
      <trkpt lat="30.490808026006754" lon="104.02106687115416">
        <ele>490.5462662363425</ele>
        <time>2026-07-05T13:16:23Z</time>
      </trkpt>
      <trkpt lat="30.490714431911304" lon="104.02103363245467">
        <ele>490.96511203143746</ele>
        <time>2026-07-05T13:16:27Z</time>
      </trkpt>
      <trkpt lat="30.490614054625905" lon="104.021033808715">
        <ele>492.1963341794908</ele>
        <time>2026-07-05T13:16:31Z</time>
      </trkpt>
      <trkpt lat="30.490391497228895" lon="104.02092265510552">
        <ele>492.51377226691693</ele>
        <time>2026-07-05T13:16:43Z</time>
      </trkpt>
      <trkpt lat="30.49029897971994" lon="104.02084842295974">
        <ele>493.9807041930035</ele>
        <time>2026-07-05T13:16:47Z</time>
      </trkpt>
      <trkpt lat="30.490196087362392" lon="104.02082225827823">
        <ele>494.93266932386905</ele>
        <time>2026-07-05T13:16:51Z</time>
      </trkpt>
      <trkpt lat="30.49000073182609" lon="104.02083318221655">
        <ele>494.3256197720766</ele>
        <time>2026-07-05T13:16:59Z</time>
      </trkpt>
      <trkpt lat="30.489921651818204" lon="104.02091265352793">
        <ele>493.35658842511475</ele>
        <time>2026-07-05T13:17:03Z</time>
      </trkpt>
      <trkpt lat="30.489828824763936" lon="104.0209694823346">
        <ele>494.0009505683556</ele>
        <time>2026-07-05T13:17:07Z</time>
      </trkpt>
      <trkpt lat="30.489541936977975" lon="104.02088994243432">
        <ele>491.20977740734816</ele>
        <time>2026-07-05T13:17:19Z</time>
      </trkpt>
      <trkpt lat="30.48943402900421" lon="104.02090736326365">
        <ele>493.6092803645879</ele>
        <time>2026-07-05T13:17:23Z</time>
      </trkpt>
      <trkpt lat="30.48938381010182" lon="104.02101833053864">
        <ele>493.29617452062666</ele>
        <time>2026-07-05T13:17:27Z</time>
      </trkpt>
      <trkpt lat="30.489331767370047" lon="104.0213090081066">
        <ele>494.18661005049944</ele>
        <time>2026-07-05T13:17:37Z</time>
      </trkpt>
      <trkpt lat="30.48931711352257" lon="104.02164688643633">
        <ele>493.2473961459473</ele>
        <time>2026-07-05T13:17:49Z</time>
      </trkpt>
      <trkpt lat="30.48932192963243" lon="104.02182229804949">
        <ele>494.2676236173138</ele>
        <time>2026-07-05T13:17:55Z</time>
      </trkpt>
      <trkpt lat="30.48939014040932" lon="104.02212055355523">
        <ele>493.14344644825906</ele>
        <time>2026-07-05T13:18:07Z</time>
      </trkpt>
      <trkpt lat="30.489401936831346" lon="104.02249023117365">
        <ele>491.8124213172123</ele>
        <time>2026-07-05T13:18:19Z</time>
      </trkpt>
      <trkpt lat="30.489391248299608" lon="104.02256122113373">
        <ele>491.31765033025295</ele>
        <time>2026-07-05T13:18:22Z</time>
      </trkpt>
      <trkpt lat="30.489436290171724" lon="104.02262090357785">
        <ele>492.4831281080842</ele>
        <time>2026-07-05T13:18:25Z</time>
      </trkpt>
      <trkpt lat="30.48959702761594" lon="104.02264075597259">
        <ele>491.7603280842304</ele>
        <time>2026-07-05T13:18:31Z</time>
      </trkpt>
      <trkpt lat="30.489678208586554" lon="104.02267991565915">
        <ele>491.2414859319106</ele>
        <time>2026-07-05T13:18:34Z</time>
      </trkpt>
      <trkpt lat="30.489768039702753" lon="104.0226828914277">
        <ele>491.17272218409926</ele>
        <time>2026-07-05T13:18:37Z</time>
      </trkpt>
      <trkpt lat="30.48983455132714" lon="104.02272095767214">
        <ele>491.72409253939986</ele>
        <time>2026-07-05T13:18:40Z</time>
      </trkpt>
      <trkpt lat="30.48989370024639" lon="104.02271896014976">
        <ele>489.56625619437546</ele>
        <time>2026-07-05T13:18:43Z</time>
      </trkpt>
      <trkpt lat="30.48999539807679" lon="104.0228393843937">
        <ele>489.556848526001</ele>
        <time>2026-07-05T13:18:49Z</time>
      </trkpt>
      <trkpt lat="30.490070015812574" lon="104.02284824485052">
        <ele>489.27963530179113</ele>
        <time>2026-07-05T13:18:52Z</time>
      </trkpt>
      <trkpt lat="30.490198809594204" lon="104.02278538215985">
        <ele>488.8037822442129</ele>
        <time>2026-07-05T13:18:58Z</time>
      </trkpt>
      <trkpt lat="30.490415793446907" lon="104.02278034281171">
        <ele>489.4493799544871</ele>
        <time>2026-07-05T13:19:07Z</time>
      </trkpt>
      <trkpt lat="30.490615001637902" lon="104.02283428131521">
        <ele>486.6275485260412</ele>
        <time>2026-07-05T13:19:16Z</time>
      </trkpt>
      <trkpt lat="30.490665603043567" lon="104.02281377600782">
        <ele>485.2881922516972</ele>
        <time>2026-07-05T13:19:19Z</time>
      </trkpt>
      <trkpt lat="30.490714627392066" lon="104.02274766856841">
        <ele>485.59949119295925</ele>
        <time>2026-07-05T13:19:22Z</time>
      </trkpt>
      <trkpt lat="30.490720276162477" lon="104.02266671927046">
        <ele>485.8664438985288</ele>
        <time>2026-07-05T13:19:25Z</time>
      </trkpt>
      <trkpt lat="30.49079183374268" lon="104.02241621552615">
        <ele>486.57894807774574</ele>
        <time>2026-07-05T13:19:34Z</time>
      </trkpt>
      <trkpt lat="30.490798810779168" lon="104.02232148128495">
        <ele>486.6783674489707</ele>
        <time>2026-07-05T13:19:37Z</time>
      </trkpt>
      <trkpt lat="30.490766984383882" lon="104.02222944520551">
        <ele>487.5776071315631</ele>
        <time>2026-07-05T13:19:41Z</time>
      </trkpt>
      <trkpt lat="30.490812032459832" lon="104.02188754416699">
        <ele>488.7719094706699</ele>
        <time>2026-07-05T13:19:53Z</time>
      </trkpt>
      <trkpt lat="30.49077772649832" lon="104.02154277659884">
        <ele>489.4202550724149</ele>
        <time>2026-07-05T13:20:05Z</time>
      </trkpt>
      <trkpt lat="30.490776607203568" lon="104.0214316990914">
        <ele>490.02450126223266</ele>
        <time>2026-07-05T13:20:09Z</time>
      </trkpt>
      <trkpt lat="30.49081070123296" lon="104.02134537896313">
        <ele>491.86901727784425</ele>
        <time>2026-07-05T13:20:13Z</time>
      </trkpt>
      <trkpt lat="30.490781302638972" lon="104.02111600003681">
        <ele>492.27307888679206</ele>
        <time>2026-07-05T13:20:21Z</time>
      </trkpt>
      <trkpt lat="30.49071933281149" lon="104.02105008729622">
        <ele>492.1138102039695</ele>
        <time>2026-07-05T13:20:25Z</time>
      </trkpt>
      <trkpt lat="30.490641197452856" lon="104.02103926364259">
        <ele>493.00996923353523</ele>
        <time>2026-07-05T13:20:29Z</time>
      </trkpt>
      <trkpt lat="30.490516650672383" lon="104.02098618769537">
        <ele>491.80224721413106</ele>
        <time>2026-07-05T13:20:35Z</time>
      </trkpt>
      <trkpt lat="30.49045095612572" lon="104.0209866220915">
        <ele>491.4117812877521</ele>
        <time>2026-07-05T13:20:38Z</time>
      </trkpt>
      <trkpt lat="30.490280568728423" lon="104.02085767380416">
        <ele>493.55581654049456</ele>
        <time>2026-07-05T13:20:47Z</time>
      </trkpt>
      <trkpt lat="30.490132170609844" lon="104.02082891269522">
        <ele>494.77044596523046</ele>
        <time>2026-07-05T13:20:53Z</time>
      </trkpt>
      <trkpt lat="30.490056584873575" lon="104.02083276561795">
        <ele>494.6066962117329</ele>
        <time>2026-07-05T13:20:56Z</time>
      </trkpt>
      <trkpt lat="30.489881048683728" lon="104.02095094000077">
        <ele>494.52051226142794</ele>
        <time>2026-07-05T13:21:05Z</time>
      </trkpt>
      <trkpt lat="30.489583616744525" lon="104.02091148925567">
        <ele>493.0148937385529</ele>
        <time>2026-07-05T13:21:17Z</time>
      </trkpt>
      <trkpt lat="30.48950936644595" lon="104.0209135354105">
        <ele>491.49757177755237</ele>
        <time>2026-07-05T13:21:20Z</time>
      </trkpt>
      <trkpt lat="30.489437234460706" lon="104.02094819225995">
        <ele>493.44572204351425</ele>
        <time>2026-07-05T13:21:23Z</time>
      </trkpt>
      <trkpt lat="30.489384466894776" lon="104.0210023121586">
        <ele>492.94594698771834</ele>
        <time>2026-07-05T13:21:26Z</time>
      </trkpt>
      <trkpt lat="30.489325943477283" lon="104.02117944813945">
        <ele>493.6072822948918</ele>
        <time>2026-07-05T13:21:32Z</time>
      </trkpt>
      <trkpt lat="30.489345855375596" lon="104.02142377210117">
        <ele>495.30044928286225</ele>
        <time>2026-07-05T13:21:41Z</time>
      </trkpt>
      <trkpt lat="30.48937602979766" lon="104.02162972476259">
        <ele>494.3257076041773</ele>
        <time>2026-07-05T13:21:48Z</time>
      </trkpt>
      <trkpt lat="30.489348376646582" lon="104.02173944840673">
        <ele>492.8399045355618</ele>
        <time>2026-07-05T13:21:52Z</time>
      </trkpt>
      <trkpt lat="30.489387479487892" lon="104.02216576610743">
        <ele>492.1412511905655</ele>
        <time>2026-07-05T13:22:08Z</time>
      </trkpt>
      <trkpt lat="30.489408039707463" lon="104.0223961214356">
        <ele>491.653249735944</ele>
        <time>2026-07-05T13:22:16Z</time>
      </trkpt>
      <trkpt lat="30.489378509308974" lon="104.02250410341313">
        <ele>491.7298987554386</ele>
        <time>2026-07-05T13:22:20Z</time>
      </trkpt>
      <trkpt lat="30.489392182987743" lon="104.02258600222973">
        <ele>491.12580127827823</ele>
        <time>2026-07-05T13:22:24Z</time>
      </trkpt>
      <trkpt lat="30.48974228380911" lon="104.02266586035876">
        <ele>490.9756979411468</ele>
        <time>2026-07-05T13:22:36Z</time>
      </trkpt>
      <trkpt lat="30.489914568225068" lon="104.02276523322169">
        <ele>489.6496427273378</ele>
        <time>2026-07-05T13:22:44Z</time>
      </trkpt>
      <trkpt lat="30.48994985721146" lon="104.02280512418216">
        <ele>487.8766904352233</ele>
        <time>2026-07-05T13:22:47Z</time>
      </trkpt>
      <trkpt lat="30.49012070330211" lon="104.02282630272434">
        <ele>488.63610649015754</ele>
        <time>2026-07-05T13:22:53Z</time>
      </trkpt>
      <trkpt lat="30.49024899415869" lon="104.02277198014497">
        <ele>488.5300278197974</ele>
        <time>2026-07-05T13:22:59Z</time>
      </trkpt>
      <trkpt lat="30.490467198406066" lon="104.02279559819537">
        <ele>489.3017216026783</ele>
        <time>2026-07-05T13:23:08Z</time>
      </trkpt>
      <trkpt lat="30.490645983018556" lon="104.0228470221541">
        <ele>486.0989671526477</ele>
        <time>2026-07-05T13:23:17Z</time>
      </trkpt>
      <trkpt lat="30.49070350892001" lon="104.02277318603012">
        <ele>486.34931875858456</ele>
        <time>2026-07-05T13:23:20Z</time>
      </trkpt>
      <trkpt lat="30.490737939671206" lon="104.02259433622086">
        <ele>485.7396233715117</ele>
        <time>2026-07-05T13:23:26Z</time>
      </trkpt>
      <trkpt lat="30.490801083068085" lon="104.02243679831965">
        <ele>485.7778684934601</ele>
        <time>2026-07-05T13:23:32Z</time>
      </trkpt>
      <trkpt lat="30.49079767116695" lon="104.02210703812739">
        <ele>486.6738594947383</ele>
        <time>2026-07-05T13:23:44Z</time>
      </trkpt>
      <trkpt lat="30.4908245065011" lon="104.02180392216732">
        <ele>486.7020854540169</ele>
        <time>2026-07-05T13:23:55Z</time>
      </trkpt>
      <trkpt lat="30.490801893089188" lon="104.02155704512998">
        <ele>488.8458733940497</ele>
        <time>2026-07-05T13:24:03Z</time>
      </trkpt>
      <trkpt lat="30.490849450905696" lon="104.0214491074699">
        <ele>490.53968060482293</ele>
        <time>2026-07-05T13:24:07Z</time>
      </trkpt>
      <trkpt lat="30.490867131190818" lon="104.02136000858376">
        <ele>490.918264281936</ele>
        <time>2026-07-05T13:24:11Z</time>
      </trkpt>
      <trkpt lat="30.490836892984355" lon="104.02125141027724">
        <ele>490.64484876580536</ele>
        <time>2026-07-05T13:24:15Z</time>
      </trkpt>
      <trkpt lat="30.490820948886867" lon="104.02110368388925">
        <ele>490.650313555263</ele>
        <time>2026-07-05T13:24:19Z</time>
      </trkpt>
      <trkpt lat="30.490744028990807" lon="104.02104827865553">
        <ele>490.6351338820532</ele>
        <time>2026-07-05T13:24:23Z</time>
      </trkpt>
      <trkpt lat="30.49046857427755" lon="104.02099378061281">
        <ele>490.6232286840677</ele>
        <time>2026-07-05T13:24:35Z</time>
      </trkpt>
      <trkpt lat="30.49044886069953" lon="104.0209435076729">
        <ele>491.794954017736</ele>
        <time>2026-07-05T13:24:39Z</time>
      </trkpt>
      <trkpt lat="30.49022907731402" lon="104.02083701596833">
        <ele>493.3746607657522</ele>
        <time>2026-07-05T13:24:47Z</time>
      </trkpt>
      <trkpt lat="30.490119723161673" lon="104.02081390282015">
        <ele>493.3728685490787</ele>
        <time>2026-07-05T13:24:51Z</time>
      </trkpt>
      <trkpt lat="30.490011167882788" lon="104.02084253245611">
        <ele>492.21240057144314</ele>
        <time>2026-07-05T13:24:55Z</time>
      </trkpt>
      <trkpt lat="30.48982819687142" lon="104.02095748410056">
        <ele>493.38897148985416</ele>
        <time>2026-07-05T13:25:03Z</time>
      </trkpt>
      <trkpt lat="30.48963140310665" lon="104.02092912252257">
        <ele>493.46424867305905</ele>
        <time>2026-07-05T13:25:11Z</time>
      </trkpt>
      <trkpt lat="30.4895428797181" lon="104.0208954569697">
        <ele>492.1264072135091</ele>
        <time>2026-07-05T13:25:15Z</time>
      </trkpt>
      <trkpt lat="30.489454324081223" lon="104.02092780864108">
        <ele>492.2399191688746</ele>
        <time>2026-07-05T13:25:19Z</time>
      </trkpt>
      <trkpt lat="30.489377438169083" lon="104.02101689152278">
        <ele>493.91694823559374</ele>
        <time>2026-07-05T13:25:23Z</time>
      </trkpt>
      <trkpt lat="30.489351217100506" lon="104.02133096850905">
        <ele>494.15440562553704</ele>
        <time>2026-07-05T13:25:35Z</time>
      </trkpt>
      <trkpt lat="30.48935633275979" lon="104.02157206912662">
        <ele>494.01453657913953</ele>
        <time>2026-07-05T13:25:43Z</time>
      </trkpt>
      <trkpt lat="30.489319045217307" lon="104.02170064242564">
        <ele>493.31275461707264</ele>
        <time>2026-07-05T13:25:47Z</time>
      </trkpt>
      <trkpt lat="30.489363484035465" lon="104.0218936473569">
        <ele>494.3481943598017</ele>
        <time>2026-07-05T13:25:54Z</time>
      </trkpt>
      <trkpt lat="30.48940888117599" lon="104.02200727140152">
        <ele>495.0150735192001</ele>
        <time>2026-07-05T13:25:58Z</time>
      </trkpt>
      <trkpt lat="30.489415248832035" lon="104.02234992906716">
        <ele>492.375998320058</ele>
        <time>2026-07-05T13:26:10Z</time>
      </trkpt>
      <trkpt lat="30.48942220773959" lon="104.0224755324419">
        <ele>493.4231473179534</ele>
        <time>2026-07-05T13:26:14Z</time>
      </trkpt>
      <trkpt lat="30.489408397933005" lon="104.02257624154036">
        <ele>490.5475762281567</ele>
        <time>2026-07-05T13:26:18Z</time>
      </trkpt>
      <trkpt lat="30.489496832078512" lon="104.02262595288111">
        <ele>491.2992765363306</ele>
        <time>2026-07-05T13:26:22Z</time>
      </trkpt>
      <trkpt lat="30.48959883291108" lon="104.0226333076531">
        <ele>491.5061304336414</ele>
        <time>2026-07-05T13:26:26Z</time>
      </trkpt>
      <trkpt lat="30.489806900235664" lon="104.02269549022873">
        <ele>490.5777341686189</ele>
        <time>2026-07-05T13:26:34Z</time>
      </trkpt>
      <trkpt lat="30.489877779230177" lon="104.02273814401164">
        <ele>488.98272719513625</ele>
        <time>2026-07-05T13:26:38Z</time>
      </trkpt>
      <trkpt lat="30.48994390710062" lon="104.02281906471076">
        <ele>488.39769832696766</ele>
        <time>2026-07-05T13:26:42Z</time>
      </trkpt>
      <trkpt lat="30.490058523073632" lon="104.02285182866527">
        <ele>489.82162199914455</ele>
        <time>2026-07-05T13:26:46Z</time>
      </trkpt>
      <trkpt lat="30.490252060766462" lon="104.02277954697439">
        <ele>488.6963311769068</ele>
        <time>2026-07-05T13:26:54Z</time>
      </trkpt>
      <trkpt lat="30.490453815367697" lon="104.02278938345482">
        <ele>488.4873269945383</ele>
        <time>2026-07-05T13:27:02Z</time>
      </trkpt>
      <trkpt lat="30.49063701589555" lon="104.02285079483423">
        <ele>486.5321997702122</ele>
        <time>2026-07-05T13:27:10Z</time>
      </trkpt>
      <trkpt lat="30.49071426700338" lon="104.02279191185583">
        <ele>486.6461827782914</ele>
        <time>2026-07-05T13:27:14Z</time>
      </trkpt>
      <trkpt lat="30.490797140399305" lon="104.02245865245506">
        <ele>486.20367205888033</ele>
        <time>2026-07-05T13:27:26Z</time>
      </trkpt>
      <trkpt lat="30.49080495276455" lon="104.0223363622772">
        <ele>486.11783004458994</ele>
        <time>2026-07-05T13:27:30Z</time>
      </trkpt>
      <trkpt lat="30.490779716979368" lon="104.02224020362753">
        <ele>486.23774749878794</ele>
        <time>2026-07-05T13:27:34Z</time>
      </trkpt>
      <trkpt lat="30.490787551766545" lon="104.0220015891776">
        <ele>486.4950959160924</ele>
        <time>2026-07-05T13:27:42Z</time>
      </trkpt>
      <trkpt lat="30.49081237970784" lon="104.02179774047201">
        <ele>488.4471384640783</ele>
        <time>2026-07-05T13:27:50Z</time>
      </trkpt>
      <trkpt lat="30.49078871493451" lon="104.02170183021462">
        <ele>489.68733997363597</ele>
        <time>2026-07-05T13:27:54Z</time>
      </trkpt>
      <trkpt lat="30.490847824896747" lon="104.02136782612482">
        <ele>491.0713036842644</ele>
        <time>2026-07-05T13:28:06Z</time>
      </trkpt>
      <trkpt lat="30.490819411599542" lon="104.02123552464826">
        <ele>490.46641274075955</ele>
        <time>2026-07-05T13:28:10Z</time>
      </trkpt>
      <trkpt lat="30.490809325111613" lon="104.0211004752317">
        <ele>490.64004814997315</ele>
        <time>2026-07-05T13:28:14Z</time>
      </trkpt>
      <trkpt lat="30.49075009510486" lon="104.02103534735875">
        <ele>491.699389138259</ele>
        <time>2026-07-05T13:28:18Z</time>
      </trkpt>
      <trkpt lat="30.490666463138655" lon="104.02103781870899">
        <ele>491.62643045186996</ele>
        <time>2026-07-05T13:28:22Z</time>
      </trkpt>
      <trkpt lat="30.490578632246944" lon="104.02099674528577">
        <ele>490.2706599254161</ele>
        <time>2026-07-05T13:28:26Z</time>
      </trkpt>
      <trkpt lat="30.490498105807358" lon="104.02099540379987">
        <ele>490.0063016740605</ele>
        <time>2026-07-05T13:28:30Z</time>
      </trkpt>
      <trkpt lat="30.490401738521857" lon="104.02096941618007">
        <ele>489.9673855099827</ele>
        <time>2026-07-05T13:28:34Z</time>
      </trkpt>
      <trkpt lat="30.49033387359196" lon="104.02090361605379">
        <ele>490.9123314181343</ele>
        <time>2026-07-05T13:28:38Z</time>
      </trkpt>
      <trkpt lat="30.490140702643412" lon="104.0208215647766">
        <ele>491.82433537580073</ele>
        <time>2026-07-05T13:28:46Z</time>
      </trkpt>
      <trkpt lat="30.490038742197118" lon="104.02084997348129">
        <ele>492.6563920658082</ele>
        <time>2026-07-05T13:28:50Z</time>
      </trkpt>
      <trkpt lat="30.489969484943124" lon="104.02091328671968">
        <ele>491.30910239368677</ele>
        <time>2026-07-05T13:28:54Z</time>
      </trkpt>
      <trkpt lat="30.48992715089623" lon="104.02099179514708">
        <ele>493.0574196120724</ele>
        <time>2026-07-05T13:28:58Z</time>
      </trkpt>
      <trkpt lat="30.48978144852391" lon="104.02094204268083">
        <ele>493.13358508981764</ele>
        <time>2026-07-05T13:29:02Z</time>
      </trkpt>
      <trkpt lat="30.48955355863063" lon="104.02090416122543">
        <ele>491.32361245248467</ele>
        <time>2026-07-05T13:29:10Z</time>
      </trkpt>
      <trkpt lat="30.48944330075933" lon="104.02092243265685">
        <ele>492.2447448344901</ele>
        <time>2026-07-05T13:29:14Z</time>
      </trkpt>
      <trkpt lat="30.489339945988956" lon="104.02115087545964">
        <ele>493.49360448960215</ele>
        <time>2026-07-05T13:29:22Z</time>
      </trkpt>
      <trkpt lat="30.48935988403109" lon="104.02145738073436">
        <ele>493.4719847487286</ele>
        <time>2026-07-05T13:29:34Z</time>
      </trkpt>
      <trkpt lat="30.489337702246264" lon="104.02172127743036">
        <ele>492.5000865198672</ele>
        <time>2026-07-05T13:29:42Z</time>
      </trkpt>
      <trkpt lat="30.48938454121488" lon="104.02196701982841">
        <ele>493.1252985848114</ele>
        <time>2026-07-05T13:29:50Z</time>
      </trkpt>
      <trkpt lat="30.489385293636627" lon="104.02217771557629">
        <ele>491.91281626559794</ele>
        <time>2026-07-05T13:29:58Z</time>
      </trkpt>
      <trkpt lat="30.489417389621526" lon="104.02248735643295">
        <ele>492.9211541619152</ele>
        <time>2026-07-05T13:30:09Z</time>
      </trkpt>
      <trkpt lat="30.489403683316983" lon="104.02258517363904">
        <ele>491.61278727743775</ele>
        <time>2026-07-05T13:30:13Z</time>
      </trkpt>
      <trkpt lat="30.48959367538124" lon="104.02263628926818">
        <ele>491.4584866175428</ele>
        <time>2026-07-05T13:30:21Z</time>
      </trkpt>
      <trkpt lat="30.489670828356857" lon="104.02267789557386">
        <ele>490.2219742881134</ele>
        <time>2026-07-05T13:30:25Z</time>
      </trkpt>
      <trkpt lat="30.489732244241576" lon="104.02273622942604">
        <ele>488.24127228651196</ele>
        <time>2026-07-05T13:30:29Z</time>
      </trkpt>
      <trkpt lat="30.489850050271365" lon="104.02277623003879">
        <ele>488.41638802737</ele>
        <time>2026-07-05T13:30:33Z</time>
      </trkpt>
      <trkpt lat="30.48995067545056" lon="104.02284490582034">
        <ele>488.8468994759023</ele>
        <time>2026-07-05T13:30:37Z</time>
      </trkpt>
      <trkpt lat="30.49008586467523" lon="104.02286134192474">
        <ele>489.7613377152011</ele>
        <time>2026-07-05T13:30:41Z</time>
      </trkpt>
      <trkpt lat="30.490168838109206" lon="104.02279991749242">
        <ele>489.0502263866365</ele>
        <time>2026-07-05T13:30:45Z</time>
      </trkpt>
      <trkpt lat="30.49027255060602" lon="104.0227803011709">
        <ele>488.35203917417675</ele>
        <time>2026-07-05T13:30:49Z</time>
      </trkpt>
      <trkpt lat="30.490587354085275" lon="104.02283330585404">
        <ele>488.2757271612063</ele>
        <time>2026-07-05T13:31:01Z</time>
      </trkpt>
      <trkpt lat="30.490669468484384" lon="104.02283417347286">
        <ele>486.44801267795265</ele>
        <time>2026-07-05T13:31:05Z</time>
      </trkpt>
      <trkpt lat="30.49074691641255" lon="104.0227447128099">
        <ele>487.2762706130743</ele>
        <time>2026-07-05T13:31:09Z</time>
      </trkpt>
      <trkpt lat="30.490810999548636" lon="104.02240809468181">
        <ele>486.17095015384257</ele>
        <time>2026-07-05T13:31:21Z</time>
      </trkpt>
      <trkpt lat="30.490802252737247" lon="104.02205926224413">
        <ele>487.4052236424759</ele>
        <time>2026-07-05T13:31:33Z</time>
      </trkpt>
      <trkpt lat="30.49079969991349" lon="104.02174229349384">
        <ele>489.0267111258581</ele>
        <time>2026-07-05T13:31:45Z</time>
      </trkpt>
      <trkpt lat="30.490786130293188" lon="104.02161102042194">
        <ele>489.83115519210696</ele>
        <time>2026-07-05T13:31:49Z</time>
      </trkpt>
      <trkpt lat="30.49080597349465" lon="104.02139247810929">
        <ele>491.42307588551193</ele>
        <time>2026-07-05T13:31:57Z</time>
      </trkpt>
      <trkpt lat="30.490803195671457" lon="104.02113747458087">
        <ele>490.0963396737352</ele>
        <time>2026-07-05T13:32:05Z</time>
      </trkpt>
      <trkpt lat="30.490783756083886" lon="104.0210530590237">
        <ele>490.25968429166824</ele>
        <time>2026-07-05T13:32:09Z</time>
      </trkpt>
      <trkpt lat="30.49071863558595" lon="104.02105045720967">
        <ele>491.9379195878282</ele>
        <time>2026-07-05T13:32:12Z</time>
      </trkpt>
      <trkpt lat="30.490574044259898" lon="104.02100022696374">
        <ele>490.74675672408193</ele>
        <time>2026-07-05T13:32:18Z</time>
      </trkpt>
      <trkpt lat="30.490494182922944" lon="104.02100181716571">
        <ele>490.2594992239028</ele>
        <time>2026-07-05T13:32:21Z</time>
      </trkpt>
      <trkpt lat="30.4902662913356" lon="104.02084095716944">
        <ele>492.82338420767337</ele>
        <time>2026-07-05T13:32:32Z</time>
      </trkpt>
      <trkpt lat="30.49015295571488" lon="104.02083037040902">
        <ele>493.18861826881766</ele>
        <time>2026-07-05T13:32:36Z</time>
      </trkpt>
      <trkpt lat="30.4900517966012" lon="104.02084905344127">
        <ele>492.43853866960853</ele>
        <time>2026-07-05T13:32:40Z</time>
      </trkpt>
      <trkpt lat="30.489946510150222" lon="104.02089538730199">
        <ele>491.56340164039284</ele>
        <time>2026-07-05T13:32:44Z</time>
      </trkpt>
      <trkpt lat="30.489927718306834" lon="104.02097902853552">
        <ele>492.36191055644304</ele>
        <time>2026-07-05T13:32:48Z</time>
      </trkpt>
      <trkpt lat="30.489865871149306" lon="104.02100606926554">
        <ele>493.1511213965714</ele>
        <time>2026-07-05T13:32:52Z</time>
      </trkpt>
      <trkpt lat="30.489611886074968" lon="104.02091176343555">
        <ele>492.8822107296437</ele>
        <time>2026-07-05T13:33:00Z</time>
      </trkpt>
      <trkpt lat="30.489491089538273" lon="104.02091520923129">
        <ele>493.1377636631951</ele>
        <time>2026-07-05T13:33:04Z</time>
      </trkpt>
      <trkpt lat="30.489389429335183" lon="104.020990277004">
        <ele>492.32563207577914</ele>
        <time>2026-07-05T13:33:08Z</time>
      </trkpt>
      <trkpt lat="30.48934825869438" lon="104.02110175845627">
        <ele>493.64367506839335</ele>
        <time>2026-07-05T13:33:12Z</time>
      </trkpt>
      <trkpt lat="30.489328556845035" lon="104.02121414421332">
        <ele>494.3418383030221</ele>
        <time>2026-07-05T13:33:16Z</time>
      </trkpt>
      <trkpt lat="30.48936223955856" lon="104.02144472807585">
        <ele>493.79151947051287</ele>
        <time>2026-07-05T13:33:24Z</time>
      </trkpt>
      <trkpt lat="30.489327108049437" lon="104.02171132124022">
        <ele>492.28898362256587</ele>
        <time>2026-07-05T13:33:32Z</time>
      </trkpt>
      <trkpt lat="30.48933087441957" lon="104.02183273276532">
        <ele>491.8741737268865</ele>
        <time>2026-07-05T13:33:36Z</time>
      </trkpt>
      <trkpt lat="30.489411452070637" lon="104.02206382004957">
        <ele>492.26153536420316</ele>
        <time>2026-07-05T13:33:44Z</time>
      </trkpt>
      <trkpt lat="30.489402268773574" lon="104.02229652932768">
        <ele>492.64790262375027</ele>
        <time>2026-07-05T13:33:52Z</time>
      </trkpt>
      <trkpt lat="30.48942545237157" lon="104.02240396957288">
        <ele>493.6880875378847</ele>
        <time>2026-07-05T13:33:56Z</time>
      </trkpt>
      <trkpt lat="30.489411818072202" lon="104.02260275924043">
        <ele>492.08572866301984</ele>
        <time>2026-07-05T13:34:04Z</time>
      </trkpt>
      <trkpt lat="30.489697929348683" lon="104.02268198133024">
        <ele>491.29658320825547</ele>
        <time>2026-07-05T13:34:15Z</time>
      </trkpt>
      <trkpt lat="30.489851919458342" lon="104.02273076067945">
        <ele>488.2328670574352</ele>
        <time>2026-07-05T13:34:22Z</time>
      </trkpt>
      <trkpt lat="30.489988155762" lon="104.02286156944454">
        <ele>489.66685248725116</ele>
        <time>2026-07-05T13:34:28Z</time>
      </trkpt>
      <trkpt lat="30.490071591682717" lon="104.02287817285315">
        <ele>489.58038435690105</ele>
        <time>2026-07-05T13:34:31Z</time>
      </trkpt>
      <trkpt lat="30.490201049280255" lon="104.02279055785759">
        <ele>487.6560052987188</ele>
        <time>2026-07-05T13:34:37Z</time>
      </trkpt>
      <trkpt lat="30.490271689666134" lon="104.02277564997674">
        <ele>487.777431874536</ele>
        <time>2026-07-05T13:34:40Z</time>
      </trkpt>
      <trkpt lat="30.490602160068875" lon="104.02284639683829">
        <ele>487.79601827356964</ele>
        <time>2026-07-05T13:34:52Z</time>
      </trkpt>
      <trkpt lat="30.49066783227488" lon="104.02284807457221">
        <ele>487.06552846729755</ele>
        <time>2026-07-05T13:34:56Z</time>
      </trkpt>
      <trkpt lat="30.49072501650227" lon="104.02273147951753">
        <ele>487.7992564179003</ele>
        <time>2026-07-05T13:35:00Z</time>
      </trkpt>
      <trkpt lat="30.490788711288687" lon="104.0225022555058">
        <ele>486.71334889438003</ele>
        <time>2026-07-05T13:35:08Z</time>
      </trkpt>
      <trkpt lat="30.490778794279066" lon="104.02217684725115">
        <ele>487.97606488410383</ele>
        <time>2026-07-05T13:35:20Z</time>
      </trkpt>
      <trkpt lat="30.490801606923018" lon="104.02204635198282">
        <ele>486.65002469252795</ele>
        <time>2026-07-05T13:35:24Z</time>
      </trkpt>
      <trkpt lat="30.490789641997516" lon="104.0219446197884">
        <ele>487.2535655843094</ele>
        <time>2026-07-05T13:35:28Z</time>
      </trkpt>
      <trkpt lat="30.490800016954285" lon="104.02182047231825">
        <ele>487.8751361789182</ele>
        <time>2026-07-05T13:35:32Z</time>
      </trkpt>
      <trkpt lat="30.490772321223247" lon="104.02169325868795">
        <ele>489.42330397758633</ele>
        <time>2026-07-05T13:35:36Z</time>
      </trkpt>
      <trkpt lat="30.490804300097004" lon="104.02145166358288">
        <ele>489.5655776364729</ele>
        <time>2026-07-05T13:35:44Z</time>
      </trkpt>
      <trkpt lat="30.49080777601395" lon="104.02108428993182">
        <ele>490.46008246950805</ele>
        <time>2026-07-05T13:35:56Z</time>
      </trkpt>
      <trkpt lat="30.49073093558611" lon="104.02104923759629">
        <ele>491.4427999211475</ele>
        <time>2026-07-05T13:36:00Z</time>
      </trkpt>
      <trkpt lat="30.490653237600156" lon="104.0210529798262">
        <ele>492.1131440056488</ele>
        <time>2026-07-05T13:36:04Z</time>
      </trkpt>
      <trkpt lat="30.490536902465156" lon="104.02102434953737">
        <ele>491.0408489042893</ele>
        <time>2026-07-05T13:36:08Z</time>
      </trkpt>
      <trkpt lat="30.49045797886913" lon="104.02098665750437">
        <ele>489.66038037650287</ele>
        <time>2026-07-05T13:36:12Z</time>
      </trkpt>
      <trkpt lat="30.490301363462656" lon="104.02085999762703">
        <ele>492.22424314077944</ele>
        <time>2026-07-05T13:36:20Z</time>
      </trkpt>
      <trkpt lat="30.490184631704807" lon="104.02083754909978">
        <ele>494.60221114754677</ele>
        <time>2026-07-05T13:36:24Z</time>
      </trkpt>
      <trkpt lat="30.49002495659201" lon="104.02085970686709">
        <ele>493.7613587640226</ele>
        <time>2026-07-05T13:36:30Z</time>
      </trkpt>
      <trkpt lat="30.489949390316056" lon="104.02089452171992">
        <ele>491.8463041195646</ele>
        <time>2026-07-05T13:36:33Z</time>
      </trkpt>
      <trkpt lat="30.489950728638938" lon="104.0209645500745">
        <ele>492.7824516557157</ele>
        <time>2026-07-05T13:36:36Z</time>
      </trkpt>
      <trkpt lat="30.48988991104281" lon="104.02098632014993">
        <ele>493.38008039444685</ele>
        <time>2026-07-05T13:36:39Z</time>
      </trkpt>
      <trkpt lat="30.489704718898764" lon="104.02095299040074">
        <ele>492.348221860826</ele>
        <time>2026-07-05T13:36:45Z</time>
      </trkpt>
      <trkpt lat="30.489551795101487" lon="104.02089631033846">
        <ele>490.99136071279645</ele>
        <time>2026-07-05T13:36:51Z</time>
      </trkpt>
      <trkpt lat="30.489457616467206" lon="104.02092715368823">
        <ele>492.18841408286244</ele>
        <time>2026-07-05T13:36:54Z</time>
      </trkpt>
      <trkpt lat="30.48932744507702" lon="104.02106931677059">
        <ele>492.68292701244354</ele>
        <time>2026-07-05T13:37:00Z</time>
      </trkpt>
      <trkpt lat="30.489306000631" lon="104.02116289851318">
        <ele>492.8988867420703</ele>
        <time>2026-07-05T13:37:03Z</time>
      </trkpt>
      <trkpt lat="30.489305125151045" lon="104.02124939933586">
        <ele>492.0796056743711</ele>
        <time>2026-07-05T13:37:06Z</time>
      </trkpt>
      <trkpt lat="30.489353645543442" lon="104.02142828599912">
        <ele>493.57939103245735</ele>
        <time>2026-07-05T13:37:12Z</time>
      </trkpt>
      <trkpt lat="30.48931925388853" lon="104.02167046736955">
        <ele>492.35718007571995</ele>
        <time>2026-07-05T13:37:20Z</time>
      </trkpt>
      <trkpt lat="30.489337767440727" lon="104.0218220098926">
        <ele>491.65833692252636</ele>
        <time>2026-07-05T13:37:24Z</time>
      </trkpt>
      <trkpt lat="30.489410362448933" lon="104.02205871279">
        <ele>492.0852812053636</ele>
        <time>2026-07-05T13:37:32Z</time>
      </trkpt>
      <trkpt lat="30.48941374633392" lon="104.02241773559666">
        <ele>492.2514684908092</ele>
        <time>2026-07-05T13:37:44Z</time>
      </trkpt>
      <trkpt lat="30.489395339596875" lon="104.02261349692503">
        <ele>490.4385335603729</ele>
        <time>2026-07-05T13:37:52Z</time>
      </trkpt>
      <trkpt lat="30.48974014626651" lon="104.02271185763242">
        <ele>490.74874207843095</ele>
        <time>2026-07-05T13:38:04Z</time>
      </trkpt>
      <trkpt lat="30.48984702465716" lon="104.02274670358041">
        <ele>490.2476919637993</ele>
        <time>2026-07-05T13:38:08Z</time>
      </trkpt>
      <trkpt lat="30.490016966637825" lon="104.02289380262305">
        <ele>488.6941454820335</ele>
        <time>2026-07-05T13:38:16Z</time>
      </trkpt>
      <trkpt lat="30.490120670401712" lon="104.02287590296986">
        <ele>488.63513659406453</ele>
        <time>2026-07-05T13:38:20Z</time>
      </trkpt>
      <trkpt lat="30.49021034065811" lon="104.02280435033515">
        <ele>487.5403049439192</ele>
        <time>2026-07-05T13:38:24Z</time>
      </trkpt>
      <trkpt lat="30.49029084796477" lon="104.022785385932">
        <ele>488.0150759406388</ele>
        <time>2026-07-05T13:38:28Z</time>
      </trkpt>
      <trkpt lat="30.490615866488458" lon="104.02285898195983">
        <ele>487.529629281722</ele>
        <time>2026-07-05T13:38:40Z</time>
      </trkpt>
      <trkpt lat="30.490677707495262" lon="104.02285426816015">
        <ele>486.73608279041946</ele>
        <time>2026-07-05T13:38:43Z</time>
      </trkpt>
      <trkpt lat="30.49072494762108" lon="104.02277315512661">
        <ele>487.1048952760175</ele>
        <time>2026-07-05T13:38:46Z</time>
      </trkpt>
      <trkpt lat="30.49073250124721" lon="104.0226756210676">
        <ele>487.15845402888954</ele>
        <time>2026-07-05T13:38:49Z</time>
      </trkpt>
      <trkpt lat="30.490772591692494" lon="104.02252007081864">
        <ele>486.7207165816799</ele>
        <time>2026-07-05T13:38:55Z</time>
      </trkpt>
      <trkpt lat="30.490764900278087" lon="104.02217324020724">
        <ele>487.4118095645681</ele>
        <time>2026-07-05T13:39:07Z</time>
      </trkpt>
      <trkpt lat="30.49078834558589" lon="104.02206527126673">
        <ele>486.8693161876872</ele>
        <time>2026-07-05T13:39:10Z</time>
      </trkpt>
      <trkpt lat="30.490773288449425" lon="104.02187968504589">
        <ele>488.964616981335</ele>
        <time>2026-07-05T13:39:16Z</time>
      </trkpt>
      <trkpt lat="30.49079402230119" lon="104.02180416378876">
        <ele>488.78605742380023</ele>
        <time>2026-07-05T13:39:19Z</time>
      </trkpt>
      <trkpt lat="30.490779963201152" lon="104.02143497013596">
        <ele>489.05690577905625</ele>
        <time>2026-07-05T13:39:31Z</time>
      </trkpt>
      <trkpt lat="30.49081784996098" lon="104.02112092223093">
        <ele>489.7944309255108</ele>
        <time>2026-07-05T13:39:41Z</time>
      </trkpt>
      <trkpt lat="30.49078058336738" lon="104.02105703136165">
        <ele>491.8504885714501</ele>
        <time>2026-07-05T13:39:45Z</time>
      </trkpt>
      <trkpt lat="30.490688050590247" lon="104.02107022805747">
        <ele>493.00062145572156</ele>
        <time>2026-07-05T13:39:49Z</time>
      </trkpt>
      <trkpt lat="30.490464443164054" lon="104.02099401708236">
        <ele>490.5512357223779</ele>
        <time>2026-07-05T13:39:57Z</time>
      </trkpt>
      <trkpt lat="30.49039716207583" lon="104.02093137228678">
        <ele>490.3266235040501</ele>
        <time>2026-07-05T13:40:01Z</time>
      </trkpt>
      <trkpt lat="30.49029901074191" lon="104.02087895086382">
        <ele>491.6024370677769</ele>
        <time>2026-07-05T13:40:05Z</time>
      </trkpt>
      <trkpt lat="30.490157411430328" lon="104.02083701173892">
        <ele>492.5796211473644</ele>
        <time>2026-07-05T13:40:09Z</time>
      </trkpt>
      <trkpt lat="30.490041576157004" lon="104.02084522367423">
        <ele>492.61373867001384</ele>
        <time>2026-07-05T13:40:13Z</time>
      </trkpt>
      <trkpt lat="30.489959342370167" lon="104.02090471030084">
        <ele>492.4142392408103</ele>
        <time>2026-07-05T13:40:17Z</time>
      </trkpt>
      <trkpt lat="30.48991093371308" lon="104.02096885792851">
        <ele>492.49530261196196</ele>
        <time>2026-07-05T13:40:21Z</time>
      </trkpt>
      <trkpt lat="30.489795851894467" lon="104.02098105066496">
        <ele>492.67432174179703</ele>
        <time>2026-07-05T13:40:25Z</time>
      </trkpt>
      <trkpt lat="30.4895480992892" lon="104.02092420676702">
        <ele>491.3845458077267</ele>
        <time>2026-07-05T13:40:33Z</time>
      </trkpt>
      <trkpt lat="30.489473981159364" lon="104.02093211725125">
        <ele>492.00184538122267</ele>
        <time>2026-07-05T13:40:36Z</time>
      </trkpt>
      <trkpt lat="30.48942261112444" lon="104.02097783696074">
        <ele>492.91639280319214</ele>
        <time>2026-07-05T13:40:39Z</time>
      </trkpt>
      <trkpt lat="30.489324788217882" lon="104.02114913429907">
        <ele>492.94815920013934</ele>
        <time>2026-07-05T13:40:45Z</time>
      </trkpt>
      <trkpt lat="30.489329710530132" lon="104.02139845390616">
        <ele>494.2690044539049</ele>
        <time>2026-07-05T13:40:54Z</time>
      </trkpt>
      <trkpt lat="30.489310406559948" lon="104.02148008055654">
        <ele>495.22681035101414</ele>
        <time>2026-07-05T13:40:57Z</time>
      </trkpt>
      <trkpt lat="30.48930279149467" lon="104.02176994023803">
        <ele>491.67630028910935</ele>
        <time>2026-07-05T13:41:06Z</time>
      </trkpt>
      <trkpt lat="30.489318111901895" lon="104.02187057207826">
        <ele>492.1252138465643</ele>
        <time>2026-07-05T13:41:09Z</time>
      </trkpt>
      <trkpt lat="30.48939345971076" lon="104.02206449740963">
        <ele>492.0512313200161</ele>
        <time>2026-07-05T13:41:16Z</time>
      </trkpt>
      <trkpt lat="30.489393080861422" lon="104.02233860569547">
        <ele>492.44978743512183</ele>
        <time>2026-07-05T13:41:25Z</time>
      </trkpt>
      <trkpt lat="30.48941133789747" lon="104.02246191922688">
        <ele>493.79042262770236</ele>
        <time>2026-07-05T13:41:29Z</time>
      </trkpt>
      <trkpt lat="30.489408660976096" lon="104.02261096581276">
        <ele>492.3588630454615</ele>
        <time>2026-07-05T13:41:35Z</time>
      </trkpt>
      <trkpt lat="30.48972260806389" lon="104.02270723362773">
        <ele>492.1106012444943</ele>
        <time>2026-07-05T13:41:46Z</time>
      </trkpt>
      <trkpt lat="30.489885748367506" lon="104.0227878840736">
        <ele>489.09964779764414</ele>
        <time>2026-07-05T13:41:53Z</time>
      </trkpt>
      <trkpt lat="30.489963891234037" lon="104.02288179683366">
        <ele>488.86505938041955</ele>
        <time>2026-07-05T13:41:57Z</time>
      </trkpt>
      <trkpt lat="30.490035792872494" lon="104.02290643855933">
        <ele>489.11050803679973</ele>
        <time>2026-07-05T13:42:00Z</time>
      </trkpt>
      <trkpt lat="30.49014857874924" lon="104.02285565291834">
        <ele>488.5902727525681</ele>
        <time>2026-07-05T13:42:04Z</time>
      </trkpt>
      <trkpt lat="30.490223107793305" lon="104.02278516340242">
        <ele>488.7450181953609</ele>
        <time>2026-07-05T13:42:08Z</time>
      </trkpt>
      <trkpt lat="30.49032128271021" lon="104.02278900230593">
        <ele>488.9125977177173</ele>
        <time>2026-07-05T13:42:12Z</time>
      </trkpt>
      <trkpt lat="30.490548533577467" lon="104.02286227898729">
        <ele>488.0795973679051</ele>
        <time>2026-07-05T13:42:20Z</time>
      </trkpt>
      <trkpt lat="30.490649859211317" lon="104.0228773686599">
        <ele>487.24948325380683</ele>
        <time>2026-07-05T13:42:24Z</time>
      </trkpt>
      <trkpt lat="30.490696579144334" lon="104.0228248187376">
        <ele>486.5641175787896</ele>
        <time>2026-07-05T13:42:27Z</time>
      </trkpt>
      <trkpt lat="30.490735595407806" lon="104.02273466685087">
        <ele>487.0637404350564</ele>
        <time>2026-07-05T13:42:30Z</time>
      </trkpt>
      <trkpt lat="30.490801018106414" lon="104.02242228242841">
        <ele>485.6473908871412</ele>
        <time>2026-07-05T13:42:41Z</time>
      </trkpt>
      <trkpt lat="30.490788024102297" lon="104.02200065246267">
        <ele>488.446636098437</ele>
        <time>2026-07-05T13:42:55Z</time>
      </trkpt>
      <trkpt lat="30.49078876806721" lon="104.02164239088472">
        <ele>488.79759519547224</ele>
        <time>2026-07-05T13:43:07Z</time>
      </trkpt>
      <trkpt lat="30.49079608109233" lon="104.02126591424249">
        <ele>489.4298170283437</ele>
        <time>2026-07-05T13:43:19Z</time>
      </trkpt>
      <trkpt lat="30.490797476320832" lon="104.02114833201054">
        <ele>488.7001542793587</ele>
        <time>2026-07-05T13:43:23Z</time>
      </trkpt>
      <trkpt lat="30.490778907139887" lon="104.02106322798416">
        <ele>489.08964828867465</ele>
        <time>2026-07-05T13:43:27Z</time>
      </trkpt>
      <trkpt lat="30.49049149932485" lon="104.02100732687107">
        <ele>489.00051981490105</ele>
        <time>2026-07-05T13:43:39Z</time>
      </trkpt>
      <trkpt lat="30.49030393368103" lon="104.02088917336016">
        <ele>491.5100021036342</ele>
        <time>2026-07-05T13:43:47Z</time>
      </trkpt>
      <trkpt lat="30.490183520774362" lon="104.02083866930292">
        <ele>491.9467117488384</ele>
        <time>2026-07-05T13:43:51Z</time>
      </trkpt>
      <trkpt lat="30.490091011588937" lon="104.02084492114513">
        <ele>493.07822361495346</ele>
        <time>2026-07-05T13:43:55Z</time>
      </trkpt>
      <trkpt lat="30.489803419901467" lon="104.0209736406906">
        <ele>492.5166381560266</ele>
        <time>2026-07-05T13:44:07Z</time>
      </trkpt>
      <trkpt lat="30.48951242335945" lon="104.02094511056214">
        <ele>492.02571955975145</ele>
        <time>2026-07-05T13:44:18Z</time>
      </trkpt>
      <trkpt lat="30.489420709659363" lon="104.0210031227853">
        <ele>492.40329092368484</ele>
        <time>2026-07-05T13:44:22Z</time>
      </trkpt>
      <trkpt lat="30.48937227224505" lon="104.02109431113001">
        <ele>492.1935992287472</ele>
        <time>2026-07-05T13:44:26Z</time>
      </trkpt>
      <trkpt lat="30.48930679632577" lon="104.02134233925192">
        <ele>492.731661260128</ele>
        <time>2026-07-05T13:44:34Z</time>
      </trkpt>
      <trkpt lat="30.489319135315228" lon="104.02144305417748">
        <ele>494.3135397862643</ele>
        <time>2026-07-05T13:44:38Z</time>
      </trkpt>
      <trkpt lat="30.48929422035392" lon="104.02172633724012">
        <ele>492.113747227937</ele>
        <time>2026-07-05T13:44:48Z</time>
      </trkpt>
      <trkpt lat="30.489326214269607" lon="104.02186983166328">
        <ele>492.14761278778315</ele>
        <time>2026-07-05T13:44:52Z</time>
      </trkpt>
      <trkpt lat="30.489376794118726" lon="104.02198037862203">
        <ele>491.4641900844872</ele>
        <time>2026-07-05T13:44:56Z</time>
      </trkpt>
      <trkpt lat="30.489381151142844" lon="104.02210492947944">
        <ele>491.5460917344317</ele>
        <time>2026-07-05T13:45:00Z</time>
      </trkpt>
      <trkpt lat="30.48935095118048" lon="104.02223109343188">
        <ele>490.80017498414963</ele>
        <time>2026-07-05T13:45:04Z</time>
      </trkpt>
      <trkpt lat="30.489401835124877" lon="104.0224442767628">
        <ele>492.53735686372966</ele>
        <time>2026-07-05T13:45:12Z</time>
      </trkpt>
      <trkpt lat="30.48938545611926" lon="104.022561225787">
        <ele>492.0761176785454</ele>
        <time>2026-07-05T13:45:16Z</time>
      </trkpt>
      <trkpt lat="30.48942057270303" lon="104.02264099209381">
        <ele>491.13002202287316</ele>
        <time>2026-07-05T13:45:20Z</time>
      </trkpt>
      <trkpt lat="30.489763558269043" lon="104.02272486871271">
        <ele>490.08743150439113</ele>
        <time>2026-07-05T13:45:32Z</time>
      </trkpt>
      <trkpt lat="30.489839649041887" lon="104.02276492506611">
        <ele>490.64465195219964</ele>
        <time>2026-07-05T13:45:36Z</time>
      </trkpt>
      <trkpt lat="30.490009083715933" lon="104.02289721998973">
        <ele>489.17872069031</ele>
        <time>2026-07-05T13:45:44Z</time>
      </trkpt>
      <trkpt lat="30.490107124592974" lon="104.02287347361826">
        <ele>489.3548316163942</ele>
        <time>2026-07-05T13:45:48Z</time>
      </trkpt>
      <trkpt lat="30.49019585296201" lon="104.02280436065271">
        <ele>488.0724832378328</ele>
        <time>2026-07-05T13:45:52Z</time>
      </trkpt>
      <trkpt lat="30.490289394753855" lon="104.02279506639229">
        <ele>488.47124659083784</ele>
        <time>2026-07-05T13:45:56Z</time>
      </trkpt>
      <trkpt lat="30.490629441629242" lon="104.02289109518495">
        <ele>487.3860069103539</ele>
        <time>2026-07-05T13:46:08Z</time>
      </trkpt>
      <trkpt lat="30.490697366776534" lon="104.02284707021398">
        <ele>487.683220943436</ele>
        <time>2026-07-05T13:46:12Z</time>
      </trkpt>
      <trkpt lat="30.490767748963684" lon="104.02259614198981">
        <ele>486.14045554213226</ele>
        <time>2026-07-05T13:46:20Z</time>
      </trkpt>
      <trkpt lat="30.49078035820022" lon="104.02222725511722">
        <ele>486.7562371920794</ele>
        <time>2026-07-05T13:46:32Z</time>
      </trkpt>
      <trkpt lat="30.490793166838206" lon="104.02211109593829">
        <ele>486.65782395377755</ele>
        <time>2026-07-05T13:46:36Z</time>
      </trkpt>
      <trkpt lat="30.49077614280278" lon="104.02198657231916">
        <ele>486.23813590221107</ele>
        <time>2026-07-05T13:46:40Z</time>
      </trkpt>
      <trkpt lat="30.490787860375214" lon="104.02166216480312">
        <ele>486.94334257859737</ele>
        <time>2026-07-05T13:46:51Z</time>
      </trkpt>
      <trkpt lat="30.490828954992462" lon="104.02131633379425">
        <ele>488.6463099308312</ele>
        <time>2026-07-05T13:47:03Z</time>
      </trkpt>
      <trkpt lat="30.49082336251382" lon="104.02118778086584">
        <ele>488.7163400547579</ele>
        <time>2026-07-05T13:47:07Z</time>
      </trkpt>
      <trkpt lat="30.490799701269523" lon="104.02108715268386">
        <ele>488.7803884157911</ele>
        <time>2026-07-05T13:47:11Z</time>
      </trkpt>
      <trkpt lat="30.49061446400462" lon="104.02106659753312">
        <ele>491.3026156555861</ele>
        <time>2026-07-05T13:47:19Z</time>
      </trkpt>
      <trkpt lat="30.490526075666825" lon="104.02103451716785">
        <ele>490.54046337492764</ele>
        <time>2026-07-05T13:47:23Z</time>
      </trkpt>
      <trkpt lat="30.490418158917752" lon="104.02102564897656">
        <ele>491.15532730985433</ele>
        <time>2026-07-05T13:47:27Z</time>
      </trkpt>
      <trkpt lat="30.490244552949676" lon="104.02087970685979">
        <ele>491.90117386262864</ele>
        <time>2026-07-05T13:47:35Z</time>
      </trkpt>
      <trkpt lat="30.490143421783774" lon="104.0208549274822">
        <ele>492.0602250415832</ele>
        <time>2026-07-05T13:47:39Z</time>
      </trkpt>
      <trkpt lat="30.490023147626104" lon="104.02086078089171">
        <ele>493.1196188600734</ele>
        <time>2026-07-05T13:47:43Z</time>
      </trkpt>
      <trkpt lat="30.489921919418048" lon="104.02092031716064">
        <ele>491.2854187404737</ele>
        <time>2026-07-05T13:47:47Z</time>
      </trkpt>
      <trkpt lat="30.48974361831664" lon="104.02098330855867">
        <ele>491.6444841623306</ele>
        <time>2026-07-05T13:47:55Z</time>
      </trkpt>
      <trkpt lat="30.48943616631502" lon="104.020960176781">
        <ele>492.6145880352706</ele>
        <time>2026-07-05T13:48:07Z</time>
      </trkpt>
      <trkpt lat="30.489408894536957" lon="104.02108350482078">
        <ele>491.85420450475067</ele>
        <time>2026-07-05T13:48:11Z</time>
      </trkpt>
      <trkpt lat="30.48932745639315" lon="104.02130985198107">
        <ele>493.6837693788111</ele>
        <time>2026-07-05T13:48:19Z</time>
      </trkpt>
      <trkpt lat="30.489310301213248" lon="104.02163669639884">
        <ele>491.6343398867175</ele>
        <time>2026-07-05T13:48:31Z</time>
      </trkpt>
      <trkpt lat="30.48933324537303" lon="104.02184738032791">
        <ele>491.95335259474814</ele>
        <time>2026-07-05T13:48:39Z</time>
      </trkpt>
      <trkpt lat="30.489391226228456" lon="104.02203870911097">
        <ele>490.5276483632624</ele>
        <time>2026-07-05T13:48:47Z</time>
      </trkpt>
      <trkpt lat="30.489379361760754" lon="104.02238811458919">
        <ele>490.3781908918172</ele>
        <time>2026-07-05T13:48:59Z</time>
      </trkpt>
      <trkpt lat="30.48938614840182" lon="104.0226218310985">
        <ele>490.207924855873</ele>
        <time>2026-07-05T13:49:07Z</time>
      </trkpt>
      <trkpt lat="30.489443898618322" lon="104.02263108199341">
        <ele>491.7551948847249</ele>
        <time>2026-07-05T13:49:11Z</time>
      </trkpt>
      <trkpt lat="30.489481735676105" lon="104.02266241638222">
        <ele>492.8816516334191</ele>
        <time>2026-07-05T13:49:14Z</time>
      </trkpt>
      <trkpt lat="30.489822637760263" lon="104.02279443624242">
        <ele>489.2266617799178</ele>
        <time>2026-07-05T13:49:24Z</time>
      </trkpt>
      <trkpt lat="30.489913332560583" lon="104.02286853059853">
        <ele>489.4966810569167</ele>
        <time>2026-07-05T13:49:28Z</time>
      </trkpt>
      <trkpt lat="30.490014935548505" lon="104.02292204441244">
        <ele>489.9570043887943</ele>
        <time>2026-07-05T13:49:32Z</time>
      </trkpt>
      <trkpt lat="30.490203882342726" lon="104.02281103013472">
        <ele>487.79834312107414</ele>
        <time>2026-07-05T13:49:40Z</time>
      </trkpt>
      <trkpt lat="30.490412001638813" lon="104.02281348289522">
        <ele>486.33715671207756</ele>
        <time>2026-07-05T13:49:48Z</time>
      </trkpt>
      <trkpt lat="30.490637783462315" lon="104.0228827902998">
        <ele>486.5915794428438</ele>
        <time>2026-07-05T13:49:56Z</time>
      </trkpt>
      <trkpt lat="30.490720211162028" lon="104.0227937199512">
        <ele>486.9427808318287</ele>
        <time>2026-07-05T13:50:00Z</time>
      </trkpt>
      <trkpt lat="30.490781823680965" lon="104.02253878758944">
        <ele>485.5445724306628</ele>
        <time>2026-07-05T13:50:08Z</time>
      </trkpt>
      <trkpt lat="30.4907746896308" lon="104.02218476621688">
        <ele>486.70590225514024</ele>
        <time>2026-07-05T13:50:20Z</time>
      </trkpt>
      <trkpt lat="30.490814885067557" lon="104.02194904317402">
        <ele>485.8711475804448</ele>
        <time>2026-07-05T13:50:28Z</time>
      </trkpt>
      <trkpt lat="30.490787877749447" lon="104.02171456579279">
        <ele>486.6939711086452</ele>
        <time>2026-07-05T13:50:36Z</time>
      </trkpt>
      <trkpt lat="30.49078885639004" lon="104.0215903075063">
        <ele>487.7046714182943</ele>
        <time>2026-07-05T13:50:40Z</time>
      </trkpt>
      <trkpt lat="30.49081035179215" lon="104.02146943286095">
        <ele>488.14676990546286</ele>
        <time>2026-07-05T13:50:44Z</time>
      </trkpt>
      <trkpt lat="30.490790566091214" lon="104.02124014792166">
        <ele>488.8920096512884</ele>
        <time>2026-07-05T13:50:52Z</time>
      </trkpt>
      <trkpt lat="30.490806934967047" lon="104.02112468674909">
        <ele>489.34455870464444</ele>
        <time>2026-07-05T13:50:56Z</time>
      </trkpt>
      <trkpt lat="30.49075792907281" lon="104.02106390480334">
        <ele>489.843190186657</ele>
        <time>2026-07-05T13:51:00Z</time>
      </trkpt>
      <trkpt lat="30.490616906024233" lon="104.02108824526586">
        <ele>490.33628155849874</ele>
        <time>2026-07-05T13:51:07Z</time>
      </trkpt>
      <trkpt lat="30.490570924616133" lon="104.02102377654307">
        <ele>490.7525762990117</ele>
        <time>2026-07-05T13:51:10Z</time>
      </trkpt>
      <trkpt lat="30.49042544713747" lon="104.02097856415702">
        <ele>490.68980583176017</ele>
        <time>2026-07-05T13:51:16Z</time>
      </trkpt>
      <trkpt lat="30.490271206486245" lon="104.02087626399792">
        <ele>492.76903994288296</ele>
        <time>2026-07-05T13:51:22Z</time>
      </trkpt>
      <trkpt lat="30.4901828176671" lon="104.02084787670195">
        <ele>492.6735820621252</ele>
        <time>2026-07-05T13:51:25Z</time>
      </trkpt>
      <trkpt lat="30.490022370971836" lon="104.02087336255747">
        <ele>493.0517104258761</ele>
        <time>2026-07-05T13:51:31Z</time>
      </trkpt>
      <trkpt lat="30.489939354076412" lon="104.02090768371251">
        <ele>493.7584584224969</ele>
        <time>2026-07-05T13:51:34Z</time>
      </trkpt>
      <trkpt lat="30.489875222811516" lon="104.02097318002838">
        <ele>493.08169561624527</ele>
        <time>2026-07-05T13:51:37Z</time>
      </trkpt>
      <trkpt lat="30.489717588628224" lon="104.02097928906441">
        <ele>492.25656639412045</ele>
        <time>2026-07-05T13:51:43Z</time>
      </trkpt>
      <trkpt lat="30.489552515887116" lon="104.02091819169121">
        <ele>492.5180824128911</ele>
        <time>2026-07-05T13:51:49Z</time>
      </trkpt>
      <trkpt lat="30.489480627661596" lon="104.0209169477303">
        <ele>493.23587524238974</ele>
        <time>2026-07-05T13:51:52Z</time>
      </trkpt>
      <trkpt lat="30.489381200793968" lon="104.02097897417329">
        <ele>493.9344272147864</ele>
        <time>2026-07-05T13:51:56Z</time>
      </trkpt>
      <trkpt lat="30.489340699356188" lon="104.02106225826788">
        <ele>493.89686490409076</ele>
        <time>2026-07-05T13:51:59Z</time>
      </trkpt>
      <trkpt lat="30.48931779363303" lon="104.02119256189363">
        <ele>493.27388978004456</ele>
        <time>2026-07-05T13:52:03Z</time>
      </trkpt>
      <trkpt lat="30.489323666884395" lon="104.02143491060173">
        <ele>492.67362702824175</ele>
        <time>2026-07-05T13:52:11Z</time>
      </trkpt>
      <trkpt lat="30.489283987316167" lon="104.02179399424966">
        <ele>492.6305160615593</ele>
        <time>2026-07-05T13:52:23Z</time>
      </trkpt>
      <trkpt lat="30.489349059130372" lon="104.02202013121851">
        <ele>491.6057469435036</ele>
        <time>2026-07-05T13:52:31Z</time>
      </trkpt>
      <trkpt lat="30.48936181467503" lon="104.02236940185135">
        <ele>491.2644259734079</ele>
        <time>2026-07-05T13:52:43Z</time>
      </trkpt>
      <trkpt lat="30.48938984387894" lon="104.02261320614349">
        <ele>490.0509577030316</ele>
        <time>2026-07-05T13:52:51Z</time>
      </trkpt>
      <trkpt lat="30.489444657355925" lon="104.02268236390243">
        <ele>490.50515352841467</ele>
        <time>2026-07-05T13:52:55Z</time>
      </trkpt>
      <trkpt lat="30.48955537298377" lon="104.0226726448885">
        <ele>490.45961841288954</ele>
        <time>2026-07-05T13:52:59Z</time>
      </trkpt>
      <trkpt lat="30.489847844814275" lon="104.02275647942557">
        <ele>491.1879017269239</ele>
        <time>2026-07-05T13:53:10Z</time>
      </trkpt>
      <trkpt lat="30.48994330486424" lon="104.02288497803939">
        <ele>488.6781514612958</ele>
        <time>2026-07-05T13:53:16Z</time>
      </trkpt>
      <trkpt lat="30.489995576837778" lon="104.02293131970998">
        <ele>489.37825021520257</ele>
        <time>2026-07-05T13:53:19Z</time>
      </trkpt>
      <trkpt lat="30.490085113227877" lon="104.02291353225954">
        <ele>488.36948159430176</ele>
        <time>2026-07-05T13:53:22Z</time>
      </trkpt>
      <trkpt lat="30.49014690783587" lon="104.0228419755159">
        <ele>487.8704852415249</ele>
        <time>2026-07-05T13:53:25Z</time>
      </trkpt>
      <trkpt lat="30.49021702725031" lon="104.02280048352306">
        <ele>487.4167898334563</ele>
        <time>2026-07-05T13:53:28Z</time>
      </trkpt>
      <trkpt lat="30.490447079638198" lon="104.0228214155347">
        <ele>486.1953392252326</ele>
        <time>2026-07-05T13:53:37Z</time>
      </trkpt>
      <trkpt lat="30.490546625654368" lon="104.02287466145467">
        <ele>487.4100474556908</ele>
        <time>2026-07-05T13:53:40Z</time>
      </trkpt>
      <trkpt lat="30.49061754436341" lon="104.02287801964077">
        <ele>487.53804767504334</ele>
        <time>2026-07-05T13:53:43Z</time>
      </trkpt>
      <trkpt lat="30.490708840833825" lon="104.02283662285483">
        <ele>487.81054663378745</ele>
        <time>2026-07-05T13:53:47Z</time>
      </trkpt>
      <trkpt lat="30.490726346624967" lon="104.02270539691389">
        <ele>485.96095556393266</ele>
        <time>2026-07-05T13:53:51Z</time>
      </trkpt>
      <trkpt lat="30.49079746685712" lon="104.02247504050379">
        <ele>483.9022628907114</ele>
        <time>2026-07-05T13:53:59Z</time>
      </trkpt>
      <trkpt lat="30.490797530861744" lon="104.02210352016174">
        <ele>486.04794205352664</ele>
        <time>2026-07-05T13:54:11Z</time>
      </trkpt>
      <trkpt lat="30.490766928797044" lon="104.02185404109798">
        <ele>486.5239201653749</ele>
        <time>2026-07-05T13:54:19Z</time>
      </trkpt>
      <trkpt lat="30.490790559454425" lon="104.02147263802907">
        <ele>488.5966895380989</ele>
        <time>2026-07-05T13:54:31Z</time>
      </trkpt>
      <trkpt lat="30.490819686578533" lon="104.02136407270302">
        <ele>489.5544594824314</ele>
        <time>2026-07-05T13:54:35Z</time>
      </trkpt>
      <trkpt lat="30.49082019787553" lon="104.0211370866505">
        <ele>489.2432979354635</ele>
        <time>2026-07-05T13:54:43Z</time>
      </trkpt>
      <trkpt lat="30.490761929097268" lon="104.02107058823485">
        <ele>490.5806850604713</ele>
        <time>2026-07-05T13:54:47Z</time>
      </trkpt>
      <trkpt lat="30.49064083677235" lon="104.02106044325635">
        <ele>490.59252620115876</ele>
        <time>2026-07-05T13:54:51Z</time>
      </trkpt>
      <trkpt lat="30.490542940462817" lon="104.02100587520654">
        <ele>490.17152892425656</ele>
        <time>2026-07-05T13:54:55Z</time>
      </trkpt>
      <trkpt lat="30.490434319026754" lon="104.0210049039472">
        <ele>490.09538523759693</ele>
        <time>2026-07-05T13:54:59Z</time>
      </trkpt>
      <trkpt lat="30.490348123911" lon="104.02096880018816">
        <ele>491.24688584636897</ele>
        <time>2026-07-05T13:55:03Z</time>
      </trkpt>
      <trkpt lat="30.490265517417583" lon="104.02089761293611">
        <ele>492.51063606143</ele>
        <time>2026-07-05T13:55:07Z</time>
      </trkpt>
      <trkpt lat="30.49016365497892" lon="104.02086469367586">
        <ele>492.28550219908357</ele>
        <time>2026-07-05T13:55:11Z</time>
      </trkpt>
      <trkpt lat="30.49000341807996" lon="104.0208843185351">
        <ele>493.22080163285136</ele>
        <time>2026-07-05T13:55:17Z</time>
      </trkpt>
      <trkpt lat="30.489908016292365" lon="104.020950705005">
        <ele>492.6237609628588</ele>
        <time>2026-07-05T13:55:21Z</time>
      </trkpt>
      <trkpt lat="30.489794695602527" lon="104.0209919194512">
        <ele>492.5374766709283</ele>
        <time>2026-07-05T13:55:25Z</time>
      </trkpt>
      <trkpt lat="30.489707713935868" lon="104.02099031482271">
        <ele>492.8623637156561</ele>
        <time>2026-07-05T13:55:29Z</time>
      </trkpt>
      <trkpt lat="30.48954005704998" lon="104.02092103323157">
        <ele>493.78588567860425</ele>
        <time>2026-07-05T13:55:37Z</time>
      </trkpt>
      <trkpt lat="30.48942140792185" lon="104.02096546510738">
        <ele>493.12793102674186</ele>
        <time>2026-07-05T13:55:41Z</time>
      </trkpt>
      <trkpt lat="30.489325803420545" lon="104.02106719813268">
        <ele>493.66974558029324</ele>
        <time>2026-07-05T13:55:45Z</time>
      </trkpt>
      <trkpt lat="30.48928486537927" lon="104.02131127007566">
        <ele>493.34401622228324</ele>
        <time>2026-07-05T13:55:53Z</time>
      </trkpt>
      <trkpt lat="30.489314935035235" lon="104.02155188971712">
        <ele>492.59006118029356</ele>
        <time>2026-07-05T13:56:01Z</time>
      </trkpt>
      <trkpt lat="30.489272661640296" lon="104.02180030067132">
        <ele>492.53880472574383</ele>
        <time>2026-07-05T13:56:09Z</time>
      </trkpt>
      <trkpt lat="30.489327056300606" lon="104.02202480618418">
        <ele>491.20652466919273</ele>
        <time>2026-07-05T13:56:17Z</time>
      </trkpt>
      <trkpt lat="30.489328360365803" lon="104.02214699406903">
        <ele>492.1192425424233</ele>
        <time>2026-07-05T13:56:21Z</time>
      </trkpt>
      <trkpt lat="30.48935208847612" lon="104.02227165759797">
        <ele>491.48200649023056</ele>
        <time>2026-07-05T13:56:25Z</time>
      </trkpt>
      <trkpt lat="30.48934758561107" lon="104.02239516177947">
        <ele>491.72138071153313</ele>
        <time>2026-07-05T13:56:29Z</time>
      </trkpt>
      <trkpt lat="30.489396650125393" lon="104.02263495867281">
        <ele>490.14249219559133</ele>
        <time>2026-07-05T13:56:37Z</time>
      </trkpt>
      <trkpt lat="30.489461624868543" lon="104.02270653338006">
        <ele>490.0788780786097</ele>
        <time>2026-07-05T13:56:41Z</time>
      </trkpt>
      <trkpt lat="30.48968209592656" lon="104.02271356991108">
        <ele>490.4503555074334</ele>
        <time>2026-07-05T13:56:49Z</time>
      </trkpt>
      <trkpt lat="30.48986213608759" lon="104.0227897595327">
        <ele>489.1949978908524</ele>
        <time>2026-07-05T13:56:57Z</time>
      </trkpt>
      <trkpt lat="30.489927556676758" lon="104.02289021179074">
        <ele>489.4384206943214</ele>
        <time>2026-07-05T13:57:01Z</time>
      </trkpt>
      <trkpt lat="30.490011204263837" lon="104.02295074204353">
        <ele>488.7694526864216</ele>
        <time>2026-07-05T13:57:05Z</time>
      </trkpt>
      <trkpt lat="30.4901928417178" lon="104.02281077551929">
        <ele>488.1526981201023</ele>
        <time>2026-07-05T13:57:13Z</time>
      </trkpt>
      <trkpt lat="30.49030706353408" lon="104.02280580861796">
        <ele>488.14447106514126</ele>
        <time>2026-07-05T13:57:17Z</time>
      </trkpt>
      <trkpt lat="30.490610943867267" lon="104.02286942251277">
        <ele>486.24261520802975</ele>
        <time>2026-07-05T13:57:27Z</time>
      </trkpt>
      <trkpt lat="30.49072424615036" lon="104.02283881194406">
        <ele>487.1690351990983</ele>
        <time>2026-07-05T13:57:31Z</time>
      </trkpt>
      <trkpt lat="30.490786972026118" lon="104.02248530985204">
        <ele>485.7070369217545</ele>
        <time>2026-07-05T13:57:43Z</time>
      </trkpt>
      <trkpt lat="30.490804284136683" lon="104.02237271055887">
        <ele>484.8693729490042</ele>
        <time>2026-07-05T13:57:47Z</time>
      </trkpt>
      <trkpt lat="30.49077934018369" lon="104.02225619883883">
        <ele>485.3887071395293</ele>
        <time>2026-07-05T13:57:51Z</time>
      </trkpt>
      <trkpt lat="30.490802945936284" lon="104.02214382469877">
        <ele>486.271686995402</ele>
        <time>2026-07-05T13:57:55Z</time>
      </trkpt>
      <trkpt lat="30.49080035560137" lon="104.02180676378907">
        <ele>486.072848550044</ele>
        <time>2026-07-05T13:58:07Z</time>
      </trkpt>
      <trkpt lat="30.490774581635137" lon="104.02156369077794">
        <ele>487.2307745590806</ele>
        <time>2026-07-05T13:58:15Z</time>
      </trkpt>
      <trkpt lat="30.490794757231797" lon="104.02132187126925">
        <ele>487.8174263453111</ele>
        <time>2026-07-05T13:58:23Z</time>
      </trkpt>
      <trkpt lat="30.490785963173053" lon="104.02109848118961">
        <ele>489.778652346693</ele>
        <time>2026-07-05T13:58:31Z</time>
      </trkpt>
      <trkpt lat="30.490684141011325" lon="104.02105811174573">
        <ele>491.1853738669306</ele>
        <time>2026-07-05T13:58:35Z</time>
      </trkpt>
      <trkpt lat="30.49058047374209" lon="104.0210428453787">
        <ele>491.0605268916115</ele>
        <time>2026-07-05T13:58:39Z</time>
      </trkpt>
      <trkpt lat="30.490492430746947" lon="104.02100277843648">
        <ele>491.42744269780815</ele>
        <time>2026-07-05T13:58:43Z</time>
      </trkpt>
      <trkpt lat="30.49037093487959" lon="104.02101500710607">
        <ele>491.9111948655918</ele>
        <time>2026-07-05T13:58:47Z</time>
      </trkpt>
      <trkpt lat="30.49028761345333" lon="104.02098549616822">
        <ele>491.3170248446986</ele>
        <time>2026-07-05T13:58:51Z</time>
      </trkpt>
      <trkpt lat="30.49023795024389" lon="104.02087976173372">
        <ele>492.85932219121605</ele>
        <time>2026-07-05T13:58:55Z</time>
      </trkpt>
      <trkpt lat="30.49014071794153" lon="104.02086218020801">
        <ele>492.80662558972836</ele>
        <time>2026-07-05T13:58:59Z</time>
      </trkpt>
      <trkpt lat="30.49003006077538" lon="104.02088185158013">
        <ele>493.2213787846267</ele>
        <time>2026-07-05T13:59:03Z</time>
      </trkpt>
      <trkpt lat="30.48980792566189" lon="104.02099689955551">
        <ele>492.1163319014013</ele>
        <time>2026-07-05T13:59:11Z</time>
      </trkpt>
      <trkpt lat="30.489700610367365" lon="104.02099806980924">
        <ele>492.9047137731686</ele>
        <time>2026-07-05T13:59:15Z</time>
      </trkpt>
      <trkpt lat="30.489594540397047" lon="104.02103149944448">
        <ele>491.47110539488494</ele>
        <time>2026-07-05T13:59:19Z</time>
      </trkpt>
      <trkpt lat="30.48941493863014" lon="104.02101216864467">
        <ele>492.77760879695415</ele>
        <time>2026-07-05T13:59:26Z</time>
      </trkpt>
      <trkpt lat="30.48934479779762" lon="104.02102821275392">
        <ele>493.0811120001599</ele>
        <time>2026-07-05T13:59:30Z</time>
      </trkpt>
      <trkpt lat="30.489311795984015" lon="104.02116246685551">
        <ele>493.0483492705971</ele>
        <time>2026-07-05T13:59:34Z</time>
      </trkpt>
      <trkpt lat="30.489299281031666" lon="104.02128583793483">
        <ele>493.0539216231555</ele>
        <time>2026-07-05T13:59:38Z</time>
      </trkpt>
      <trkpt lat="30.48930877941111" lon="104.02140457344798">
        <ele>492.2908968292177</ele>
        <time>2026-07-05T13:59:42Z</time>
      </trkpt>
      <trkpt lat="30.489278909061774" lon="104.02177135249585">
        <ele>491.6656497353688</ele>
        <time>2026-07-05T13:59:54Z</time>
      </trkpt>
      <trkpt lat="30.489285667313833" lon="104.02189822900206">
        <ele>492.9351249644533</ele>
        <time>2026-07-05T13:59:58Z</time>
      </trkpt>
      <trkpt lat="30.489328992101036" lon="104.02224247301234">
        <ele>490.97098613251</ele>
        <time>2026-07-05T14:00:10Z</time>
      </trkpt>
      <trkpt lat="30.489363364361473" lon="104.02260237299782">
        <ele>491.13865916710347</ele>
        <time>2026-07-05T14:00:22Z</time>
      </trkpt>
      <trkpt lat="30.489411656065418" lon="104.02268953520634">
        <ele>490.571402723901</ele>
        <time>2026-07-05T14:00:26Z</time>
      </trkpt>
      <trkpt lat="30.489636861729387" lon="104.02271248518265">
        <ele>490.21612932905555</ele>
        <time>2026-07-05T14:00:34Z</time>
      </trkpt>
      <trkpt lat="30.489746694086197" lon="104.02275687881799">
        <ele>491.52636794466525</ele>
        <time>2026-07-05T14:00:38Z</time>
      </trkpt>
      <trkpt lat="30.48984668840718" lon="104.02277332279873">
        <ele>491.5530280312523</ele>
        <time>2026-07-05T14:00:42Z</time>
      </trkpt>
      <trkpt lat="30.48997219537625" lon="104.02293456951381">
        <ele>489.1027350462973</ele>
        <time>2026-07-05T14:00:50Z</time>
      </trkpt>
      <trkpt lat="30.490079127780508" lon="104.02290562611853">
        <ele>488.23317056521773</ele>
        <time>2026-07-05T14:00:54Z</time>
      </trkpt>
      <trkpt lat="30.49016704892664" lon="104.02282292864123">
        <ele>488.2774768518284</ele>
        <time>2026-07-05T14:00:58Z</time>
      </trkpt>
      <trkpt lat="30.490246807361995" lon="104.02279066467145">
        <ele>487.01337259914726</ele>
        <time>2026-07-05T14:01:02Z</time>
      </trkpt>
      <trkpt lat="30.4903595357042" lon="104.02282488481144">
        <ele>486.76858918648213</ele>
        <time>2026-07-05T14:01:06Z</time>
      </trkpt>
      <trkpt lat="30.490698377715127" lon="104.02285503112121">
        <ele>486.97539808321744</ele>
        <time>2026-07-05T14:01:18Z</time>
      </trkpt>
      <trkpt lat="30.490804021505774" lon="104.02250554923408">
        <ele>486.1143927499652</ele>
        <time>2026-07-05T14:01:30Z</time>
      </trkpt>
      <trkpt lat="30.490791292796427" lon="104.02230547157298">
        <ele>485.6164020318538</ele>
        <time>2026-07-05T14:01:37Z</time>
      </trkpt>
      <trkpt lat="30.490801271998343" lon="104.0220729896068">
        <ele>485.87492555752397</ele>
        <time>2026-07-05T14:01:45Z</time>
      </trkpt>
      <trkpt lat="30.490781345696508" lon="104.02171170162607">
        <ele>486.7063070256263</ele>
        <time>2026-07-05T14:01:57Z</time>
      </trkpt>
      <trkpt lat="30.4907749442165" lon="104.02158146260926">
        <ele>486.9423914216459</ele>
        <time>2026-07-05T14:02:01Z</time>
      </trkpt>
      <trkpt lat="30.49080867286682" lon="104.02133949573184">
        <ele>488.66935305763036</ele>
        <time>2026-07-05T14:02:09Z</time>
      </trkpt>
      <trkpt lat="30.490804940983438" lon="104.02122685162786">
        <ele>489.24485483020544</ele>
        <time>2026-07-05T14:02:13Z</time>
      </trkpt>
      <trkpt lat="30.490778596690923" lon="104.02110065823457">
        <ele>489.0338219208643</ele>
        <time>2026-07-05T14:02:17Z</time>
      </trkpt>
      <trkpt lat="30.490606210195928" lon="104.02104903803446">
        <ele>491.4737744703889</ele>
        <time>2026-07-05T14:02:25Z</time>
      </trkpt>
      <trkpt lat="30.49036927572901" lon="104.021044974254">
        <ele>491.16178810596466</ele>
        <time>2026-07-05T14:02:33Z</time>
      </trkpt>
      <trkpt lat="30.490291336969655" lon="104.02098339030039">
        <ele>491.7882667388767</ele>
        <time>2026-07-05T14:02:37Z</time>
      </trkpt>
      <trkpt lat="30.490237645979633" lon="104.02087636291277">
        <ele>492.3058296730742</ele>
        <time>2026-07-05T14:02:41Z</time>
      </trkpt>
      <trkpt lat="30.49003040579652" lon="104.02086381711142">
        <ele>493.59828291926533</ele>
        <time>2026-07-05T14:02:49Z</time>
      </trkpt>
      <trkpt lat="30.48992274452322" lon="104.02091685776675">
        <ele>492.995184247382</ele>
        <time>2026-07-05T14:02:53Z</time>
      </trkpt>
      <trkpt lat="30.48984822508337" lon="104.0209960414881">
        <ele>493.83586217835546</ele>
        <time>2026-07-05T14:02:57Z</time>
      </trkpt>
      <trkpt lat="30.48975205125625" lon="104.02101554788862">
        <ele>493.5461999634281</ele>
        <time>2026-07-05T14:03:01Z</time>
      </trkpt>
      <trkpt lat="30.489657397845082" lon="104.02098612117362">
        <ele>493.5235036201775</ele>
        <time>2026-07-05T14:03:05Z</time>
      </trkpt>
      <trkpt lat="30.48954293252514" lon="104.02099158222302">
        <ele>493.12906305585057</ele>
        <time>2026-07-05T14:03:09Z</time>
      </trkpt>
      <trkpt lat="30.489443676700244" lon="104.0209547851593">
        <ele>494.1729249674827</ele>
        <time>2026-07-05T14:03:13Z</time>
      </trkpt>
      <trkpt lat="30.489337133804604" lon="104.02102439727315">
        <ele>493.54350529797375</ele>
        <time>2026-07-05T14:03:17Z</time>
      </trkpt>
      <trkpt lat="30.48928892749557" lon="104.02116406635352">
        <ele>493.4226741110906</ele>
        <time>2026-07-05T14:03:21Z</time>
      </trkpt>
      <trkpt lat="30.48926149190368" lon="104.0214000206781">
        <ele>493.46054700482637</ele>
        <time>2026-07-05T14:03:29Z</time>
      </trkpt>
      <trkpt lat="30.489284028217558" lon="104.02151450979206">
        <ele>493.42147885635495</ele>
        <time>2026-07-05T14:03:33Z</time>
      </trkpt>
      <trkpt lat="30.48928402833102" lon="104.02189716374338">
        <ele>492.8354142559692</ele>
        <time>2026-07-05T14:03:45Z</time>
      </trkpt>
      <trkpt lat="30.48932621032823" lon="104.02200260214785">
        <ele>493.15353430621326</ele>
        <time>2026-07-05T14:03:49Z</time>
      </trkpt>
      <trkpt lat="30.489318842066528" lon="104.02218153904275">
        <ele>493.3610921567306</ele>
        <time>2026-07-05T14:03:55Z</time>
      </trkpt>
      <trkpt lat="30.489372335673732" lon="104.02260310183156">
        <ele>491.0190357211977</ele>
        <time>2026-07-05T14:04:09Z</time>
      </trkpt>
      <trkpt lat="30.489398871182622" lon="104.02269192592914">
        <ele>490.13696384150535</ele>
        <time>2026-07-05T14:04:13Z</time>
      </trkpt>
      <trkpt lat="30.489731109250805" lon="104.02277772479431">
        <ele>490.7651610188186</ele>
        <time>2026-07-05T14:04:25Z</time>
      </trkpt>
      <trkpt lat="30.489832829344635" lon="104.02278982222715">
        <ele>490.7028053784743</ele>
        <time>2026-07-05T14:04:29Z</time>
      </trkpt>
      <trkpt lat="30.489949461690742" lon="104.0229318841553">
        <ele>489.43197244405746</ele>
        <time>2026-07-05T14:04:37Z</time>
      </trkpt>
      <trkpt lat="30.490061042899445" lon="104.0228994236054">
        <ele>488.37949208170176</ele>
        <time>2026-07-05T14:04:41Z</time>
      </trkpt>
      <trkpt lat="30.490149529703807" lon="104.02283442719964">
        <ele>487.1729851644486</ele>
        <time>2026-07-05T14:04:45Z</time>
      </trkpt>
      <trkpt lat="30.49025327680003" lon="104.02280302081772">
        <ele>487.38812724594027</ele>
        <time>2026-07-05T14:04:49Z</time>
      </trkpt>
      <trkpt lat="30.490482425345885" lon="104.02285075331012">
        <ele>487.0941894799471</ele>
        <time>2026-07-05T14:04:57Z</time>
      </trkpt>
      <trkpt lat="30.49060120401503" lon="104.02289507826028">
        <ele>488.227037797682</ele>
        <time>2026-07-05T14:05:01Z</time>
      </trkpt>
      <trkpt lat="30.490701869824594" lon="104.02285706157359">
        <ele>489.0496496167034</ele>
        <time>2026-07-05T14:05:05Z</time>
      </trkpt>
      <trkpt lat="30.490784998801505" lon="104.02250410555332">
        <ele>485.03987310640514</ele>
        <time>2026-07-05T14:05:17Z</time>
      </trkpt>
      <trkpt lat="30.490777659321946" lon="104.02213852562883">
        <ele>485.73471037112176</ele>
        <time>2026-07-05T14:05:29Z</time>
      </trkpt>
      <trkpt lat="30.49079599507467" lon="104.02178394190237">
        <ele>487.5228158896789</ele>
        <time>2026-07-05T14:05:41Z</time>
      </trkpt>
      <trkpt lat="30.490756392170834" lon="104.02159831766518">
        <ele>487.7248475048691</ele>
        <time>2026-07-05T14:05:47Z</time>
      </trkpt>
      <trkpt lat="30.490779343979003" lon="104.02150450621305">
        <ele>488.00804131198674</ele>
        <time>2026-07-05T14:05:50Z</time>
      </trkpt>
      <trkpt lat="30.490757268927645" lon="104.02142873199344">
        <ele>488.90651783626527</ele>
        <time>2026-07-05T14:05:53Z</time>
      </trkpt>
      <trkpt lat="30.490784623105583" lon="104.02114166512756">
        <ele>489.7258985545486</ele>
        <time>2026-07-05T14:06:02Z</time>
      </trkpt>
      <trkpt lat="30.49076968328367" lon="104.02108138126249">
        <ele>489.45781435538083</ele>
        <time>2026-07-05T14:06:05Z</time>
      </trkpt>
      <trkpt lat="30.49043034855658" lon="104.02107360574902">
        <ele>490.8519979333505</ele>
        <time>2026-07-05T14:06:18Z</time>
      </trkpt>
      <trkpt lat="30.490314115746475" lon="104.02100768718488">
        <ele>491.7332842629403</ele>
        <time>2026-07-05T14:06:22Z</time>
      </trkpt>
      <trkpt lat="30.490234135168627" lon="104.02091530002673">
        <ele>492.80319895315915</ele>
        <time>2026-07-05T14:06:26Z</time>
      </trkpt>
      <trkpt lat="30.490153590199665" lon="104.02086984410097">
        <ele>492.6926691448316</ele>
        <time>2026-07-05T14:06:30Z</time>
      </trkpt>
      <trkpt lat="30.490056964007486" lon="104.0208604313494">
        <ele>492.3940372224897</ele>
        <time>2026-07-05T14:06:34Z</time>
      </trkpt>
      <trkpt lat="30.489831779481378" lon="104.02096122223791">
        <ele>492.01712795812637</ele>
        <time>2026-07-05T14:06:42Z</time>
      </trkpt>
      <trkpt lat="30.489757750284987" lon="104.02100998675311">
        <ele>492.19700505770743</ele>
        <time>2026-07-05T14:06:46Z</time>
      </trkpt>
      <trkpt lat="30.48967093510899" lon="104.02101508065222">
        <ele>492.2244059359655</ele>
        <time>2026-07-05T14:06:50Z</time>
      </trkpt>
      <trkpt lat="30.48947961195214" lon="104.0209123709596">
        <ele>492.8957842513919</ele>
        <time>2026-07-05T14:06:58Z</time>
      </trkpt>
      <trkpt lat="30.48936583518225" lon="104.02098819523951">
        <ele>492.98866535164416</ele>
        <time>2026-07-05T14:07:02Z</time>
      </trkpt>
      <trkpt lat="30.48929805464166" lon="104.02125614267443">
        <ele>494.25202948320657</ele>
        <time>2026-07-05T14:07:10Z</time>
      </trkpt>
      <trkpt lat="30.489295230527212" lon="104.02138807721809">
        <ele>494.8832439882681</ele>
        <time>2026-07-05T14:07:14Z</time>
      </trkpt>
      <trkpt lat="30.489310705300266" lon="104.02150094551855">
        <ele>493.9170895200223</ele>
        <time>2026-07-05T14:07:18Z</time>
      </trkpt>
      <trkpt lat="30.489304626296185" lon="104.02162483750834">
        <ele>493.2768752882257</ele>
        <time>2026-07-05T14:07:22Z</time>
      </trkpt>
      <trkpt lat="30.489245069063863" lon="104.0217395813249">
        <ele>493.14015870541334</ele>
        <time>2026-07-05T14:07:26Z</time>
      </trkpt>
      <trkpt lat="30.489256032190813" lon="104.02188112877931">
        <ele>493.84272698126733</ele>
        <time>2026-07-05T14:07:30Z</time>
      </trkpt>
      <trkpt lat="30.48931691636476" lon="104.02199900627568">
        <ele>494.7395400190726</ele>
        <time>2026-07-05T14:07:34Z</time>
      </trkpt>
      <trkpt lat="30.489329903195333" lon="104.02210805107208">
        <ele>494.13669968303293</ele>
        <time>2026-07-05T14:07:38Z</time>
      </trkpt>
      <trkpt lat="30.4893166702185" lon="104.0222418954463">
        <ele>492.5044323634356</ele>
        <time>2026-07-05T14:07:42Z</time>
      </trkpt>
      <trkpt lat="30.489343814004833" lon="104.02244132954505">
        <ele>490.83287158887833</ele>
        <time>2026-07-05T14:07:49Z</time>
      </trkpt>
      <trkpt lat="30.489337479912106" lon="104.02260538072527">
        <ele>490.6096042348072</ele>
        <time>2026-07-05T14:07:55Z</time>
      </trkpt>
      <trkpt lat="30.489379289211858" lon="104.02268136133755">
        <ele>490.8375251479447</ele>
        <time>2026-07-05T14:07:58Z</time>
      </trkpt>
      <trkpt lat="30.489542386205393" lon="104.02269980271697">
        <ele>491.12648095935583</ele>
        <time>2026-07-05T14:08:04Z</time>
      </trkpt>
      <trkpt lat="30.489653956788402" lon="104.02274136595462">
        <ele>492.09303038194776</ele>
        <time>2026-07-05T14:08:08Z</time>
      </trkpt>
      <trkpt lat="30.489764931846413" lon="104.02275860423059">
        <ele>491.55707802437246</ele>
        <time>2026-07-05T14:08:12Z</time>
      </trkpt>
      <trkpt lat="30.489854161262965" lon="104.02280270234692">
        <ele>490.8808596795425</ele>
        <time>2026-07-05T14:08:16Z</time>
      </trkpt>
      <trkpt lat="30.489902330593047" lon="104.02290885740648">
        <ele>490.28921464737505</ele>
        <time>2026-07-05T14:08:20Z</time>
      </trkpt>
      <trkpt lat="30.49000569621354" lon="104.02293805964617">
        <ele>489.01329324860126</ele>
        <time>2026-07-05T14:08:24Z</time>
      </trkpt>
      <trkpt lat="30.49009943446272" lon="104.02286585857061">
        <ele>487.4309807419777</ele>
        <time>2026-07-05T14:08:28Z</time>
      </trkpt>
      <trkpt lat="30.490153276104206" lon="104.02279581246606">
        <ele>486.7919260850176</ele>
        <time>2026-07-05T14:08:32Z</time>
      </trkpt>
      <trkpt lat="30.490255159667928" lon="104.02278966342784">
        <ele>486.8397239279002</ele>
        <time>2026-07-05T14:08:36Z</time>
      </trkpt>
      <trkpt lat="30.49037568035239" lon="104.02283632162059">
        <ele>486.7754132030532</ele>
        <time>2026-07-05T14:08:40Z</time>
      </trkpt>
      <trkpt lat="30.490627800789618" lon="104.02289082891902">
        <ele>488.97614311333746</ele>
        <time>2026-07-05T14:08:48Z</time>
      </trkpt>
      <trkpt lat="30.490722686415534" lon="104.02281585712934">
        <ele>489.0419725244865</ele>
        <time>2026-07-05T14:08:52Z</time>
      </trkpt>
      <trkpt lat="30.490730677840435" lon="104.02269630755141">
        <ele>487.3786099720746</ele>
        <time>2026-07-05T14:08:56Z</time>
      </trkpt>
      <trkpt lat="30.490779432447614" lon="104.02247868525725">
        <ele>485.7797822570428</ele>
        <time>2026-07-05T14:09:04Z</time>
      </trkpt>
      <trkpt lat="30.490782803336934" lon="104.02210552131322">
        <ele>486.18964701425284</ele>
        <time>2026-07-05T14:09:16Z</time>
      </trkpt>
      <trkpt lat="30.490769446403093" lon="104.02176228391708">
        <ele>487.5825446797535</ele>
        <time>2026-07-05T14:09:28Z</time>
      </trkpt>
      <trkpt lat="30.49077795801908" lon="104.02151136657665">
        <ele>488.4865590278059</ele>
        <time>2026-07-05T14:09:36Z</time>
      </trkpt>
      <trkpt lat="30.49075144475416" lon="104.02139590839548">
        <ele>489.4673642218113</ele>
        <time>2026-07-05T14:09:40Z</time>
      </trkpt>
      <trkpt lat="30.490790306663" lon="104.02127679176489">
        <ele>489.3328848714009</ele>
        <time>2026-07-05T14:09:44Z</time>
      </trkpt>
      <trkpt lat="30.49079759362791" lon="104.02113720440023">
        <ele>489.69583112280816</ele>
        <time>2026-07-05T14:09:48Z</time>
      </trkpt>
      <trkpt lat="30.49072264544329" lon="104.02107957768769">
        <ele>490.2620849888772</ele>
        <time>2026-07-05T14:09:52Z</time>
      </trkpt>
      <trkpt lat="30.49047948224128" lon="104.02106722213769">
        <ele>491.2763153836131</ele>
        <time>2026-07-05T14:10:02Z</time>
      </trkpt>
      <trkpt lat="30.49036314048477" lon="104.02102018026235">
        <ele>491.4352788385004</ele>
        <time>2026-07-05T14:10:06Z</time>
      </trkpt>
      <trkpt lat="30.490289291151488" lon="104.02096726106687">
        <ele>492.0571337779984</ele>
        <time>2026-07-05T14:10:09Z</time>
      </trkpt>
      <trkpt lat="30.490229504861105" lon="104.02088442496327">
        <ele>493.06570294778794</ele>
        <time>2026-07-05T14:10:13Z</time>
      </trkpt>
      <trkpt lat="30.490000097088153" lon="104.02088275986087">
        <ele>492.3263376560062</ele>
        <time>2026-07-05T14:10:21Z</time>
      </trkpt>
      <trkpt lat="30.489899343450798" lon="104.02092928756761">
        <ele>492.5168350804597</ele>
        <time>2026-07-05T14:10:25Z</time>
      </trkpt>
      <trkpt lat="30.4898208994133" lon="104.02099947047634">
        <ele>493.3897332046181</ele>
        <time>2026-07-05T14:10:29Z</time>
      </trkpt>
      <trkpt lat="30.489731111737722" lon="104.02102361993344">
        <ele>493.3960701012984</ele>
        <time>2026-07-05T14:10:33Z</time>
      </trkpt>
      <trkpt lat="30.489500827710735" lon="104.02099719951516">
        <ele>493.195311662741</ele>
        <time>2026-07-05T14:10:41Z</time>
      </trkpt>
      <trkpt lat="30.489413793993467" lon="104.02097260359855">
        <ele>494.4481516452506</ele>
        <time>2026-07-05T14:10:45Z</time>
      </trkpt>
      <trkpt lat="30.48933666080541" lon="104.02107190306619">
        <ele>493.66973500326276</ele>
        <time>2026-07-05T14:10:49Z</time>
      </trkpt>
      <trkpt lat="30.48931259542608" lon="104.02120637253982">
        <ele>494.31907275877893</ele>
        <time>2026-07-05T14:10:53Z</time>
      </trkpt>
      <trkpt lat="30.489315316809023" lon="104.02155300845784">
        <ele>494.7337848218158</ele>
        <time>2026-07-05T14:11:05Z</time>
      </trkpt>
      <trkpt lat="30.489267945450774" lon="104.02182256996315">
        <ele>492.7878538798541</ele>
        <time>2026-07-05T14:11:13Z</time>
      </trkpt>
      <trkpt lat="30.48932124354367" lon="104.02206882938218">
        <ele>493.9119309587404</ele>
        <time>2026-07-05T14:11:21Z</time>
      </trkpt>
      <trkpt lat="30.48933962085965" lon="104.02242126946304">
        <ele>493.02040752302855</ele>
        <time>2026-07-05T14:11:33Z</time>
      </trkpt>
      <trkpt lat="30.489359817878455" lon="104.02255020853548">
        <ele>492.6829646322876</ele>
        <time>2026-07-05T14:11:37Z</time>
      </trkpt>
      <trkpt lat="30.489356226291903" lon="104.02265273419128">
        <ele>491.85541033372283</ele>
        <time>2026-07-05T14:11:41Z</time>
      </trkpt>
      <trkpt lat="30.489453811207824" lon="104.02272688100344">
        <ele>492.5673381080851</ele>
        <time>2026-07-05T14:11:45Z</time>
      </trkpt>
      <trkpt lat="30.48978880317712" lon="104.02277963593261">
        <ele>491.9377090977505</ele>
        <time>2026-07-05T14:11:57Z</time>
      </trkpt>
      <trkpt lat="30.4898723528573" lon="104.02283565383891">
        <ele>490.4139513466507</ele>
        <time>2026-07-05T14:12:01Z</time>
      </trkpt>
      <trkpt lat="30.489920769979598" lon="104.02292413697978">
        <ele>490.15437614172697</ele>
        <time>2026-07-05T14:12:05Z</time>
      </trkpt>
      <trkpt lat="30.49002811378689" lon="104.0229295192162">
        <ele>489.4291145671159</ele>
        <time>2026-07-05T14:12:09Z</time>
      </trkpt>
      <trkpt lat="30.490106257866607" lon="104.02284447376549">
        <ele>487.9582618540153</ele>
        <time>2026-07-05T14:12:13Z</time>
      </trkpt>
      <trkpt lat="30.49023346579647" lon="104.02279220823388">
        <ele>487.17266528494656</ele>
        <time>2026-07-05T14:12:21Z</time>
      </trkpt>
      <trkpt lat="30.490382152585685" lon="104.0228564303961">
        <ele>487.9474275689572</ele>
        <time>2026-07-05T14:12:25Z</time>
      </trkpt>
      <trkpt lat="30.49053930147047" lon="104.02288066256929">
        <ele>487.7414492322132</ele>
        <time>2026-07-05T14:12:29Z</time>
      </trkpt>
      <trkpt lat="30.490659947202236" lon="104.02287548792428">
        <ele>488.1484495466575</ele>
        <time>2026-07-05T14:12:33Z</time>
      </trkpt>
      <trkpt lat="30.490718375743324" lon="104.02275952624348">
        <ele>488.5559193342924</ele>
        <time>2026-07-05T14:12:37Z</time>
      </trkpt>
      <trkpt lat="30.49069694568301" lon="104.02266638569257">
        <ele>486.9230391876772</ele>
        <time>2026-07-05T14:12:41Z</time>
      </trkpt>
      <trkpt lat="30.49075185392251" lon="104.02254505062426">
        <ele>486.5340821919963</ele>
        <time>2026-07-05T14:12:45Z</time>
      </trkpt>
      <trkpt lat="30.490759862640203" lon="104.02220213370884">
        <ele>486.09893397428095</ele>
        <time>2026-07-05T14:12:57Z</time>
      </trkpt>
      <trkpt lat="30.490775763318844" lon="104.02185698662828">
        <ele>487.6167482510209</ele>
        <time>2026-07-05T14:13:09Z</time>
      </trkpt>
      <trkpt lat="30.490783081491156" lon="104.02162143078543">
        <ele>488.4958810573444</ele>
        <time>2026-07-05T14:13:17Z</time>
      </trkpt>
      <trkpt lat="30.49081162445627" lon="104.02151716936254">
        <ele>488.2686414225027</ele>
        <time>2026-07-05T14:13:21Z</time>
      </trkpt>
      <trkpt lat="30.490806373966404" lon="104.0211555263254">
        <ele>490.2284029722214</ele>
        <time>2026-07-05T14:13:33Z</time>
      </trkpt>
      <trkpt lat="30.49073240633185" lon="104.02107463241566">
        <ele>490.10477938875556</ele>
        <time>2026-07-05T14:13:37Z</time>
      </trkpt>
      <trkpt lat="30.49062147113632" lon="104.02106750834281">
        <ele>490.50145737454295</ele>
        <time>2026-07-05T14:13:41Z</time>
      </trkpt>
      <trkpt lat="30.49045356512458" lon="104.02109336159697">
        <ele>490.92740258574486</ele>
        <time>2026-07-05T14:13:49Z</time>
      </trkpt>
      <trkpt lat="30.490334342288595" lon="104.0210260002488">
        <ele>491.7500571087003</ele>
        <time>2026-07-05T14:13:53Z</time>
      </trkpt>
      <trkpt lat="30.490275886034336" lon="104.02092117735772">
        <ele>492.1770636346191</ele>
        <time>2026-07-05T14:13:57Z</time>
      </trkpt>
      <trkpt lat="30.49019505361986" lon="104.02085803676493">
        <ele>493.9452891033143</ele>
        <time>2026-07-05T14:14:01Z</time>
      </trkpt>
      <trkpt lat="30.4900007488615" lon="104.02089513223174">
        <ele>492.8333318894729</ele>
        <time>2026-07-05T14:14:08Z</time>
      </trkpt>
      <trkpt lat="30.48990010934129" lon="104.02094217971337">
        <ele>492.74928963929415</ele>
        <time>2026-07-05T14:14:12Z</time>
      </trkpt>
      <trkpt lat="30.489838482826535" lon="104.02099366468963">
        <ele>492.6027291258797</ele>
        <time>2026-07-05T14:14:15Z</time>
      </trkpt>
      <trkpt lat="30.489765055505007" lon="104.02102452479392">
        <ele>493.06964153796434</ele>
        <time>2026-07-05T14:14:19Z</time>
      </trkpt>
      <trkpt lat="30.48969401346354" lon="104.02101062159498">
        <ele>493.920831233263</ele>
        <time>2026-07-05T14:14:23Z</time>
      </trkpt>
      <trkpt lat="30.48960853818973" lon="104.02094153421773">
        <ele>493.4024655222893</ele>
        <time>2026-07-05T14:14:27Z</time>
      </trkpt>
      <trkpt lat="30.489483646250708" lon="104.02092421828785">
        <ele>493.43807082250714</ele>
        <time>2026-07-05T14:14:31Z</time>
      </trkpt>
      <trkpt lat="30.489373889366245" lon="104.02101676468403">
        <ele>493.56822087522596</ele>
        <time>2026-07-05T14:14:35Z</time>
      </trkpt>
      <trkpt lat="30.48928651063488" lon="104.02128250118847">
        <ele>494.25626481790096</ele>
        <time>2026-07-05T14:14:43Z</time>
      </trkpt>
      <trkpt lat="30.489290721020517" lon="104.02163975410042">
        <ele>494.63121452275664</ele>
        <time>2026-07-05T14:14:55Z</time>
      </trkpt>
      <trkpt lat="30.48925489905754" lon="104.02174533723601">
        <ele>492.6604362614453</ele>
        <time>2026-07-05T14:14:59Z</time>
      </trkpt>
      <trkpt lat="30.489261557246323" lon="104.02188932254253">
        <ele>493.5128872441128</ele>
        <time>2026-07-05T14:15:03Z</time>
      </trkpt>
      <trkpt lat="30.489310166417923" lon="104.02199545916234">
        <ele>493.68130401708186</ele>
        <time>2026-07-05T14:15:07Z</time>
      </trkpt>
      <trkpt lat="30.489318907406545" lon="104.02209989282215">
        <ele>493.4685374153778</ele>
        <time>2026-07-05T14:15:11Z</time>
      </trkpt>
      <trkpt lat="30.48930686482154" lon="104.02223819021035">
        <ele>493.136498503387</ele>
        <time>2026-07-05T14:15:15Z</time>
      </trkpt>
      <trkpt lat="30.48935761028193" lon="104.02260662275603">
        <ele>492.0701542403549</ele>
        <time>2026-07-05T14:15:27Z</time>
      </trkpt>
      <trkpt lat="30.489396817841868" lon="104.02270402285852">
        <ele>493.1326874708757</ele>
        <time>2026-07-05T14:15:31Z</time>
      </trkpt>
      <trkpt lat="30.489702668590848" lon="104.02278067564072">
        <ele>493.0625680536032</ele>
        <time>2026-07-05T14:15:43Z</time>
      </trkpt>
      <trkpt lat="30.48979138872683" lon="104.02279372536661">
        <ele>491.7058171033859</ele>
        <time>2026-07-05T14:15:47Z</time>
      </trkpt>
      <trkpt lat="30.48996815203375" lon="104.02294585558157">
        <ele>490.0900454809889</ele>
        <time>2026-07-05T14:15:55Z</time>
      </trkpt>
      <trkpt lat="30.490071879984566" lon="104.02289402734708">
        <ele>489.8450171202421</ele>
        <time>2026-07-05T14:15:59Z</time>
      </trkpt>
      <trkpt lat="30.49013221346833" lon="104.02282308898202">
        <ele>488.27219911664724</ele>
        <time>2026-07-05T14:16:03Z</time>
      </trkpt>
      <trkpt lat="30.49036546388793" lon="104.02281950996213">
        <ele>486.9215153204277</ele>
        <time>2026-07-05T14:16:11Z</time>
      </trkpt>
      <trkpt lat="30.49062032153041" lon="104.02290044280934">
        <ele>488.408698014915</ele>
        <time>2026-07-05T14:16:18Z</time>
      </trkpt>
      <trkpt lat="30.49071431871325" lon="104.02281642816322">
        <ele>488.7109242146835</ele>
        <time>2026-07-05T14:16:22Z</time>
      </trkpt>
      <trkpt lat="30.490704770659978" lon="104.02267549449192">
        <ele>487.92987390235066</ele>
        <time>2026-07-05T14:16:26Z</time>
      </trkpt>
      <trkpt lat="30.49074882009327" lon="104.02258184698584">
        <ele>486.36354915145785</ele>
        <time>2026-07-05T14:16:29Z</time>
      </trkpt>
      <trkpt lat="30.49072947008854" lon="104.02239271683278">
        <ele>484.7099271873012</ele>
        <time>2026-07-05T14:16:36Z</time>
      </trkpt>
      <trkpt lat="30.490757498337782" lon="104.02213531045169">
        <ele>485.6923807384446</ele>
        <time>2026-07-05T14:16:44Z</time>
      </trkpt>
      <trkpt lat="30.49078318767297" lon="104.0220288692092">
        <ele>486.3840057021007</ele>
        <time>2026-07-05T14:16:48Z</time>
      </trkpt>
      <trkpt lat="30.490764904188012" lon="104.02190089016727">
        <ele>487.24269953370094</ele>
        <time>2026-07-05T14:16:52Z</time>
      </trkpt>
      <trkpt lat="30.490784961375855" lon="104.0217762516562">
        <ele>489.0511813312769</ele>
        <time>2026-07-05T14:16:56Z</time>
      </trkpt>
      <trkpt lat="30.49078948344122" lon="104.02151077833643">
        <ele>488.7963943919167</ele>
        <time>2026-07-05T14:17:04Z</time>
      </trkpt>
      <trkpt lat="30.490742730897615" lon="104.02138673723407">
        <ele>489.6258242223412</ele>
        <time>2026-07-05T14:17:08Z</time>
      </trkpt>
      <trkpt lat="30.490750169268" lon="104.02127201885872">
        <ele>489.5119994394481</ele>
        <time>2026-07-05T14:17:12Z</time>
      </trkpt>
      <trkpt lat="30.490793748305865" lon="104.02114651309445">
        <ele>489.71260058972985</ele>
        <time>2026-07-05T14:17:16Z</time>
      </trkpt>
      <trkpt lat="30.490746435128013" lon="104.02107398174958">
        <ele>490.65733955055475</ele>
        <time>2026-07-05T14:17:20Z</time>
      </trkpt>
      <trkpt lat="30.49056765108545" lon="104.02107963851986">
        <ele>489.50753772072494</ele>
        <time>2026-07-05T14:17:28Z</time>
      </trkpt>
      <trkpt lat="30.490403809453696" lon="104.02103767829495">
        <ele>490.78027715627104</ele>
        <time>2026-07-05T14:17:32Z</time>
      </trkpt>
      <trkpt lat="30.490219587769264" lon="104.02086728842896">
        <ele>492.9762485008687</ele>
        <time>2026-07-05T14:17:40Z</time>
      </trkpt>
      <trkpt lat="30.489996087180977" lon="104.0208742986112">
        <ele>493.8945495514199</ele>
        <time>2026-07-05T14:17:48Z</time>
      </trkpt>
      <trkpt lat="30.489903893694972" lon="104.02091344805959">
        <ele>492.9246940650046</ele>
        <time>2026-07-05T14:17:52Z</time>
      </trkpt>
      <trkpt lat="30.489815115970448" lon="104.02099778835114">
        <ele>494.5428865160793</ele>
        <time>2026-07-05T14:17:56Z</time>
      </trkpt>
      <trkpt lat="30.48964501120775" lon="104.02103946828329">
        <ele>492.72656602505594</ele>
        <time>2026-07-05T14:18:04Z</time>
      </trkpt>
      <trkpt lat="30.489515570198268" lon="104.02098681062276">
        <ele>493.9912530016154</ele>
        <time>2026-07-05T14:18:08Z</time>
      </trkpt>
      <trkpt lat="30.489363971303394" lon="104.02099025316043">
        <ele>493.56239228043705</ele>
        <time>2026-07-05T14:18:12Z</time>
      </trkpt>
      <trkpt lat="30.489316697289034" lon="104.02110487722153">
        <ele>494.0094777615741</ele>
        <time>2026-07-05T14:18:16Z</time>
      </trkpt>
      <trkpt lat="30.489281491873317" lon="104.02138684720668">
        <ele>494.16326485946774</ele>
        <time>2026-07-05T14:18:25Z</time>
      </trkpt>
      <trkpt lat="30.489309941002464" lon="104.0215626973665">
        <ele>493.75077664479613</ele>
        <time>2026-07-05T14:18:31Z</time>
      </trkpt>
      <trkpt lat="30.489250570349082" lon="104.02175048808822">
        <ele>492.9087290233001</ele>
        <time>2026-07-05T14:18:37Z</time>
      </trkpt>
      <trkpt lat="30.48932800295567" lon="104.02202668820155">
        <ele>494.10465633589774</ele>
        <time>2026-07-05T14:18:46Z</time>
      </trkpt>
      <trkpt lat="30.489338661484993" lon="104.02212462778017">
        <ele>495.7926555238664</ele>
        <time>2026-07-05T14:18:49Z</time>
      </trkpt>
      <trkpt lat="30.489336024211518" lon="104.02234694514438">
        <ele>493.7252182038501</ele>
        <time>2026-07-05T14:18:56Z</time>
      </trkpt>
      <trkpt lat="30.489377959952062" lon="104.02257058357458">
        <ele>492.16216109041125</ele>
        <time>2026-07-05T14:19:04Z</time>
      </trkpt>
      <trkpt lat="30.489353681067303" lon="104.02269310418885">
        <ele>493.9458209173754</ele>
        <time>2026-07-05T14:19:08Z</time>
      </trkpt>
      <trkpt lat="30.48958642690063" lon="104.02271863975425">
        <ele>492.9602927295491</ele>
        <time>2026-07-05T14:19:16Z</time>
      </trkpt>
      <trkpt lat="30.489706627222183" lon="104.02276569614801">
        <ele>492.9868964171037</ele>
        <time>2026-07-05T14:19:20Z</time>
      </trkpt>
      <trkpt lat="30.48980851780765" lon="104.02278282883636">
        <ele>492.53205902315676</ele>
        <time>2026-07-05T14:19:24Z</time>
      </trkpt>
      <trkpt lat="30.489974941363112" lon="104.02293622411753">
        <ele>490.02394905593246</ele>
        <time>2026-07-05T14:19:32Z</time>
      </trkpt>
      <trkpt lat="30.49008301407252" lon="104.02290029735902">
        <ele>488.59498813468963</ele>
        <time>2026-07-05T14:19:36Z</time>
      </trkpt>
      <trkpt lat="30.490157254050963" lon="104.02282883271512">
        <ele>487.8144930237904</ele>
        <time>2026-07-05T14:19:40Z</time>
      </trkpt>
      <trkpt lat="30.490247104338206" lon="104.02282383387305">
        <ele>486.67494222708046</ele>
        <time>2026-07-05T14:19:44Z</time>
      </trkpt>
      <trkpt lat="30.49052918710034" lon="104.02289639160925">
        <ele>486.26710886787623</ele>
        <time>2026-07-05T14:19:52Z</time>
      </trkpt>
      <trkpt lat="30.49064335104683" lon="104.02291293749093">
        <ele>488.1713511524722</ele>
        <time>2026-07-05T14:19:56Z</time>
      </trkpt>
      <trkpt lat="30.490718401461987" lon="104.02278303817873">
        <ele>489.91845278348774</ele>
        <time>2026-07-05T14:20:00Z</time>
      </trkpt>
      <trkpt lat="30.490709364028625" lon="104.02267125957394">
        <ele>487.9553613383323</ele>
        <time>2026-07-05T14:20:04Z</time>
      </trkpt>
      <trkpt lat="30.490742566817715" lon="104.02253142995885">
        <ele>488.11961077246815</ele>
        <time>2026-07-05T14:20:08Z</time>
      </trkpt>
      <trkpt lat="30.490717845960162" lon="104.02219120649801">
        <ele>487.1466674199328</ele>
        <time>2026-07-05T14:20:20Z</time>
      </trkpt>
      <trkpt lat="30.490763602816056" lon="104.02206029535166">
        <ele>487.1438404554501</ele>
        <time>2026-07-05T14:20:24Z</time>
      </trkpt>
      <trkpt lat="30.490752439500188" lon="104.02170125252748">
        <ele>488.33972339332104</ele>
        <time>2026-07-05T14:20:35Z</time>
      </trkpt>
      <trkpt lat="30.490766186168585" lon="104.02146537943717">
        <ele>489.4429523367435</ele>
        <time>2026-07-05T14:20:42Z</time>
      </trkpt>
      <trkpt lat="30.490714200948844" lon="104.02133064976692">
        <ele>489.88770188298076</ele>
        <time>2026-07-05T14:20:46Z</time>
      </trkpt>
      <trkpt lat="30.49074667199189" lon="104.02121815333719">
        <ele>490.0182632645592</ele>
        <time>2026-07-05T14:20:50Z</time>
      </trkpt>
      <trkpt lat="30.490752389567724" lon="104.02110155311425">
        <ele>489.4293163912371</ele>
        <time>2026-07-05T14:20:54Z</time>
      </trkpt>
      <trkpt lat="30.490566231203925" lon="104.02106242436636">
        <ele>490.9744695071131</ele>
        <time>2026-07-05T14:21:02Z</time>
      </trkpt>
      <trkpt lat="30.490469338785893" lon="104.0210596862558">
        <ele>490.5574688622728</ele>
        <time>2026-07-05T14:21:06Z</time>
      </trkpt>
      <trkpt lat="30.490346009651507" lon="104.02101078964476">
        <ele>491.2058732993901</ele>
        <time>2026-07-05T14:21:10Z</time>
      </trkpt>
      <trkpt lat="30.490257000979355" lon="104.02092880988207">
        <ele>492.18481268081814</ele>
        <time>2026-07-05T14:21:14Z</time>
      </trkpt>
      <trkpt lat="30.49016584647331" lon="104.02087606737774">
        <ele>493.4402654469013</ele>
        <time>2026-07-05T14:21:18Z</time>
      </trkpt>
      <trkpt lat="30.490040645988906" lon="104.02088200369687">
        <ele>494.15311514865607</ele>
        <time>2026-07-05T14:21:22Z</time>
      </trkpt>
      <trkpt lat="30.48983912422962" lon="104.02097630181562">
        <ele>493.8224584516138</ele>
        <time>2026-07-05T14:21:30Z</time>
      </trkpt>
      <trkpt lat="30.489678284530896" lon="104.02101345373043">
        <ele>492.3682731343433</ele>
        <time>2026-07-05T14:21:38Z</time>
      </trkpt>
      <trkpt lat="30.489555569048985" lon="104.0209580808493">
        <ele>493.5659730574116</ele>
        <time>2026-07-05T14:21:42Z</time>
      </trkpt>
      <trkpt lat="30.489446808703907" lon="104.02097174781647">
        <ele>494.1855396432802</ele>
        <time>2026-07-05T14:21:46Z</time>
      </trkpt>
      <trkpt lat="30.489330656484675" lon="104.0210695835731">
        <ele>494.71407502517104</ele>
        <time>2026-07-05T14:21:50Z</time>
      </trkpt>
      <trkpt lat="30.489291967281606" lon="104.02121215745315">
        <ele>493.5896850116551</ele>
        <time>2026-07-05T14:21:54Z</time>
      </trkpt>
      <trkpt lat="30.48930163294821" lon="104.02158557607638">
        <ele>493.997136445716</ele>
        <time>2026-07-05T14:22:06Z</time>
      </trkpt>
      <trkpt lat="30.489279388459572" lon="104.02184664135163">
        <ele>493.48213695641607</ele>
        <time>2026-07-05T14:22:14Z</time>
      </trkpt>
      <trkpt lat="30.48936289320649" lon="104.02206162427866">
        <ele>494.72472798544914</ele>
        <time>2026-07-05T14:22:22Z</time>
      </trkpt>
      <trkpt lat="30.48932534078497" lon="104.0223337502672">
        <ele>494.4077221667394</ele>
        <time>2026-07-05T14:22:30Z</time>
      </trkpt>
      <trkpt lat="30.489368400136257" lon="104.0227056429431">
        <ele>493.0530515257269</ele>
        <time>2026-07-05T14:22:42Z</time>
      </trkpt>
      <trkpt lat="30.48967376659072" lon="104.02277331681108">
        <ele>491.9681422235444</ele>
        <time>2026-07-05T14:22:54Z</time>
      </trkpt>
      <trkpt lat="30.489764338551943" lon="104.02280414969475">
        <ele>493.11122532747686</ele>
        <time>2026-07-05T14:22:58Z</time>
      </trkpt>
      <trkpt lat="30.48992252387046" lon="104.02292897499794">
        <ele>491.0268120439723</ele>
        <time>2026-07-05T14:23:06Z</time>
      </trkpt>
      <trkpt lat="30.49001810978675" lon="104.02291455377733">
        <ele>489.9517758600414</ele>
        <time>2026-07-05T14:23:10Z</time>
      </trkpt>
      <trkpt lat="30.490084394956234" lon="104.02284120902756">
        <ele>488.4307879274711</ele>
        <time>2026-07-05T14:23:14Z</time>
      </trkpt>
      <trkpt lat="30.490156827307278" lon="104.02282260393557">
        <ele>489.05258054845035</ele>
        <time>2026-07-05T14:23:18Z</time>
      </trkpt>
      <trkpt lat="30.4904145054494" lon="104.02288329996061">
        <ele>488.41132392175496</ele>
        <time>2026-07-05T14:23:26Z</time>
      </trkpt>
      <trkpt lat="30.490551635852217" lon="104.02288899955701">
        <ele>488.1064207330346</ele>
        <time>2026-07-05T14:23:30Z</time>
      </trkpt>
      <trkpt lat="30.490668025271987" lon="104.0228702217544">
        <ele>487.7768238289282</ele>
        <time>2026-07-05T14:23:34Z</time>
      </trkpt>
      <trkpt lat="30.490714290180644" lon="104.02274881423776">
        <ele>487.96368284896016</ele>
        <time>2026-07-05T14:23:38Z</time>
      </trkpt>
      <trkpt lat="30.490754042915107" lon="104.02240536161328">
        <ele>484.9532171720639</ele>
        <time>2026-07-05T14:23:50Z</time>
      </trkpt>
      <trkpt lat="30.49073963913015" lon="104.02217016714876">
        <ele>485.3124835649505</ele>
        <time>2026-07-05T14:23:58Z</time>
      </trkpt>
      <trkpt lat="30.49078285804984" lon="104.02192525515935">
        <ele>486.5700708432123</ele>
        <time>2026-07-05T14:24:06Z</time>
      </trkpt>
      <trkpt lat="30.490776471766903" lon="104.02156421630858">
        <ele>488.0248195147142</ele>
        <time>2026-07-05T14:24:18Z</time>
      </trkpt>
      <trkpt lat="30.49080636090429" lon="104.02145075433059">
        <ele>488.9305895920843</ele>
        <time>2026-07-05T14:24:22Z</time>
      </trkpt>
      <trkpt lat="30.490808194175916" lon="104.02131730999535">
        <ele>489.5724827721715</ele>
        <time>2026-07-05T14:24:26Z</time>
      </trkpt>
      <trkpt lat="30.490832515374038" lon="104.02119661247269">
        <ele>489.74144291412085</ele>
        <time>2026-07-05T14:24:30Z</time>
      </trkpt>
      <trkpt lat="30.49080129653105" lon="104.02109889071322">
        <ele>489.75126161798835</ele>
        <time>2026-07-05T14:24:34Z</time>
      </trkpt>
      <trkpt lat="30.490709520034667" lon="104.02107785453639">
        <ele>490.1446695914492</ele>
        <time>2026-07-05T14:24:37Z</time>
      </trkpt>
      <trkpt lat="30.490588651781906" lon="104.02107605302433">
        <ele>490.39069771301</ele>
        <time>2026-07-05T14:24:44Z</time>
      </trkpt>
      <trkpt lat="30.490496003211423" lon="104.0210516730743">
        <ele>490.65491143241525</ele>
        <time>2026-07-05T14:24:48Z</time>
      </trkpt>
      <trkpt lat="30.490259084497094" lon="104.02093067666233">
        <ele>491.9443497527391</ele>
        <time>2026-07-05T14:24:56Z</time>
      </trkpt>
      <trkpt lat="30.49005603541198" lon="104.0209049605146">
        <ele>493.0430327663198</ele>
        <time>2026-07-05T14:25:04Z</time>
      </trkpt>
      <trkpt lat="30.489966448961365" lon="104.02093651178602">
        <ele>492.11399215552956</ele>
        <time>2026-07-05T14:25:08Z</time>
      </trkpt>
      <trkpt lat="30.489782683602662" lon="104.02103514513135">
        <ele>493.6615682821721</ele>
        <time>2026-07-05T14:25:16Z</time>
      </trkpt>
      <trkpt lat="30.489718032601676" lon="104.02104327986676">
        <ele>492.9935723505914</ele>
        <time>2026-07-05T14:25:20Z</time>
      </trkpt>
      <trkpt lat="30.48949008350118" lon="104.02097587130025">
        <ele>493.1825951570645</ele>
        <time>2026-07-05T14:25:28Z</time>
      </trkpt>
      <trkpt lat="30.489366980216385" lon="104.02102826113752">
        <ele>494.0787052223459</ele>
        <time>2026-07-05T14:25:32Z</time>
      </trkpt>
      <trkpt lat="30.48931738858236" lon="104.02116500309367">
        <ele>494.3874718071893</ele>
        <time>2026-07-05T14:25:36Z</time>
      </trkpt>
      <trkpt lat="30.48930255542898" lon="104.02152807471808">
        <ele>493.70869403518736</ele>
        <time>2026-07-05T14:25:48Z</time>
      </trkpt>
      <trkpt lat="30.48928393572449" lon="104.02176141394152">
        <ele>493.93230596836656</ele>
        <time>2026-07-05T14:25:56Z</time>
      </trkpt>
      <trkpt lat="30.489337878036928" lon="104.02198930592029">
        <ele>493.65450116526335</ele>
        <time>2026-07-05T14:26:04Z</time>
      </trkpt>
      <trkpt lat="30.489341928338433" lon="104.02210889285277">
        <ele>494.20404496230185</ele>
        <time>2026-07-05T14:26:08Z</time>
      </trkpt>
      <trkpt lat="30.48932379286778" lon="104.02224082296624">
        <ele>493.4902637768537</ele>
        <time>2026-07-05T14:26:12Z</time>
      </trkpt>
      <trkpt lat="30.4893313481216" lon="104.02236546747736">
        <ele>494.26457457244396</ele>
        <time>2026-07-05T14:26:16Z</time>
      </trkpt>
      <trkpt lat="30.48936152198711" lon="104.0224798177647">
        <ele>494.00351202394813</ele>
        <time>2026-07-05T14:26:20Z</time>
      </trkpt>
      <trkpt lat="30.48936257877562" lon="104.0227235893976">
        <ele>493.6558253336698</ele>
        <time>2026-07-05T14:26:28Z</time>
      </trkpt>
      <trkpt lat="30.489710114079536" lon="104.02278290757785">
        <ele>491.66997720021755</ele>
        <time>2026-07-05T14:26:40Z</time>
      </trkpt>
      <trkpt lat="30.489792946946114" lon="104.02277974712773">
        <ele>491.88754179049283</ele>
        <time>2026-07-05T14:26:43Z</time>
      </trkpt>
      <trkpt lat="30.489941062786645" lon="104.02294236242278">
        <ele>491.5030601872131</ele>
        <time>2026-07-05T14:26:51Z</time>
      </trkpt>
      <trkpt lat="30.490050774860947" lon="104.02290208257814">
        <ele>489.6668106177822</ele>
        <time>2026-07-05T14:26:55Z</time>
      </trkpt>
      <trkpt lat="30.49013382866195" lon="104.0228241380791">
        <ele>487.8562886668369</ele>
        <time>2026-07-05T14:26:59Z</time>
      </trkpt>
      <trkpt lat="30.490478073305916" lon="104.02288489896188">
        <ele>486.6284469142556</ele>
        <time>2026-07-05T14:27:11Z</time>
      </trkpt>
      <trkpt lat="30.490595955690647" lon="104.02291092272326">
        <ele>487.1068726796657</ele>
        <time>2026-07-05T14:27:15Z</time>
      </trkpt>
      <trkpt lat="30.490688105391012" lon="104.02287961804316">
        <ele>488.0223943721503</ele>
        <time>2026-07-05T14:27:19Z</time>
      </trkpt>
      <trkpt lat="30.490764023401553" lon="104.02250087391303">
        <ele>485.1331881945953</ele>
        <time>2026-07-05T14:27:31Z</time>
      </trkpt>
      <trkpt lat="30.4907670416877" lon="104.02214477667827">
        <ele>485.5772198000923</ele>
        <time>2026-07-05T14:27:43Z</time>
      </trkpt>
      <trkpt lat="30.49077318828788" lon="104.02191014776196">
        <ele>486.23991797771305</ele>
        <time>2026-07-05T14:27:51Z</time>
      </trkpt>
      <trkpt lat="30.490758345181817" lon="104.02178370322619">
        <ele>487.3039078824222</ele>
        <time>2026-07-05T14:27:55Z</time>
      </trkpt>
      <trkpt lat="30.490777636071634" lon="104.0214153732874">
        <ele>488.924364942126</ele>
        <time>2026-07-05T14:28:07Z</time>
      </trkpt>
      <trkpt lat="30.490743391806244" lon="104.02119512119272">
        <ele>488.3016229579225</ele>
        <time>2026-07-05T14:28:15Z</time>
      </trkpt>
      <trkpt lat="30.49071073179432" lon="104.02111061016619">
        <ele>488.6176761686802</ele>
        <time>2026-07-05T14:28:19Z</time>
      </trkpt>
      <trkpt lat="30.4905517948962" lon="104.0210924318241">
        <ele>489.5876933913678</ele>
        <time>2026-07-05T14:28:31Z</time>
      </trkpt>
      <trkpt lat="30.490239280206286" lon="104.02093144594946">
        <ele>492.9209341676906</ele>
        <time>2026-07-05T14:28:43Z</time>
      </trkpt>
      <trkpt lat="30.489974838875266" lon="104.02086510043699">
        <ele>492.43808944616467</ele>
        <time>2026-07-05T14:28:55Z</time>
      </trkpt>
      <trkpt lat="30.489982894309843" lon="104.0207523320139">
        <ele>491.01544921286404</ele>
        <time>2026-07-05T14:28:59Z</time>
      </trkpt>
      <trkpt lat="30.490029253625412" lon="104.0206773422338">
        <ele>490.35496549960226</ele>
        <time>2026-07-05T14:29:03Z</time>
      </trkpt>
      <trkpt lat="30.490393159765468" lon="104.0206909998526">
        <ele>491.5216658376157</ele>
        <time>2026-07-05T14:29:18Z</time>
      </trkpt>
      <trkpt lat="30.490488591252245" lon="104.02066524997417">
        <ele>492.2204069076106</ele>
        <time>2026-07-05T14:29:22Z</time>
      </trkpt>
      <trkpt lat="30.490593264844765" lon="104.0206841893169">
        <ele>492.67238903883845</ele>
        <time>2026-07-05T14:29:26Z</time>
      </trkpt>
      <trkpt lat="30.490697645244314" lon="104.02067889431491">
        <ele>491.46730075776577</ele>
        <time>2026-07-05T14:29:30Z</time>
      </trkpt>
      <trkpt lat="30.490702691390705" lon="104.02062724675058">
        <ele>490.6944571789354</ele>
        <time>2026-07-05T14:29:34Z</time>
      </trkpt>
    </trkseg>
  </trk>
</gpx>