<?xml version="1.0" encoding="UTF-8"?>
<gpx xmlns="http://www.topografix.com/GPX/1/1" xmlns:gpxtpx="http://www.garmin.com/xmlschemas/TrackPointExtension/v1" xmlns:xsi="http://www.w3.org/2001/XMLSchema-instance" xsi:schemaLocation="http://www.topografix.com/GPX/1/1 http://www.topografix.com/GPX/1/1/gpx.xsd" version="1.1" creator="gpx.py -- https://github.com/tkrajina/gpxpy">
  <trk>
    <name>gpx from keep</name>
    <type>Run</type>
    <trkseg>
      <trkpt lat="30.4907595740666" lon="104.02256044321022">
        <ele>483.7666468503132</ele>
        <time>2026-06-15T13:08:31Z</time>
        <extensions>
          <gpxtpx:TrackPointExtension>
            <gpxtpx:hr>65</gpxtpx:hr>
          </gpxtpx:TrackPointExtension>
        </extensions>
      </trkpt>
      <trkpt lat="30.490707803446654" lon="104.02240711339464">
        <ele>486.45889958448544</ele>
        <time>2026-06-15T13:08:39Z</time>
        <extensions>
          <gpxtpx:TrackPointExtension>
            <gpxtpx:hr>65</gpxtpx:hr>
          </gpxtpx:TrackPointExtension>
        </extensions>
      </trkpt>
      <trkpt lat="30.490747371184842" lon="104.02214470731718">
        <ele>486.5613966640085</ele>
        <time>2026-06-15T13:08:50Z</time>
        <extensions>
          <gpxtpx:TrackPointExtension>
            <gpxtpx:hr>102</gpxtpx:hr>
          </gpxtpx:TrackPointExtension>
        </extensions>
      </trkpt>
      <trkpt lat="30.490795119152917" lon="104.02206156563324">
        <ele>486.6219357121736</ele>
        <time>2026-06-15T13:08:54Z</time>
        <extensions>
          <gpxtpx:TrackPointExtension>
            <gpxtpx:hr>102</gpxtpx:hr>
          </gpxtpx:TrackPointExtension>
        </extensions>
      </trkpt>
      <trkpt lat="30.490809704969212" lon="104.02182451236853">
        <ele>488.3196823000908</ele>
        <time>2026-06-15T13:09:06Z</time>
        <extensions>
          <gpxtpx:TrackPointExtension>
            <gpxtpx:hr>102</gpxtpx:hr>
          </gpxtpx:TrackPointExtension>
        </extensions>
      </trkpt>
      <trkpt lat="30.490775176329414" lon="104.02177936008161">
        <ele>487.4786354349926</ele>
        <time>2026-06-15T13:09:10Z</time>
        <extensions>
          <gpxtpx:TrackPointExtension>
            <gpxtpx:hr>102</gpxtpx:hr>
          </gpxtpx:TrackPointExtension>
        </extensions>
      </trkpt>
      <trkpt lat="30.490831776548788" lon="104.0216767165548">
        <ele>486.45040017552674</ele>
        <time>2026-06-15T13:09:14Z</time>
      </trkpt>
      <trkpt lat="30.490851952720682" lon="104.0215426209719">
        <ele>487.0661941524595</ele>
        <time>2026-06-15T13:09:18Z</time>
      </trkpt>
      <trkpt lat="30.490833810778547" lon="104.02139966107497">
        <ele>487.6444136723876</ele>
        <time>2026-06-15T13:09:22Z</time>
      </trkpt>
      <trkpt lat="30.490846511530066" lon="104.02113508758505">
        <ele>490.23150827456266</ele>
        <time>2026-06-15T13:09:30Z</time>
      </trkpt>
      <trkpt lat="30.490798355921992" lon="104.02104352395469">
        <ele>490.4211913673207</ele>
        <time>2026-06-15T13:09:34Z</time>
      </trkpt>
      <trkpt lat="30.490712294945443" lon="104.02101236123067">
        <ele>490.81933503132313</ele>
        <time>2026-06-15T13:09:38Z</time>
      </trkpt>
      <trkpt lat="30.49051337697605" lon="104.02101398820997">
        <ele>491.9998620096594</ele>
        <time>2026-06-15T13:09:46Z</time>
      </trkpt>
      <trkpt lat="30.49032115759864" lon="104.02094934229349">
        <ele>492.7641232088208</ele>
        <time>2026-06-15T13:09:54Z</time>
      </trkpt>
      <trkpt lat="30.49029010231829" lon="104.02083652667173">
        <ele>492.7924535609782</ele>
        <time>2026-06-15T13:09:58Z</time>
      </trkpt>
      <trkpt lat="30.490201525273594" lon="104.02081902795193">
        <ele>493.07476300839335</ele>
        <time>2026-06-15T13:10:02Z</time>
      </trkpt>
      <trkpt lat="30.489985702666456" lon="104.02084252972772">
        <ele>493.0923439525068</ele>
        <time>2026-06-15T13:10:10Z</time>
      </trkpt>
      <trkpt lat="30.48988638349977" lon="104.02087711605992">
        <ele>492.82694803364575</ele>
        <time>2026-06-15T13:10:14Z</time>
      </trkpt>
      <trkpt lat="30.489811371948228" lon="104.02094787912547">
        <ele>493.29305683542043</ele>
        <time>2026-06-15T13:10:18Z</time>
      </trkpt>
      <trkpt lat="30.48971205875556" lon="104.02096080776757">
        <ele>492.9491017293185</ele>
        <time>2026-06-15T13:10:22Z</time>
      </trkpt>
      <trkpt lat="30.489627916004455" lon="104.0209255013342">
        <ele>493.6827699486166</ele>
        <time>2026-06-15T13:10:26Z</time>
      </trkpt>
      <trkpt lat="30.48943875133552" lon="104.02090953353861">
        <ele>493.4855928886682</ele>
        <time>2026-06-15T13:10:34Z</time>
      </trkpt>
      <trkpt lat="30.48936150203531" lon="104.02097508091028">
        <ele>493.2980687394738</ele>
        <time>2026-06-15T13:10:38Z</time>
      </trkpt>
      <trkpt lat="30.48931568676043" lon="104.02108941657558">
        <ele>494.4273298345506</ele>
        <time>2026-06-15T13:10:42Z</time>
      </trkpt>
      <trkpt lat="30.489327551406742" lon="104.02117625944413">
        <ele>493.84107134956867</ele>
        <time>2026-06-15T13:10:45Z</time>
      </trkpt>
      <trkpt lat="30.48930355410043" lon="104.02149915611153">
        <ele>492.8012856198475</ele>
        <time>2026-06-15T13:10:57Z</time>
      </trkpt>
      <trkpt lat="30.489280301731164" lon="104.02156629704145">
        <ele>492.83500097040087</ele>
        <time>2026-06-15T13:11:00Z</time>
      </trkpt>
      <trkpt lat="30.489323705209014" lon="104.02174945253985">
        <ele>493.0130332810804</ele>
        <time>2026-06-15T13:11:06Z</time>
      </trkpt>
      <trkpt lat="30.489313186912103" lon="104.02183593287064">
        <ele>492.81163168512285</ele>
        <time>2026-06-15T13:11:09Z</time>
      </trkpt>
      <trkpt lat="30.4893489497446" lon="104.02199343482386">
        <ele>493.6361446361989</ele>
        <time>2026-06-15T13:11:15Z</time>
      </trkpt>
      <trkpt lat="30.48935032117609" lon="104.0221059109267">
        <ele>492.960162573494</ele>
        <time>2026-06-15T13:11:19Z</time>
      </trkpt>
      <trkpt lat="30.48939083237638" lon="104.02230776545001">
        <ele>491.8887131912634</ele>
        <time>2026-06-15T13:11:26Z</time>
      </trkpt>
      <trkpt lat="30.489396261924337" lon="104.02254847659556">
        <ele>491.570809641853</ele>
        <time>2026-06-15T13:11:34Z</time>
      </trkpt>
      <trkpt lat="30.489441596155228" lon="104.02263073164134">
        <ele>491.15179425664246</ele>
        <time>2026-06-15T13:11:38Z</time>
      </trkpt>
      <trkpt lat="30.48960913626816" lon="104.02265367547054">
        <ele>490.65100228693336</ele>
        <time>2026-06-15T13:11:46Z</time>
      </trkpt>
      <trkpt lat="30.48968341004935" lon="104.02269412598324">
        <ele>490.1842446681112</ele>
        <time>2026-06-15T13:11:50Z</time>
      </trkpt>
      <trkpt lat="30.489864303483976" lon="104.02273244854817">
        <ele>488.34894647821784</ele>
        <time>2026-06-15T13:11:58Z</time>
      </trkpt>
      <trkpt lat="30.489937346159778" lon="104.0228092291526">
        <ele>488.4626997075975</ele>
        <time>2026-06-15T13:12:02Z</time>
      </trkpt>
      <trkpt lat="30.490040864907392" lon="104.02284177888399">
        <ele>488.30818929336965</ele>
        <time>2026-06-15T13:12:06Z</time>
      </trkpt>
      <trkpt lat="30.490138192120465" lon="104.02280042301796">
        <ele>487.4421187089756</ele>
        <time>2026-06-15T13:12:10Z</time>
      </trkpt>
      <trkpt lat="30.490212398557254" lon="104.02274526681184">
        <ele>486.5807031178847</ele>
        <time>2026-06-15T13:12:14Z</time>
      </trkpt>
      <trkpt lat="30.49040780584755" lon="104.02276824885362">
        <ele>487.6697359988466</ele>
        <time>2026-06-15T13:12:22Z</time>
      </trkpt>
      <trkpt lat="30.490617118211556" lon="104.02283475088342">
        <ele>486.0472607947886</ele>
        <time>2026-06-15T13:12:30Z</time>
      </trkpt>
      <trkpt lat="30.490689618736443" lon="104.02277970153435">
        <ele>485.1910565169528</ele>
        <time>2026-06-15T13:12:34Z</time>
      </trkpt>
      <trkpt lat="30.49077487279229" lon="104.02254957920813">
        <ele>485.7362916069105</ele>
        <time>2026-06-15T13:12:42Z</time>
      </trkpt>
      <trkpt lat="30.49078939886792" lon="104.02225472683948">
        <ele>485.95588157884777</ele>
        <time>2026-06-15T13:12:52Z</time>
      </trkpt>
      <trkpt lat="30.49080547758951" lon="104.02208854505746">
        <ele>487.19522127509117</ele>
        <time>2026-06-15T13:12:58Z</time>
      </trkpt>
      <trkpt lat="30.49079335302595" lon="104.02183352633591">
        <ele>487.5680552776903</ele>
        <time>2026-06-15T13:13:08Z</time>
      </trkpt>
      <trkpt lat="30.490816573351406" lon="104.02156978765086">
        <ele>487.57534420117736</ele>
        <time>2026-06-15T13:13:19Z</time>
      </trkpt>
      <trkpt lat="30.49079669466158" lon="104.02120393081697">
        <ele>488.70870098564774</ele>
        <time>2026-06-15T13:13:31Z</time>
      </trkpt>
      <trkpt lat="30.49070425981457" lon="104.02102466883373">
        <ele>490.44581038411707</ele>
        <time>2026-06-15T13:13:39Z</time>
      </trkpt>
      <trkpt lat="30.49062219648396" lon="104.0209889359833">
        <ele>490.6246924782172</ele>
        <time>2026-06-15T13:13:43Z</time>
      </trkpt>
      <trkpt lat="30.49031630352952" lon="104.0209750311954">
        <ele>492.26269685290754</ele>
        <time>2026-06-15T13:13:55Z</time>
      </trkpt>
      <trkpt lat="30.490254377181678" lon="104.02088639352188">
        <ele>492.14989478327334</ele>
        <time>2026-06-15T13:13:59Z</time>
      </trkpt>
      <trkpt lat="30.49018236879251" lon="104.02083303583288">
        <ele>492.96353318635374</ele>
        <time>2026-06-15T13:14:03Z</time>
      </trkpt>
      <trkpt lat="30.490083773559075" lon="104.02085518487532">
        <ele>492.4775134688243</ele>
        <time>2026-06-15T13:14:07Z</time>
      </trkpt>
      <trkpt lat="30.489985894385182" lon="104.02085422985893">
        <ele>492.684045557864</ele>
        <time>2026-06-15T13:14:11Z</time>
      </trkpt>
      <trkpt lat="30.48988963473112" lon="104.0208782966925">
        <ele>491.96048237010837</ele>
        <time>2026-06-15T13:14:15Z</time>
      </trkpt>
      <trkpt lat="30.489806193080277" lon="104.02093626520931">
        <ele>492.21844170894474</ele>
        <time>2026-06-15T13:14:19Z</time>
      </trkpt>
      <trkpt lat="30.48970862724856" lon="104.02095328161325">
        <ele>493.0965252369642</ele>
        <time>2026-06-15T13:14:23Z</time>
      </trkpt>
      <trkpt lat="30.48950554064863" lon="104.02089915143337">
        <ele>493.27728627528995</ele>
        <time>2026-06-15T13:14:31Z</time>
      </trkpt>
      <trkpt lat="30.489402966978215" lon="104.02090350561774">
        <ele>493.90745049063116</ele>
        <time>2026-06-15T13:14:35Z</time>
      </trkpt>
      <trkpt lat="30.489327550975855" lon="104.0209935595957">
        <ele>493.95945636276156</ele>
        <time>2026-06-15T13:14:39Z</time>
      </trkpt>
      <trkpt lat="30.48931095863831" lon="104.02112025372395">
        <ele>494.0453764339909</ele>
        <time>2026-06-15T13:14:43Z</time>
      </trkpt>
      <trkpt lat="30.489324942462133" lon="104.02123344838716">
        <ele>493.3374692425132</ele>
        <time>2026-06-15T13:14:47Z</time>
      </trkpt>
      <trkpt lat="30.489296152192026" lon="104.02151461472602">
        <ele>493.27761124260724</ele>
        <time>2026-06-15T13:14:57Z</time>
      </trkpt>
      <trkpt lat="30.48929459514706" lon="104.02171416996457">
        <ele>493.9669307600707</ele>
        <time>2026-06-15T13:15:04Z</time>
      </trkpt>
      <trkpt lat="30.48931081161059" lon="104.0218325971492">
        <ele>493.70590618252754</ele>
        <time>2026-06-15T13:15:08Z</time>
      </trkpt>
      <trkpt lat="30.489352790809892" lon="104.02193451837574">
        <ele>493.1762326154858</ele>
        <time>2026-06-15T13:15:12Z</time>
      </trkpt>
      <trkpt lat="30.489382730579926" lon="104.02226974306289">
        <ele>491.91921286843717</ele>
        <time>2026-06-15T13:15:24Z</time>
      </trkpt>
      <trkpt lat="30.489394987793364" lon="104.02238347776864">
        <ele>491.5593628482893</ele>
        <time>2026-06-15T13:15:28Z</time>
      </trkpt>
      <trkpt lat="30.48938244605938" lon="104.0225036589456">
        <ele>491.26122658420354</ele>
        <time>2026-06-15T13:15:32Z</time>
      </trkpt>
      <trkpt lat="30.489409209861922" lon="104.02259831097643">
        <ele>490.7587576722726</ele>
        <time>2026-06-15T13:15:36Z</time>
      </trkpt>
      <trkpt lat="30.489584397877337" lon="104.0226346858233">
        <ele>490.23141305707395</ele>
        <time>2026-06-15T13:15:44Z</time>
      </trkpt>
      <trkpt lat="30.489656261383104" lon="104.0226939085577">
        <ele>489.39541721716523</ele>
        <time>2026-06-15T13:15:48Z</time>
      </trkpt>
      <trkpt lat="30.48983755314602" lon="104.02273758486886">
        <ele>488.4497281005606</ele>
        <time>2026-06-15T13:15:56Z</time>
      </trkpt>
      <trkpt lat="30.489923877854338" lon="104.02281356313311">
        <ele>488.69159529544413</ele>
        <time>2026-06-15T13:16:00Z</time>
      </trkpt>
      <trkpt lat="30.490031597520712" lon="104.02284521967128">
        <ele>488.1687692590058</ele>
        <time>2026-06-15T13:16:04Z</time>
      </trkpt>
      <trkpt lat="30.49012552279134" lon="104.02280833029991">
        <ele>487.7976521020755</ele>
        <time>2026-06-15T13:16:08Z</time>
      </trkpt>
      <trkpt lat="30.490191019698134" lon="104.0227526972194">
        <ele>487.80129705742</ele>
        <time>2026-06-15T13:16:12Z</time>
      </trkpt>
      <trkpt lat="30.490402685829544" lon="104.0227692630943">
        <ele>487.66366374492645</ele>
        <time>2026-06-15T13:16:20Z</time>
      </trkpt>
      <trkpt lat="30.490590278597473" lon="104.02282752010282">
        <ele>485.90596267580986</ele>
        <time>2026-06-15T13:16:28Z</time>
      </trkpt>
      <trkpt lat="30.490674678104405" lon="104.02279753107939">
        <ele>484.88915686588734</ele>
        <time>2026-06-15T13:16:32Z</time>
      </trkpt>
      <trkpt lat="30.490787675777103" lon="104.02257908134611">
        <ele>485.2643124004826</ele>
        <time>2026-06-15T13:16:40Z</time>
      </trkpt>
      <trkpt lat="30.490786146125938" lon="104.02233793904682">
        <ele>485.95501366630197</ele>
        <time>2026-06-15T13:16:48Z</time>
      </trkpt>
      <trkpt lat="30.49075162126462" lon="104.02223448556397">
        <ele>486.57186078932136</ele>
        <time>2026-06-15T13:16:52Z</time>
      </trkpt>
      <trkpt lat="30.49079678105959" lon="104.02186053382046">
        <ele>487.4293164163828</ele>
        <time>2026-06-15T13:17:05Z</time>
      </trkpt>
      <trkpt lat="30.490807423192237" lon="104.02152890578316">
        <ele>488.1795226149261</ele>
        <time>2026-06-15T13:17:17Z</time>
      </trkpt>
      <trkpt lat="30.490800287824516" lon="104.02131878260069">
        <ele>488.9755509933457</ele>
        <time>2026-06-15T13:17:25Z</time>
      </trkpt>
      <trkpt lat="30.490816102849575" lon="104.02121058964907">
        <ele>489.25184500869364</ele>
        <time>2026-06-15T13:17:29Z</time>
      </trkpt>
      <trkpt lat="30.490782533639866" lon="104.0210857489642">
        <ele>490.00278328638524</ele>
        <time>2026-06-15T13:17:33Z</time>
      </trkpt>
      <trkpt lat="30.490719717212542" lon="104.02102106718435">
        <ele>490.9293523300439</ele>
        <time>2026-06-15T13:17:37Z</time>
      </trkpt>
      <trkpt lat="30.49062165157511" lon="104.02099935674195">
        <ele>490.67643998283893</ele>
        <time>2026-06-15T13:17:41Z</time>
      </trkpt>
      <trkpt lat="30.49053029848636" lon="104.02100616368169">
        <ele>491.2664781380445</ele>
        <time>2026-06-15T13:17:45Z</time>
      </trkpt>
      <trkpt lat="30.490327811296023" lon="104.02097975037279">
        <ele>491.48535237740725</ele>
        <time>2026-06-15T13:17:53Z</time>
      </trkpt>
      <trkpt lat="30.490268732305594" lon="104.0208915906606">
        <ele>492.51091663818806</ele>
        <time>2026-06-15T13:17:57Z</time>
      </trkpt>
      <trkpt lat="30.490218880243614" lon="104.0208492767463">
        <ele>492.54833909869194</ele>
        <time>2026-06-15T13:18:01Z</time>
      </trkpt>
      <trkpt lat="30.490108910490992" lon="104.02087254894928">
        <ele>492.9047797098756</ele>
        <time>2026-06-15T13:18:05Z</time>
      </trkpt>
      <trkpt lat="30.48999497761831" lon="104.02086540963657">
        <ele>492.6362674459815</ele>
        <time>2026-06-15T13:18:09Z</time>
      </trkpt>
      <trkpt lat="30.489782096488625" lon="104.0209395543078">
        <ele>493.7987658167258</ele>
        <time>2026-06-15T13:18:17Z</time>
      </trkpt>
      <trkpt lat="30.489694555873502" lon="104.0209453950581">
        <ele>493.52000572998077</ele>
        <time>2026-06-15T13:18:21Z</time>
      </trkpt>
      <trkpt lat="30.489402658733965" lon="104.02087358951884">
        <ele>493.0018741860986</ele>
        <time>2026-06-15T13:18:33Z</time>
      </trkpt>
      <trkpt lat="30.48934454872056" lon="104.02099985839082">
        <ele>493.94564557634294</ele>
        <time>2026-06-15T13:18:37Z</time>
      </trkpt>
      <trkpt lat="30.489306738784418" lon="104.02114317104744">
        <ele>493.961414616555</ele>
        <time>2026-06-15T13:18:41Z</time>
      </trkpt>
      <trkpt lat="30.489312655905703" lon="104.02137444585831">
        <ele>494.28489907924086</ele>
        <time>2026-06-15T13:18:49Z</time>
      </trkpt>
      <trkpt lat="30.48929334032542" lon="104.02149238479524">
        <ele>494.16982741467655</ele>
        <time>2026-06-15T13:18:53Z</time>
      </trkpt>
      <trkpt lat="30.489328840422566" lon="104.02161133756731">
        <ele>493.2120316280052</ele>
        <time>2026-06-15T13:18:57Z</time>
      </trkpt>
      <trkpt lat="30.489311294578975" lon="104.0217285417721">
        <ele>492.6746192770079</ele>
        <time>2026-06-15T13:19:01Z</time>
      </trkpt>
      <trkpt lat="30.489375814493055" lon="104.0221550888769">
        <ele>493.0289085227996</ele>
        <time>2026-06-15T13:19:16Z</time>
      </trkpt>
      <trkpt lat="30.48937955025872" lon="104.02248445580041">
        <ele>491.098625196144</ele>
        <time>2026-06-15T13:19:28Z</time>
      </trkpt>
      <trkpt lat="30.4893908082267" lon="104.02259145348432">
        <ele>491.4150892747566</ele>
        <time>2026-06-15T13:19:32Z</time>
      </trkpt>
      <trkpt lat="30.489473783070856" lon="104.02262530741602">
        <ele>490.4061826793477</ele>
        <time>2026-06-15T13:19:36Z</time>
      </trkpt>
      <trkpt lat="30.48956569922083" lon="104.02261141805471">
        <ele>490.4197687106207</ele>
        <time>2026-06-15T13:19:40Z</time>
      </trkpt>
      <trkpt lat="30.48968817352079" lon="104.02271012146008">
        <ele>488.4368045274168</ele>
        <time>2026-06-15T13:19:48Z</time>
      </trkpt>
      <trkpt lat="30.489817992316812" lon="104.02272100988532">
        <ele>489.1111933346838</ele>
        <time>2026-06-15T13:19:52Z</time>
      </trkpt>
      <trkpt lat="30.489909084667428" lon="104.02281537844516">
        <ele>489.0320746600628</ele>
        <time>2026-06-15T13:19:56Z</time>
      </trkpt>
      <trkpt lat="30.49002666743685" lon="104.02283195772316">
        <ele>488.2888347133994</ele>
        <time>2026-06-15T13:20:00Z</time>
      </trkpt>
      <trkpt lat="30.49020456402358" lon="104.02277000290269">
        <ele>486.9106194814667</ele>
        <time>2026-06-15T13:20:08Z</time>
      </trkpt>
      <trkpt lat="30.490431037401212" lon="104.02277287274956">
        <ele>488.4687947910279</ele>
        <time>2026-06-15T13:20:16Z</time>
      </trkpt>
      <trkpt lat="30.490609981396098" lon="104.02284135730952">
        <ele>486.7324825786054</ele>
        <time>2026-06-15T13:20:24Z</time>
      </trkpt>
      <trkpt lat="30.490680629314344" lon="104.02279716594289">
        <ele>485.3557520834729</ele>
        <time>2026-06-15T13:20:28Z</time>
      </trkpt>
      <trkpt lat="30.4907081485745" lon="104.02270500608475">
        <ele>486.10860828962177</ele>
        <time>2026-06-15T13:20:32Z</time>
      </trkpt>
      <trkpt lat="30.49076965091552" lon="104.02260326203756">
        <ele>485.01222615037113</ele>
        <time>2026-06-15T13:20:36Z</time>
      </trkpt>
      <trkpt lat="30.49076607025977" lon="104.02249172062444">
        <ele>485.60265444777906</ele>
        <time>2026-06-15T13:20:40Z</time>
      </trkpt>
      <trkpt lat="30.490808443523598" lon="104.0222447623932">
        <ele>485.94438169989735</ele>
        <time>2026-06-15T13:20:48Z</time>
      </trkpt>
      <trkpt lat="30.49078820732991" lon="104.02212592042578">
        <ele>486.3968315515667</ele>
        <time>2026-06-15T13:20:52Z</time>
      </trkpt>
      <trkpt lat="30.490820732535525" lon="104.02174797970706">
        <ele>487.9287408115342</ele>
        <time>2026-06-15T13:21:04Z</time>
      </trkpt>
      <trkpt lat="30.4908257377524" lon="104.02163176431124">
        <ele>487.9496365925297</ele>
        <time>2026-06-15T13:21:08Z</time>
      </trkpt>
      <trkpt lat="30.490808524794637" lon="104.02150425530688">
        <ele>488.59066634159535</ele>
        <time>2026-06-15T13:21:12Z</time>
      </trkpt>
      <trkpt lat="30.490818392227407" lon="104.0212972026459">
        <ele>488.96556018013507</ele>
        <time>2026-06-15T13:21:20Z</time>
      </trkpt>
      <trkpt lat="30.490764880616048" lon="104.02108339941788">
        <ele>490.6661601951346</ele>
        <time>2026-06-15T13:21:28Z</time>
      </trkpt>
      <trkpt lat="30.490708979133387" lon="104.0210214932518">
        <ele>490.7722204811871</ele>
        <time>2026-06-15T13:21:32Z</time>
      </trkpt>
      <trkpt lat="30.49042060353666" lon="104.02099435273469">
        <ele>491.5819880645722</ele>
        <time>2026-06-15T13:21:44Z</time>
      </trkpt>
      <trkpt lat="30.49034409970186" lon="104.02096108464471">
        <ele>492.0783700235188</ele>
        <time>2026-06-15T13:21:48Z</time>
      </trkpt>
      <trkpt lat="30.490285950794945" lon="104.02089391317332">
        <ele>491.77207026816905</ele>
        <time>2026-06-15T13:21:52Z</time>
      </trkpt>
      <trkpt lat="30.490209708927722" lon="104.02084333200489">
        <ele>492.5744233429432</ele>
        <time>2026-06-15T13:21:56Z</time>
      </trkpt>
      <trkpt lat="30.48997656741986" lon="104.02087220898046">
        <ele>492.4763654237613</ele>
        <time>2026-06-15T13:22:04Z</time>
      </trkpt>
      <trkpt lat="30.48987949891377" lon="104.02092209628259">
        <ele>492.59464265871793</ele>
        <time>2026-06-15T13:22:08Z</time>
      </trkpt>
      <trkpt lat="30.48978443060785" lon="104.02094441106722">
        <ele>493.284141568467</ele>
        <time>2026-06-15T13:22:12Z</time>
      </trkpt>
      <trkpt lat="30.489480626099546" lon="104.02087847090816">
        <ele>493.5050625903532</ele>
        <time>2026-06-15T13:22:24Z</time>
      </trkpt>
      <trkpt lat="30.489377844897646" lon="104.02091519429635">
        <ele>493.54031539708376</ele>
        <time>2026-06-15T13:22:28Z</time>
      </trkpt>
      <trkpt lat="30.489306714205213" lon="104.02104731697483">
        <ele>493.9596616923809</ele>
        <time>2026-06-15T13:22:32Z</time>
      </trkpt>
      <trkpt lat="30.489337570752987" lon="104.0211709899447">
        <ele>493.9456616593525</ele>
        <time>2026-06-15T13:22:36Z</time>
      </trkpt>
      <trkpt lat="30.48932880246789" lon="104.02152211124574">
        <ele>493.49085271079093</ele>
        <time>2026-06-15T13:22:48Z</time>
      </trkpt>
      <trkpt lat="30.489286633766593" lon="104.02163927671268">
        <ele>493.21775649581105</ele>
        <time>2026-06-15T13:22:52Z</time>
      </trkpt>
      <trkpt lat="30.48934358244417" lon="104.02199941624438">
        <ele>492.8996283840388</ele>
        <time>2026-06-15T13:23:04Z</time>
      </trkpt>
      <trkpt lat="30.489377922032055" lon="104.0223102421188">
        <ele>491.35625040438026</ele>
        <time>2026-06-15T13:23:15Z</time>
      </trkpt>
      <trkpt lat="30.489392804212276" lon="104.02243934303395">
        <ele>492.21159049868584</ele>
        <time>2026-06-15T13:23:19Z</time>
      </trkpt>
      <trkpt lat="30.489386401137494" lon="104.02255203953405">
        <ele>491.5507906842977</ele>
        <time>2026-06-15T13:23:23Z</time>
      </trkpt>
      <trkpt lat="30.48944219094315" lon="104.02262551957793">
        <ele>490.5233035776764</ele>
        <time>2026-06-15T13:23:27Z</time>
      </trkpt>
      <trkpt lat="30.489527040006244" lon="104.02261849120728">
        <ele>490.69856043346226</ele>
        <time>2026-06-15T13:23:31Z</time>
      </trkpt>
      <trkpt lat="30.489680240086546" lon="104.02270525212035">
        <ele>489.0587944453582</ele>
        <time>2026-06-15T13:23:39Z</time>
      </trkpt>
      <trkpt lat="30.4898672971545" lon="104.02273047126165">
        <ele>487.72911476902664</ele>
        <time>2026-06-15T13:23:47Z</time>
      </trkpt>
      <trkpt lat="30.489961607510274" lon="104.02281519229577">
        <ele>487.99537429586053</ele>
        <time>2026-06-15T13:23:51Z</time>
      </trkpt>
      <trkpt lat="30.49009249167485" lon="104.02282141536499">
        <ele>487.5814667241648</ele>
        <time>2026-06-15T13:23:55Z</time>
      </trkpt>
      <trkpt lat="30.490169871374192" lon="104.02277891843622">
        <ele>488.1439426187426</ele>
        <time>2026-06-15T13:23:59Z</time>
      </trkpt>
      <trkpt lat="30.490348121493923" lon="104.02273769974178">
        <ele>486.53250809945166</ele>
        <time>2026-06-15T13:24:07Z</time>
      </trkpt>
      <trkpt lat="30.49045168677744" lon="104.02277231089099">
        <ele>486.29129815939814</ele>
        <time>2026-06-15T13:24:11Z</time>
      </trkpt>
      <trkpt lat="30.490549489569407" lon="104.02283659999567">
        <ele>485.94169778749347</ele>
        <time>2026-06-15T13:24:15Z</time>
      </trkpt>
      <trkpt lat="30.4906242189221" lon="104.02283443640306">
        <ele>485.49667575303465</ele>
        <time>2026-06-15T13:24:19Z</time>
      </trkpt>
      <trkpt lat="30.49076365835951" lon="104.02264186715031">
        <ele>486.14794402755797</ele>
        <time>2026-06-15T13:24:27Z</time>
      </trkpt>
      <trkpt lat="30.49078660933059" lon="104.02255889431298">
        <ele>484.91949139069766</ele>
        <time>2026-06-15T13:24:31Z</time>
      </trkpt>
      <trkpt lat="30.49078824285899" lon="104.0224301075812">
        <ele>485.25799279101193</ele>
        <time>2026-06-15T13:24:35Z</time>
      </trkpt>
      <trkpt lat="30.49082489260904" lon="104.02232599156216">
        <ele>485.34829352237284</ele>
        <time>2026-06-15T13:24:39Z</time>
      </trkpt>
      <trkpt lat="30.490829353707994" lon="104.0222137115692">
        <ele>486.73712501861155</ele>
        <time>2026-06-15T13:24:43Z</time>
      </trkpt>
      <trkpt lat="30.490789297277814" lon="104.02208702027451">
        <ele>486.7385021671653</ele>
        <time>2026-06-15T13:24:47Z</time>
      </trkpt>
      <trkpt lat="30.490810747903822" lon="104.0216944053839">
        <ele>487.9529311787337</ele>
        <time>2026-06-15T13:24:59Z</time>
      </trkpt>
      <trkpt lat="30.490831272754175" lon="104.021343982266">
        <ele>487.2372730867937</ele>
        <time>2026-06-15T13:25:11Z</time>
      </trkpt>
      <trkpt lat="30.49076328163201" lon="104.0210581514567">
        <ele>489.3868384901434</ele>
        <time>2026-06-15T13:25:22Z</time>
      </trkpt>
      <trkpt lat="30.490593944585704" lon="104.02101114697338">
        <ele>490.2998238671571</ele>
        <time>2026-06-15T13:25:29Z</time>
      </trkpt>
      <trkpt lat="30.490409360942472" lon="104.02100112181878">
        <ele>490.7334904745221</ele>
        <time>2026-06-15T13:25:37Z</time>
      </trkpt>
      <trkpt lat="30.490295216205798" lon="104.02095316237568">
        <ele>492.15533799212426</ele>
        <time>2026-06-15T13:25:41Z</time>
      </trkpt>
      <trkpt lat="30.490222918102603" lon="104.02087677244415">
        <ele>492.6032380182296</ele>
        <time>2026-06-15T13:25:45Z</time>
      </trkpt>
      <trkpt lat="30.49003486415415" lon="104.02084121293025">
        <ele>493.53468436934054</ele>
        <time>2026-06-15T13:25:53Z</time>
      </trkpt>
      <trkpt lat="30.48992780555766" lon="104.02086884935352">
        <ele>493.4072875129059</ele>
        <time>2026-06-15T13:25:57Z</time>
      </trkpt>
      <trkpt lat="30.489827968794312" lon="104.02092954590513">
        <ele>494.4267271691933</ele>
        <time>2026-06-15T13:26:01Z</time>
      </trkpt>
      <trkpt lat="30.48975842080361" lon="104.02095228303877">
        <ele>493.33479273412377</ele>
        <time>2026-06-15T13:26:05Z</time>
      </trkpt>
      <trkpt lat="30.489655923804033" lon="104.02093915459034">
        <ele>492.8347066016868</ele>
        <time>2026-06-15T13:26:09Z</time>
      </trkpt>
      <trkpt lat="30.489566947368573" lon="104.02090791132721">
        <ele>493.20930630434304</ele>
        <time>2026-06-15T13:26:13Z</time>
      </trkpt>
      <trkpt lat="30.489464211230953" lon="104.02090578794494">
        <ele>493.4027083236724</ele>
        <time>2026-06-15T13:26:17Z</time>
      </trkpt>
      <trkpt lat="30.489371381745134" lon="104.02094812725731">
        <ele>493.39436817821115</ele>
        <time>2026-06-15T13:26:21Z</time>
      </trkpt>
      <trkpt lat="30.48929035308977" lon="104.02107476013654">
        <ele>494.3679601624608</ele>
        <time>2026-06-15T13:26:25Z</time>
      </trkpt>
      <trkpt lat="30.489309675695253" lon="104.02130944745676">
        <ele>493.7532453145832</ele>
        <time>2026-06-15T13:26:33Z</time>
      </trkpt>
      <trkpt lat="30.48929542843725" lon="104.02142399413569">
        <ele>493.87485070340335</ele>
        <time>2026-06-15T13:26:37Z</time>
      </trkpt>
      <trkpt lat="30.48932440393347" lon="104.02176479548876">
        <ele>492.7474728897214</ele>
        <time>2026-06-15T13:26:49Z</time>
      </trkpt>
      <trkpt lat="30.489339613455712" lon="104.02209795920773">
        <ele>492.1550502423197</ele>
        <time>2026-06-15T13:27:01Z</time>
      </trkpt>
      <trkpt lat="30.489381175494596" lon="104.02242959177036">
        <ele>491.74451303016394</ele>
        <time>2026-06-15T13:27:13Z</time>
      </trkpt>
      <trkpt lat="30.489392137986357" lon="104.0225393787406">
        <ele>490.36614965088665</ele>
        <time>2026-06-15T13:27:17Z</time>
      </trkpt>
      <trkpt lat="30.48944354022962" lon="104.02260739685597">
        <ele>489.80391066055745</ele>
        <time>2026-06-15T13:27:21Z</time>
      </trkpt>
      <trkpt lat="30.489746439769345" lon="104.02266909972892">
        <ele>490.06292648613453</ele>
        <time>2026-06-15T13:27:33Z</time>
      </trkpt>
      <trkpt lat="30.489871546552774" lon="104.02271798006367">
        <ele>488.4341586213559</ele>
        <time>2026-06-15T13:27:40Z</time>
      </trkpt>
      <trkpt lat="30.48995426340026" lon="104.02278565115121">
        <ele>487.7726293420419</ele>
        <time>2026-06-15T13:27:44Z</time>
      </trkpt>
      <trkpt lat="30.490067571492187" lon="104.02280518128752">
        <ele>487.8352872058749</ele>
        <time>2026-06-15T13:27:48Z</time>
      </trkpt>
      <trkpt lat="30.490152720734194" lon="104.02276444006337">
        <ele>487.6147034401074</ele>
        <time>2026-06-15T13:27:52Z</time>
      </trkpt>
      <trkpt lat="30.490443028893203" lon="104.02274119458137">
        <ele>486.30103413388133</ele>
        <time>2026-06-15T13:28:04Z</time>
      </trkpt>
      <trkpt lat="30.490561819322135" lon="104.02280650049158">
        <ele>486.6279612425715</ele>
        <time>2026-06-15T13:28:08Z</time>
      </trkpt>
      <trkpt lat="30.49064654993492" lon="104.02282571127658">
        <ele>486.2284135231748</ele>
        <time>2026-06-15T13:28:12Z</time>
      </trkpt>
      <trkpt lat="30.490669012716957" lon="104.02276227883344">
        <ele>485.0482761869207</ele>
        <time>2026-06-15T13:28:16Z</time>
      </trkpt>
      <trkpt lat="30.49074428299296" lon="104.02264286399887">
        <ele>485.89302551280707</ele>
        <time>2026-06-15T13:28:20Z</time>
      </trkpt>
      <trkpt lat="30.490780528467887" lon="104.02254029505937">
        <ele>485.683943066746</ele>
        <time>2026-06-15T13:28:24Z</time>
      </trkpt>
      <trkpt lat="30.490811833074687" lon="104.02219602567695">
        <ele>486.38800146151334</ele>
        <time>2026-06-15T13:28:36Z</time>
      </trkpt>
      <trkpt lat="30.490805561898938" lon="104.02195356143083">
        <ele>486.95865723490715</ele>
        <time>2026-06-15T13:28:44Z</time>
      </trkpt>
      <trkpt lat="30.490823605298342" lon="104.02160724168982">
        <ele>488.6717798486352</ele>
        <time>2026-06-15T13:28:56Z</time>
      </trkpt>
      <trkpt lat="30.490809892502675" lon="104.02149344615917">
        <ele>487.96398350503296</ele>
        <time>2026-06-15T13:29:00Z</time>
      </trkpt>
      <trkpt lat="30.490819466504494" lon="104.02136571293445">
        <ele>488.52867302764207</ele>
        <time>2026-06-15T13:29:04Z</time>
      </trkpt>
      <trkpt lat="30.4907996941701" lon="104.02126217546838">
        <ele>488.63285270985216</ele>
        <time>2026-06-15T13:29:08Z</time>
      </trkpt>
      <trkpt lat="30.490803142754757" lon="104.0211454082625">
        <ele>488.9438241207972</ele>
        <time>2026-06-15T13:29:12Z</time>
      </trkpt>
      <trkpt lat="30.490756188228758" lon="104.0210530460191">
        <ele>489.26720487419516</ele>
        <time>2026-06-15T13:29:16Z</time>
      </trkpt>
      <trkpt lat="30.490562234364752" lon="104.02099458893439">
        <ele>490.6067255632952</ele>
        <time>2026-06-15T13:29:24Z</time>
      </trkpt>
      <trkpt lat="30.49045879467979" lon="104.02100626568316">
        <ele>491.4160988545045</ele>
        <time>2026-06-15T13:29:28Z</time>
      </trkpt>
      <trkpt lat="30.490201436759396" lon="104.02089736810252">
        <ele>493.13349276129156</ele>
        <time>2026-06-15T13:29:39Z</time>
      </trkpt>
      <trkpt lat="30.49015875980323" lon="104.02082452274432">
        <ele>492.5593865532428</ele>
        <time>2026-06-15T13:29:43Z</time>
      </trkpt>
      <trkpt lat="30.489951652643672" lon="104.02084882108832">
        <ele>492.93207688909024</ele>
        <time>2026-06-15T13:29:51Z</time>
      </trkpt>
      <trkpt lat="30.48978779581021" lon="104.02095801983886">
        <ele>493.73630398046225</ele>
        <time>2026-06-15T13:29:59Z</time>
      </trkpt>
      <trkpt lat="30.489589599864424" lon="104.02091708445694">
        <ele>493.25901478063315</ele>
        <time>2026-06-15T13:30:07Z</time>
      </trkpt>
      <trkpt lat="30.48938193732404" lon="104.02093784954766">
        <ele>493.5425174375996</ele>
        <time>2026-06-15T13:30:15Z</time>
      </trkpt>
      <trkpt lat="30.48929945465204" lon="104.02105900064532">
        <ele>494.09480345621705</ele>
        <time>2026-06-15T13:30:19Z</time>
      </trkpt>
      <trkpt lat="30.489288415821285" lon="104.02119128154543">
        <ele>494.1682351725176</ele>
        <time>2026-06-15T13:30:23Z</time>
      </trkpt>
      <trkpt lat="30.489313268233122" lon="104.02152818312588">
        <ele>493.62377901002765</ele>
        <time>2026-06-15T13:30:35Z</time>
      </trkpt>
      <trkpt lat="30.489316202295026" lon="104.02177635157584">
        <ele>493.1595340259373</ele>
        <time>2026-06-15T13:30:43Z</time>
      </trkpt>
      <trkpt lat="30.48935301040442" lon="104.02211250071164">
        <ele>492.03280551172793</ele>
        <time>2026-06-15T13:30:55Z</time>
      </trkpt>
      <trkpt lat="30.489366050596853" lon="104.02246676695637">
        <ele>491.8418629625812</ele>
        <time>2026-06-15T13:31:07Z</time>
      </trkpt>
      <trkpt lat="30.48937955782281" lon="104.02256594832157">
        <ele>490.89239612501115</ele>
        <time>2026-06-15T13:31:11Z</time>
      </trkpt>
      <trkpt lat="30.489442380581977" lon="104.02260545369255">
        <ele>490.3705418109894</ele>
        <time>2026-06-15T13:31:15Z</time>
      </trkpt>
      <trkpt lat="30.48974273444055" lon="104.02266848077296">
        <ele>489.58811298105866</ele>
        <time>2026-06-15T13:31:27Z</time>
      </trkpt>
      <trkpt lat="30.489820472163434" lon="104.02271305109016">
        <ele>489.0950334556401</ele>
        <time>2026-06-15T13:31:31Z</time>
      </trkpt>
      <trkpt lat="30.48991423210563" lon="104.0227998412021">
        <ele>489.4222995052114</ele>
        <time>2026-06-15T13:31:35Z</time>
      </trkpt>
      <trkpt lat="30.489999681739505" lon="104.0228153567647">
        <ele>488.4522347552702</ele>
        <time>2026-06-15T13:31:38Z</time>
      </trkpt>
      <trkpt lat="30.490103935574236" lon="104.02280054149122">
        <ele>488.06114309467375</ele>
        <time>2026-06-15T13:31:42Z</time>
      </trkpt>
      <trkpt lat="30.490197024866493" lon="104.02275957553766">
        <ele>486.70231598988175</ele>
        <time>2026-06-15T13:31:46Z</time>
      </trkpt>
      <trkpt lat="30.490385038419333" lon="104.02275516567641">
        <ele>486.6530390214175</ele>
        <time>2026-06-15T13:31:54Z</time>
      </trkpt>
      <trkpt lat="30.490601091036673" lon="104.02281440244334">
        <ele>486.07717387378216</ele>
        <time>2026-06-15T13:32:02Z</time>
      </trkpt>
      <trkpt lat="30.49067484670885" lon="104.02280175347913">
        <ele>485.8784958459437</ele>
        <time>2026-06-15T13:32:06Z</time>
      </trkpt>
      <trkpt lat="30.49075875488302" lon="104.02248228174005">
        <ele>485.557069866918</ele>
        <time>2026-06-15T13:32:18Z</time>
      </trkpt>
      <trkpt lat="30.490796481633183" lon="104.02235917820985">
        <ele>485.75706608220935</ele>
        <time>2026-06-15T13:32:22Z</time>
      </trkpt>
      <trkpt lat="30.49079816692088" lon="104.02197899879866">
        <ele>488.42246168572456</ele>
        <time>2026-06-15T13:32:34Z</time>
      </trkpt>
      <trkpt lat="30.490809121539613" lon="104.02164381002981">
        <ele>487.6934833303094</ele>
        <time>2026-06-15T13:32:46Z</time>
      </trkpt>
      <trkpt lat="30.49079430036496" lon="104.0215266168794">
        <ele>488.5879309736192</ele>
        <time>2026-06-15T13:32:50Z</time>
      </trkpt>
      <trkpt lat="30.49082678964883" lon="104.02129266171646">
        <ele>488.5203947275877</ele>
        <time>2026-06-15T13:32:58Z</time>
      </trkpt>
      <trkpt lat="30.49078657814502" lon="104.02120680453825">
        <ele>489.4534080438316</ele>
        <time>2026-06-15T13:33:02Z</time>
      </trkpt>
      <trkpt lat="30.4907578789513" lon="104.02108990526224">
        <ele>489.65171918738633</ele>
        <time>2026-06-15T13:33:06Z</time>
      </trkpt>
      <trkpt lat="30.49068135407196" lon="104.02102634466205">
        <ele>490.53477766830474</ele>
        <time>2026-06-15T13:33:10Z</time>
      </trkpt>
      <trkpt lat="30.49038932956761" lon="104.02098346408111">
        <ele>491.59991104062647</ele>
        <time>2026-06-15T13:33:22Z</time>
      </trkpt>
      <trkpt lat="30.490297407644753" lon="104.02092045044988">
        <ele>491.76993343420327</ele>
        <time>2026-06-15T13:33:26Z</time>
      </trkpt>
      <trkpt lat="30.490094945858484" lon="104.02087282126291">
        <ele>493.1144449682906</ele>
        <time>2026-06-15T13:33:34Z</time>
      </trkpt>
      <trkpt lat="30.490026812752333" lon="104.02084209089043">
        <ele>493.12570814136416</ele>
        <time>2026-06-15T13:33:38Z</time>
      </trkpt>
      <trkpt lat="30.4899598341781" lon="104.020853437408">
        <ele>492.79309497307986</ele>
        <time>2026-06-15T13:33:41Z</time>
      </trkpt>
      <trkpt lat="30.489879910105664" lon="104.02091441758009">
        <ele>493.488546368666</ele>
        <time>2026-06-15T13:33:45Z</time>
      </trkpt>
      <trkpt lat="30.489661257610095" lon="104.02092673623208">
        <ele>493.3706463407725</ele>
        <time>2026-06-15T13:33:53Z</time>
      </trkpt>
      <trkpt lat="30.48947244767528" lon="104.02091691098333">
        <ele>494.0607682466507</ele>
        <time>2026-06-15T13:34:01Z</time>
      </trkpt>
      <trkpt lat="30.489378071059075" lon="104.02097825741991">
        <ele>493.6037704991177</ele>
        <time>2026-06-15T13:34:05Z</time>
      </trkpt>
      <trkpt lat="30.48929311782329" lon="104.02109698851699">
        <ele>493.73739278595895</ele>
        <time>2026-06-15T13:34:09Z</time>
      </trkpt>
      <trkpt lat="30.48929353222894" lon="104.02122096340273">
        <ele>493.7153270225972</ele>
        <time>2026-06-15T13:34:13Z</time>
      </trkpt>
      <trkpt lat="30.4893119251692" lon="104.02133944241928">
        <ele>494.1810852373019</ele>
        <time>2026-06-15T13:34:17Z</time>
      </trkpt>
      <trkpt lat="30.489294539420275" lon="104.0215616147981">
        <ele>492.852976039052</ele>
        <time>2026-06-15T13:34:25Z</time>
      </trkpt>
      <trkpt lat="30.48930253866127" lon="104.02180422543408">
        <ele>493.52922589797527</ele>
        <time>2026-06-15T13:34:33Z</time>
      </trkpt>
      <trkpt lat="30.48935704651501" lon="104.022156001138">
        <ele>492.2269255146384</ele>
        <time>2026-06-15T13:34:45Z</time>
      </trkpt>
      <trkpt lat="30.48938066458672" lon="104.0223729607242">
        <ele>491.0646550292149</ele>
        <time>2026-06-15T13:34:53Z</time>
      </trkpt>
      <trkpt lat="30.489374653108687" lon="104.02250384285233">
        <ele>491.1851862631738</ele>
        <time>2026-06-15T13:34:57Z</time>
      </trkpt>
      <trkpt lat="30.48939559667632" lon="104.02258112978645">
        <ele>490.75135579518974</ele>
        <time>2026-06-15T13:35:01Z</time>
      </trkpt>
      <trkpt lat="30.48949221113621" lon="104.02262238891198">
        <ele>491.4538893541321</ele>
        <time>2026-06-15T13:35:05Z</time>
      </trkpt>
      <trkpt lat="30.48971928224878" lon="104.02264358305302">
        <ele>490.6336273793131</ele>
        <time>2026-06-15T13:35:13Z</time>
      </trkpt>
      <trkpt lat="30.48980793097902" lon="104.02267320533596">
        <ele>489.72791913244873</ele>
        <time>2026-06-15T13:35:17Z</time>
      </trkpt>
      <trkpt lat="30.48990006863708" lon="104.02273197573467">
        <ele>489.4606736851856</ele>
        <time>2026-06-15T13:35:21Z</time>
      </trkpt>
      <trkpt lat="30.489974330876308" lon="104.02282820580136">
        <ele>488.59014616999775</ele>
        <time>2026-06-15T13:35:25Z</time>
      </trkpt>
      <trkpt lat="30.49007631355405" lon="104.02283261820557">
        <ele>488.0881269713864</ele>
        <time>2026-06-15T13:35:29Z</time>
      </trkpt>
      <trkpt lat="30.490173987489907" lon="104.02277414544521">
        <ele>488.35974252503365</ele>
        <time>2026-06-15T13:35:33Z</time>
      </trkpt>
      <trkpt lat="30.490275268020024" lon="104.02276384268308">
        <ele>488.1363422004506</ele>
        <time>2026-06-15T13:35:37Z</time>
      </trkpt>
      <trkpt lat="30.490575168480134" lon="104.0228065442372">
        <ele>485.1971423914656</ele>
        <time>2026-06-15T13:35:48Z</time>
      </trkpt>
      <trkpt lat="30.49067605807584" lon="104.02279251234721">
        <ele>485.4343475922942</ele>
        <time>2026-06-15T13:35:52Z</time>
      </trkpt>
      <trkpt lat="30.490730697249543" lon="104.02272364945271">
        <ele>485.56988560874015</ele>
        <time>2026-06-15T13:35:55Z</time>
      </trkpt>
      <trkpt lat="30.490801379687642" lon="104.02238694893416">
        <ele>485.5960564073175</ele>
        <time>2026-06-15T13:36:07Z</time>
      </trkpt>
      <trkpt lat="30.490803807558603" lon="104.0220100551581">
        <ele>486.2820368530229</ele>
        <time>2026-06-15T13:36:19Z</time>
      </trkpt>
      <trkpt lat="30.490817271536443" lon="104.02165576966081">
        <ele>487.73057835921645</ele>
        <time>2026-06-15T13:36:31Z</time>
      </trkpt>
      <trkpt lat="30.490829872510965" lon="104.02152809594548">
        <ele>487.6108469199389</ele>
        <time>2026-06-15T13:36:35Z</time>
      </trkpt>
      <trkpt lat="30.490818580341767" lon="104.02140302499953">
        <ele>488.1473292866722</ele>
        <time>2026-06-15T13:36:39Z</time>
      </trkpt>
      <trkpt lat="30.49082746031341" lon="104.02128330002068">
        <ele>489.5679123336449</ele>
        <time>2026-06-15T13:36:43Z</time>
      </trkpt>
      <trkpt lat="30.49078489472923" lon="104.02118349729157">
        <ele>490.28623915463686</ele>
        <time>2026-06-15T13:36:47Z</time>
      </trkpt>
      <trkpt lat="30.490782876372773" lon="104.02106176743888">
        <ele>489.98185739666224</ele>
        <time>2026-06-15T13:36:51Z</time>
      </trkpt>
      <trkpt lat="30.490680325069384" lon="104.02098265698483">
        <ele>490.5092062940821</ele>
        <time>2026-06-15T13:36:55Z</time>
      </trkpt>
      <trkpt lat="30.49059860187355" lon="104.02101352209188">
        <ele>491.2057187920436</ele>
        <time>2026-06-15T13:36:59Z</time>
      </trkpt>
      <trkpt lat="30.490295988771525" lon="104.02095260698023">
        <ele>492.60664550587535</ele>
        <time>2026-06-15T13:37:11Z</time>
      </trkpt>
      <trkpt lat="30.49019920627929" lon="104.02088292544994">
        <ele>492.81932850461453</ele>
        <time>2026-06-15T13:37:15Z</time>
      </trkpt>
      <trkpt lat="30.490020416330438" lon="104.02083729753448">
        <ele>493.82781849987805</ele>
        <time>2026-06-15T13:37:23Z</time>
      </trkpt>
      <trkpt lat="30.489938804908462" lon="104.02085588940226">
        <ele>493.216885836795</ele>
        <time>2026-06-15T13:37:27Z</time>
      </trkpt>
      <trkpt lat="30.489883126502495" lon="104.02093641759382">
        <ele>492.88311153743416</ele>
        <time>2026-06-15T13:37:31Z</time>
      </trkpt>
      <trkpt lat="30.489554882445265" lon="104.02091322880165">
        <ele>493.8573171123862</ele>
        <time>2026-06-15T13:37:43Z</time>
      </trkpt>
      <trkpt lat="30.489450972790756" lon="104.02092233857756">
        <ele>493.38966614287347</ele>
        <time>2026-06-15T13:37:47Z</time>
      </trkpt>
      <trkpt lat="30.48935412464564" lon="104.02096803088745">
        <ele>493.4358938941732</ele>
        <time>2026-06-15T13:37:51Z</time>
      </trkpt>
      <trkpt lat="30.4892931327161" lon="104.02105731277348">
        <ele>494.04457915667444</ele>
        <time>2026-06-15T13:37:54Z</time>
      </trkpt>
      <trkpt lat="30.489274692241978" lon="104.02119322160588">
        <ele>494.02306207455695</ele>
        <time>2026-06-15T13:37:58Z</time>
      </trkpt>
      <trkpt lat="30.489307862285642" lon="104.02128464847819">
        <ele>493.6654844265431</ele>
        <time>2026-06-15T13:38:01Z</time>
      </trkpt>
      <trkpt lat="30.489285405562633" lon="104.02145889561076">
        <ele>494.0337624512613</ele>
        <time>2026-06-15T13:38:08Z</time>
      </trkpt>
      <trkpt lat="30.48930561720461" lon="104.02181291779817">
        <ele>493.3326677419245</ele>
        <time>2026-06-15T13:38:20Z</time>
      </trkpt>
      <trkpt lat="30.489368033038655" lon="104.02217447645586">
        <ele>492.35338515788317</ele>
        <time>2026-06-15T13:38:32Z</time>
      </trkpt>
      <trkpt lat="30.489378173353646" lon="104.02252135302618">
        <ele>490.45749384351075</ele>
        <time>2026-06-15T13:38:44Z</time>
      </trkpt>
      <trkpt lat="30.489426657420214" lon="104.02259779597972">
        <ele>490.21648611314595</ele>
        <time>2026-06-15T13:38:48Z</time>
      </trkpt>
      <trkpt lat="30.489615877177645" lon="104.0226320895834">
        <ele>489.3928389949724</ele>
        <time>2026-06-15T13:38:56Z</time>
      </trkpt>
      <trkpt lat="30.489695704786172" lon="104.02269090216492">
        <ele>489.8648788873106</ele>
        <time>2026-06-15T13:39:00Z</time>
      </trkpt>
      <trkpt lat="30.48985103019155" lon="104.02275681881655">
        <ele>489.0538423638791</ele>
        <time>2026-06-15T13:39:08Z</time>
      </trkpt>
      <trkpt lat="30.489973359085123" lon="104.02284433176929">
        <ele>488.99145884625614</ele>
        <time>2026-06-15T13:39:12Z</time>
      </trkpt>
      <trkpt lat="30.490078599418812" lon="104.02282283861096">
        <ele>488.18988333735615</ele>
        <time>2026-06-15T13:39:16Z</time>
      </trkpt>
      <trkpt lat="30.490158126277652" lon="104.02277340912286">
        <ele>487.06289290450513</ele>
        <time>2026-06-15T13:39:20Z</time>
      </trkpt>
      <trkpt lat="30.490379476834434" lon="104.02276837816947">
        <ele>488.4405719321221</ele>
        <time>2026-06-15T13:39:28Z</time>
      </trkpt>
      <trkpt lat="30.490490991089743" lon="104.02281552098333">
        <ele>487.2693377546966</ele>
        <time>2026-06-15T13:39:32Z</time>
      </trkpt>
      <trkpt lat="30.490676288050192" lon="104.02281582614077">
        <ele>486.3575367759913</ele>
        <time>2026-06-15T13:39:40Z</time>
      </trkpt>
      <trkpt lat="30.490773650733576" lon="104.02263874131893">
        <ele>484.865161921829</ele>
        <time>2026-06-15T13:39:48Z</time>
      </trkpt>
      <trkpt lat="30.49079921360304" lon="104.02252554531786">
        <ele>485.27508481405675</ele>
        <time>2026-06-15T13:39:52Z</time>
      </trkpt>
      <trkpt lat="30.49079875202472" lon="104.02229463422648">
        <ele>485.9899724991992</ele>
        <time>2026-06-15T13:39:59Z</time>
      </trkpt>
      <trkpt lat="30.49081839686844" lon="104.02217453424079">
        <ele>486.2535345479846</ele>
        <time>2026-06-15T13:40:03Z</time>
      </trkpt>
      <trkpt lat="30.490797093046925" lon="104.02208517945537">
        <ele>486.4622040577233</ele>
        <time>2026-06-15T13:40:06Z</time>
      </trkpt>
      <trkpt lat="30.490811781229883" lon="104.0217470202311">
        <ele>487.0710014924407</ele>
        <time>2026-06-15T13:40:18Z</time>
      </trkpt>
      <trkpt lat="30.490790147440787" lon="104.02150563763422">
        <ele>487.67515913024545</ele>
        <time>2026-06-15T13:40:26Z</time>
      </trkpt>
      <trkpt lat="30.490822567283004" lon="104.0213718628105">
        <ele>488.56848065089434</ele>
        <time>2026-06-15T13:40:30Z</time>
      </trkpt>
      <trkpt lat="30.49081247155058" lon="104.02125778187367">
        <ele>489.0493549639359</ele>
        <time>2026-06-15T13:40:34Z</time>
      </trkpt>
      <trkpt lat="30.490744423405225" lon="104.02105939528775">
        <ele>490.2841275418177</ele>
        <time>2026-06-15T13:40:42Z</time>
      </trkpt>
      <trkpt lat="30.49066278874179" lon="104.0210007349697">
        <ele>490.37418166641146</ele>
        <time>2026-06-15T13:40:46Z</time>
      </trkpt>
      <trkpt lat="30.49047182706522" lon="104.02100096934495">
        <ele>491.0991769041866</ele>
        <time>2026-06-15T13:40:54Z</time>
      </trkpt>
      <trkpt lat="30.490368383458208" lon="104.02097921670189">
        <ele>491.35264139063656</ele>
        <time>2026-06-15T13:40:58Z</time>
      </trkpt>
      <trkpt lat="30.490271946492292" lon="104.02091810925012">
        <ele>491.9367335187271</ele>
        <time>2026-06-15T13:41:02Z</time>
      </trkpt>
      <trkpt lat="30.490190820447342" lon="104.0208343669117">
        <ele>491.93519149534404</ele>
        <time>2026-06-15T13:41:06Z</time>
      </trkpt>
      <trkpt lat="30.489994255377113" lon="104.02082836003174">
        <ele>493.74898307584226</ele>
        <time>2026-06-15T13:41:14Z</time>
      </trkpt>
      <trkpt lat="30.489824643245687" lon="104.02094700928131">
        <ele>493.19786890782416</ele>
        <time>2026-06-15T13:41:22Z</time>
      </trkpt>
      <trkpt lat="30.4895959131203" lon="104.02092709993491">
        <ele>493.3567150104791</ele>
        <time>2026-06-15T13:41:30Z</time>
      </trkpt>
      <trkpt lat="30.489398679486214" lon="104.02093722797915">
        <ele>493.9905583318323</ele>
        <time>2026-06-15T13:41:38Z</time>
      </trkpt>
      <trkpt lat="30.489300246403722" lon="104.02103810309578">
        <ele>494.4613679992035</ele>
        <time>2026-06-15T13:41:42Z</time>
      </trkpt>
      <trkpt lat="30.48928736805506" lon="104.0211552670778">
        <ele>494.8895125053823</ele>
        <time>2026-06-15T13:41:46Z</time>
      </trkpt>
      <trkpt lat="30.489322728505346" lon="104.02127340577488">
        <ele>493.78151335939765</ele>
        <time>2026-06-15T13:41:50Z</time>
      </trkpt>
      <trkpt lat="30.4892963221893" lon="104.02150717069895">
        <ele>493.8350053196773</ele>
        <time>2026-06-15T13:41:58Z</time>
      </trkpt>
      <trkpt lat="30.489319059475886" lon="104.02183566222591">
        <ele>493.63393750041723</ele>
        <time>2026-06-15T13:42:09Z</time>
      </trkpt>
      <trkpt lat="30.48937313036349" lon="104.02205795650279">
        <ele>492.8692361423746</ele>
        <time>2026-06-15T13:42:17Z</time>
      </trkpt>
      <trkpt lat="30.489366086307697" lon="104.02227983380615">
        <ele>491.10002347268164</ele>
        <time>2026-06-15T13:42:25Z</time>
      </trkpt>
      <trkpt lat="30.489377598164232" lon="104.02253213557418">
        <ele>491.288107492961</ele>
        <time>2026-06-15T13:42:33Z</time>
      </trkpt>
      <trkpt lat="30.489448912179892" lon="104.02260346247178">
        <ele>490.1293260967359</ele>
        <time>2026-06-15T13:42:37Z</time>
      </trkpt>
      <trkpt lat="30.489546851947214" lon="104.02259643908704">
        <ele>489.32509107515216</ele>
        <time>2026-06-15T13:42:41Z</time>
      </trkpt>
      <trkpt lat="30.48963972036284" lon="104.02266018403448">
        <ele>490.20936554390937</ele>
        <time>2026-06-15T13:42:45Z</time>
      </trkpt>
      <trkpt lat="30.489693472235093" lon="104.02273980577458">
        <ele>489.2712673312053</ele>
        <time>2026-06-15T13:42:49Z</time>
      </trkpt>
      <trkpt lat="30.489763800305106" lon="104.0227331142343">
        <ele>488.1611335212365</ele>
        <time>2026-06-15T13:42:53Z</time>
      </trkpt>
      <trkpt lat="30.48988418453373" lon="104.02281556714048">
        <ele>488.60997414402664</ele>
        <time>2026-06-15T13:42:57Z</time>
      </trkpt>
      <trkpt lat="30.490005628887705" lon="104.0228513244415">
        <ele>488.3735385509208</ele>
        <time>2026-06-15T13:43:01Z</time>
      </trkpt>
      <trkpt lat="30.490204924145086" lon="104.02276856967447">
        <ele>486.6025716215372</ele>
        <time>2026-06-15T13:43:09Z</time>
      </trkpt>
      <trkpt lat="30.490305651666134" lon="104.02275301722632">
        <ele>486.3599752029404</ele>
        <time>2026-06-15T13:43:13Z</time>
      </trkpt>
      <trkpt lat="30.490619326304" lon="104.02282408317755">
        <ele>485.1169416550547</ele>
        <time>2026-06-15T13:43:25Z</time>
      </trkpt>
      <trkpt lat="30.490710277346484" lon="104.02275252973784">
        <ele>485.6108755255118</ele>
        <time>2026-06-15T13:43:29Z</time>
      </trkpt>
      <trkpt lat="30.490795073491814" lon="104.02256980589895">
        <ele>486.37254618573934</ele>
        <time>2026-06-15T13:43:37Z</time>
      </trkpt>
      <trkpt lat="30.490796675688195" lon="104.02218931272381">
        <ele>486.0825575282797</ele>
        <time>2026-06-15T13:43:49Z</time>
      </trkpt>
      <trkpt lat="30.490793781218763" lon="104.02197659455074">
        <ele>486.198297848925</ele>
        <time>2026-06-15T13:43:57Z</time>
      </trkpt>
      <trkpt lat="30.490802949014824" lon="104.02173317673068">
        <ele>488.03455137182027</ele>
        <time>2026-06-15T13:44:05Z</time>
      </trkpt>
      <trkpt lat="30.490832569542047" lon="104.02153425309369">
        <ele>488.4166176468134</ele>
        <time>2026-06-15T13:44:12Z</time>
      </trkpt>
      <trkpt lat="30.490812205676917" lon="104.02125935876445">
        <ele>489.39585083164275</ele>
        <time>2026-06-15T13:44:21Z</time>
      </trkpt>
      <trkpt lat="30.49082301565427" lon="104.02118214886657">
        <ele>490.8223594157025</ele>
        <time>2026-06-15T13:44:24Z</time>
      </trkpt>
      <trkpt lat="30.490793764487165" lon="104.02109639365113">
        <ele>490.6055549932644</ele>
        <time>2026-06-15T13:44:28Z</time>
      </trkpt>
      <trkpt lat="30.49071616794944" lon="104.0210374913663">
        <ele>490.3046208890155</ele>
        <time>2026-06-15T13:44:32Z</time>
      </trkpt>
      <trkpt lat="30.49062421602912" lon="104.02103079273171">
        <ele>491.2347492678091</ele>
        <time>2026-06-15T13:44:36Z</time>
      </trkpt>
      <trkpt lat="30.490336500547006" lon="104.02095148968247">
        <ele>491.85272913239896</ele>
        <time>2026-06-15T13:44:48Z</time>
      </trkpt>
      <trkpt lat="30.490262598706753" lon="104.02087738118827">
        <ele>492.93741785455495</ele>
        <time>2026-06-15T13:44:52Z</time>
      </trkpt>
      <trkpt lat="30.49018314943102" lon="104.02082625128551">
        <ele>492.89607399888337</ele>
        <time>2026-06-15T13:44:56Z</time>
      </trkpt>
      <trkpt lat="30.489984969274783" lon="104.02084859817569">
        <ele>493.0166631247848</ele>
        <time>2026-06-15T13:45:04Z</time>
      </trkpt>
      <trkpt lat="30.48975413101011" lon="104.02091368347507">
        <ele>492.50737603008747</ele>
        <time>2026-06-15T13:45:12Z</time>
      </trkpt>
      <trkpt lat="30.489554032033823" lon="104.02093371979856">
        <ele>492.95179155189544</ele>
        <time>2026-06-15T13:45:20Z</time>
      </trkpt>
      <trkpt lat="30.48946829428074" lon="104.02090768078929">
        <ele>493.65748403873295</ele>
        <time>2026-06-15T13:45:24Z</time>
      </trkpt>
      <trkpt lat="30.489392522978356" lon="104.02094994881914">
        <ele>493.74536524061114</ele>
        <time>2026-06-15T13:45:28Z</time>
      </trkpt>
      <trkpt lat="30.48932935374161" lon="104.02108004527884">
        <ele>494.62247221171856</ele>
        <time>2026-06-15T13:45:32Z</time>
      </trkpt>
      <trkpt lat="30.48930180286868" lon="104.02119287502467">
        <ele>493.09748757630587</ele>
        <time>2026-06-15T13:45:36Z</time>
      </trkpt>
      <trkpt lat="30.489308764379828" lon="104.02153962865599">
        <ele>492.98247485700995</ele>
        <time>2026-06-15T13:45:48Z</time>
      </trkpt>
      <trkpt lat="30.489333278963056" lon="104.02191395703058">
        <ele>492.7717469902709</ele>
        <time>2026-06-15T13:46:00Z</time>
      </trkpt>
      <trkpt lat="30.48937917823245" lon="104.02225273079166">
        <ele>492.07815331593156</ele>
        <time>2026-06-15T13:46:12Z</time>
      </trkpt>
      <trkpt lat="30.48936812138054" lon="104.02248192616621">
        <ele>490.18349040299654</ele>
        <time>2026-06-15T13:46:20Z</time>
      </trkpt>
      <trkpt lat="30.489393508026705" lon="104.0225894026648">
        <ele>490.69342171028256</ele>
        <time>2026-06-15T13:46:24Z</time>
      </trkpt>
      <trkpt lat="30.489587765536434" lon="104.02262803740258">
        <ele>490.25108807813376</ele>
        <time>2026-06-15T13:46:32Z</time>
      </trkpt>
      <trkpt lat="30.489631440971074" lon="104.02268572201214">
        <ele>489.1960757765919</ele>
        <time>2026-06-15T13:46:36Z</time>
      </trkpt>
      <trkpt lat="30.48979753947587" lon="104.02271002075996">
        <ele>486.15510965976864</ele>
        <time>2026-06-15T13:46:44Z</time>
      </trkpt>
      <trkpt lat="30.489928347247854" lon="104.0228488743825">
        <ele>488.30998187791556</ele>
        <time>2026-06-15T13:46:48Z</time>
      </trkpt>
      <trkpt lat="30.49004444818987" lon="104.02282487739161">
        <ele>487.46732668951154</ele>
        <time>2026-06-15T13:46:52Z</time>
      </trkpt>
      <trkpt lat="30.490135581844903" lon="104.02276989640512">
        <ele>486.52769512683153</ele>
        <time>2026-06-15T13:46:56Z</time>
      </trkpt>
      <trkpt lat="30.49035909642192" lon="104.0227517298829">
        <ele>487.13173060212284</ele>
        <time>2026-06-15T13:47:04Z</time>
      </trkpt>
      <trkpt lat="30.490477904315025" lon="104.02279743564">
        <ele>486.43823077436537</ele>
        <time>2026-06-15T13:47:08Z</time>
      </trkpt>
      <trkpt lat="30.49058277603171" lon="104.0228089511494">
        <ele>485.7413018317893</ele>
        <time>2026-06-15T13:47:12Z</time>
      </trkpt>
      <trkpt lat="30.49067810062646" lon="104.02279708761363">
        <ele>485.95908332429826</ele>
        <time>2026-06-15T13:47:16Z</time>
      </trkpt>
      <trkpt lat="30.490749214951013" lon="104.02272234870833">
        <ele>486.23900690022856</ele>
        <time>2026-06-15T13:47:20Z</time>
      </trkpt>
      <trkpt lat="30.490788994573144" lon="104.0225104721748">
        <ele>485.01716281473637</ele>
        <time>2026-06-15T13:47:28Z</time>
      </trkpt>
      <trkpt lat="30.490798667162267" lon="104.02214286613494">
        <ele>486.5739217326045</ele>
        <time>2026-06-15T13:47:40Z</time>
      </trkpt>
      <trkpt lat="30.490809121699098" lon="104.02178817723347">
        <ele>487.34680137224495</ele>
        <time>2026-06-15T13:47:52Z</time>
      </trkpt>
      <trkpt lat="30.49083011853881" lon="104.02144238438741">
        <ele>488.6252074725926</ele>
        <time>2026-06-15T13:48:04Z</time>
      </trkpt>
      <trkpt lat="30.490830360934233" lon="104.0212095083275">
        <ele>490.5395829025656</ele>
        <time>2026-06-15T13:48:12Z</time>
      </trkpt>
      <trkpt lat="30.490730664551513" lon="104.02103018133676">
        <ele>490.7109802244231</ele>
        <time>2026-06-15T13:48:20Z</time>
      </trkpt>
      <trkpt lat="30.490407040199035" lon="104.02098041479543">
        <ele>491.3218153147027</ele>
        <time>2026-06-15T13:48:33Z</time>
      </trkpt>
      <trkpt lat="30.490326825948554" lon="104.0209553029124">
        <ele>492.0679695876315</ele>
        <time>2026-06-15T13:48:36Z</time>
      </trkpt>
      <trkpt lat="30.49018051711795" lon="104.02082176011824">
        <ele>493.68133119493723</ele>
        <time>2026-06-15T13:48:44Z</time>
      </trkpt>
      <trkpt lat="30.489971159240262" lon="104.02084991667601">
        <ele>492.9313019318506</ele>
        <time>2026-06-15T13:48:52Z</time>
      </trkpt>
      <trkpt lat="30.489870436860546" lon="104.0209184712384">
        <ele>492.2431747857481</ele>
        <time>2026-06-15T13:48:56Z</time>
      </trkpt>
      <trkpt lat="30.489753805968146" lon="104.02093341716346">
        <ele>493.4840441076085</ele>
        <time>2026-06-15T13:49:00Z</time>
      </trkpt>
      <trkpt lat="30.489647197087628" lon="104.02092389612412">
        <ele>492.9353119833395</ele>
        <time>2026-06-15T13:49:04Z</time>
      </trkpt>
      <trkpt lat="30.489555714818476" lon="104.02088790098924">
        <ele>492.7721754219383</ele>
        <time>2026-06-15T13:49:08Z</time>
      </trkpt>
      <trkpt lat="30.489449729419135" lon="104.02089581336804">
        <ele>494.67501154448837</ele>
        <time>2026-06-15T13:49:12Z</time>
      </trkpt>
      <trkpt lat="30.489363140299137" lon="104.02095693654665">
        <ele>494.7542847460136</ele>
        <time>2026-06-15T13:49:16Z</time>
      </trkpt>
      <trkpt lat="30.489293959594633" lon="104.02110600619214">
        <ele>494.27693769615144</ele>
        <time>2026-06-15T13:49:20Z</time>
      </trkpt>
      <trkpt lat="30.48931591744719" lon="104.02122057109074">
        <ele>494.47636941447854</ele>
        <time>2026-06-15T13:49:24Z</time>
      </trkpt>
      <trkpt lat="30.489286305947143" lon="104.02155102982327">
        <ele>493.7068477002904</ele>
        <time>2026-06-15T13:49:36Z</time>
      </trkpt>
      <trkpt lat="30.489333533861842" lon="104.02192068404196">
        <ele>492.52384503930807</ele>
        <time>2026-06-15T13:49:48Z</time>
      </trkpt>
      <trkpt lat="30.489359770628255" lon="104.02203606339647">
        <ele>492.5307837417349</ele>
        <time>2026-06-15T13:49:52Z</time>
      </trkpt>
      <trkpt lat="30.489382759530507" lon="104.0223969027035">
        <ele>490.87263311911374</ele>
        <time>2026-06-15T13:50:04Z</time>
      </trkpt>
      <trkpt lat="30.489378497180887" lon="104.02250985938862">
        <ele>490.02613198570907</ele>
        <time>2026-06-15T13:50:08Z</time>
      </trkpt>
      <trkpt lat="30.489410827060976" lon="104.02261314074032">
        <ele>490.626418964006</ele>
        <time>2026-06-15T13:50:12Z</time>
      </trkpt>
      <trkpt lat="30.48950094252156" lon="104.02262167520658">
        <ele>489.72629403322935</ele>
        <time>2026-06-15T13:50:16Z</time>
      </trkpt>
      <trkpt lat="30.489570286423053" lon="104.02265816124243">
        <ele>488.74864412192255</ele>
        <time>2026-06-15T13:50:20Z</time>
      </trkpt>
      <trkpt lat="30.489592910079097" lon="104.02273209383414">
        <ele>487.9465110003948</ele>
        <time>2026-06-15T13:50:24Z</time>
      </trkpt>
      <trkpt lat="30.489718731884622" lon="104.02271837779838">
        <ele>485.75921585503966</ele>
        <time>2026-06-15T13:50:28Z</time>
      </trkpt>
      <trkpt lat="30.489840374272703" lon="104.02274537971842">
        <ele>486.3727411804721</ele>
        <time>2026-06-15T13:50:32Z</time>
      </trkpt>
      <trkpt lat="30.489971132850336" lon="104.0228412554317">
        <ele>488.50258717127144</ele>
        <time>2026-06-15T13:50:36Z</time>
      </trkpt>
      <trkpt lat="30.490079131523988" lon="104.02283019992979">
        <ele>487.99112002924085</ele>
        <time>2026-06-15T13:50:40Z</time>
      </trkpt>
      <trkpt lat="30.490274233154555" lon="104.02275038384292">
        <ele>487.7180661680177</ele>
        <time>2026-06-15T13:50:48Z</time>
      </trkpt>
      <trkpt lat="30.490601364959247" lon="104.02281113111474">
        <ele>486.83404200244695</ele>
        <time>2026-06-15T13:51:00Z</time>
      </trkpt>
      <trkpt lat="30.490681998834482" lon="104.02282600386323">
        <ele>485.86050965450704</ele>
        <time>2026-06-15T13:51:04Z</time>
      </trkpt>
      <trkpt lat="30.490748630047044" lon="104.02273440297384">
        <ele>486.3632448427379</ele>
        <time>2026-06-15T13:51:08Z</time>
      </trkpt>
      <trkpt lat="30.49080206147638" lon="104.02251770037752">
        <ele>486.4580384772271</ele>
        <time>2026-06-15T13:51:16Z</time>
      </trkpt>
      <trkpt lat="30.490792485149257" lon="104.02238514229082">
        <ele>486.4895609151572</ele>
        <time>2026-06-15T13:51:20Z</time>
      </trkpt>
      <trkpt lat="30.49080843130731" lon="104.02227728912486">
        <ele>486.297713952139</ele>
        <time>2026-06-15T13:51:24Z</time>
      </trkpt>
      <trkpt lat="30.490791418525493" lon="104.02215372315969">
        <ele>486.40461854450405</ele>
        <time>2026-06-15T13:51:28Z</time>
      </trkpt>
      <trkpt lat="30.49080707904851" lon="104.02190058655465">
        <ele>486.47562222741544</ele>
        <time>2026-06-15T13:51:36Z</time>
      </trkpt>
      <trkpt lat="30.49080088281977" lon="104.02178007792192">
        <ele>487.4698489755392</ele>
        <time>2026-06-15T13:51:40Z</time>
      </trkpt>
      <trkpt lat="30.490825031780044" lon="104.02144101244956">
        <ele>488.5738314697519</ele>
        <time>2026-06-15T13:51:52Z</time>
      </trkpt>
      <trkpt lat="30.49081917920873" lon="104.02109165024268">
        <ele>490.1661669947207</ele>
        <time>2026-06-15T13:52:04Z</time>
      </trkpt>
      <trkpt lat="30.490745416430038" lon="104.02100461336883">
        <ele>491.55526928044856</ele>
        <time>2026-06-15T13:52:08Z</time>
      </trkpt>
      <trkpt lat="30.49045139270788" lon="104.02097737012649">
        <ele>491.3527840683237</ele>
        <time>2026-06-15T13:52:20Z</time>
      </trkpt>
      <trkpt lat="30.490366360429633" lon="104.02093280189695">
        <ele>492.2291909297928</ele>
        <time>2026-06-15T13:52:24Z</time>
      </trkpt>
      <trkpt lat="30.490296877928152" lon="104.02085342996541">
        <ele>492.75913678575307</ele>
        <time>2026-06-15T13:52:28Z</time>
      </trkpt>
      <trkpt lat="30.490213413658555" lon="104.02081329024253">
        <ele>494.34905192349106</ele>
        <time>2026-06-15T13:52:32Z</time>
      </trkpt>
      <trkpt lat="30.490015796179545" lon="104.02084262354377">
        <ele>492.82387675810605</ele>
        <time>2026-06-15T13:52:39Z</time>
      </trkpt>
      <trkpt lat="30.489805047705232" lon="104.02092157839895">
        <ele>493.93930927477777</ele>
        <time>2026-06-15T13:52:47Z</time>
      </trkpt>
      <trkpt lat="30.4895058774047" lon="104.02090542295039">
        <ele>494.2846234366298</ele>
        <time>2026-06-15T13:52:59Z</time>
      </trkpt>
      <trkpt lat="30.489409095178537" lon="104.02092178241544">
        <ele>494.1685916194692</ele>
        <time>2026-06-15T13:53:03Z</time>
      </trkpt>
      <trkpt lat="30.48931939422498" lon="104.02103507191562">
        <ele>494.05382920149714</ele>
        <time>2026-06-15T13:53:07Z</time>
      </trkpt>
      <trkpt lat="30.489329025649443" lon="104.02116376946414">
        <ele>494.36207885015756</ele>
        <time>2026-06-15T13:53:11Z</time>
      </trkpt>
      <trkpt lat="30.48929006481556" lon="104.0214896733287">
        <ele>493.72601906675845</ele>
        <time>2026-06-15T13:53:23Z</time>
      </trkpt>
      <trkpt lat="30.489274475294334" lon="104.02159385344524">
        <ele>493.3528975211084</ele>
        <time>2026-06-15T13:53:27Z</time>
      </trkpt>
      <trkpt lat="30.489345486934614" lon="104.0219623458998">
        <ele>491.9520894335583</ele>
        <time>2026-06-15T13:53:39Z</time>
      </trkpt>
      <trkpt lat="30.489378659899348" lon="104.02231761654916">
        <ele>491.23948591854423</ele>
        <time>2026-06-15T13:53:51Z</time>
      </trkpt>
      <trkpt lat="30.489373966379652" lon="104.02254628541655">
        <ele>490.51020704302937</ele>
        <time>2026-06-15T13:53:59Z</time>
      </trkpt>
      <trkpt lat="30.489436017164643" lon="104.02261694515039">
        <ele>490.0680986624211</ele>
        <time>2026-06-15T13:54:03Z</time>
      </trkpt>
      <trkpt lat="30.489531546129477" lon="104.02262606231591">
        <ele>490.4822311894968</ele>
        <time>2026-06-15T13:54:07Z</time>
      </trkpt>
      <trkpt lat="30.489599896613303" lon="104.0226871402595">
        <ele>488.91694992780685</ele>
        <time>2026-06-15T13:54:11Z</time>
      </trkpt>
      <trkpt lat="30.48974569285806" lon="104.02270834116199">
        <ele>486.28848873544484</ele>
        <time>2026-06-15T13:54:19Z</time>
      </trkpt>
      <trkpt lat="30.48999809319361" lon="104.02285385619851">
        <ele>488.2504281848669</ele>
        <time>2026-06-15T13:54:27Z</time>
      </trkpt>
      <trkpt lat="30.49018769558038" lon="104.02274904999082">
        <ele>487.75796595588326</ele>
        <time>2026-06-15T13:54:35Z</time>
      </trkpt>
      <trkpt lat="30.490374412862707" lon="104.02276153396592">
        <ele>487.2854760233313</ele>
        <time>2026-06-15T13:54:42Z</time>
      </trkpt>
      <trkpt lat="30.49047582835926" lon="104.02278574132029">
        <ele>486.46982500422746</ele>
        <time>2026-06-15T13:54:46Z</time>
      </trkpt>
      <trkpt lat="30.490562421260336" lon="104.02283318396745">
        <ele>486.4692801339552</ele>
        <time>2026-06-15T13:54:50Z</time>
      </trkpt>
      <trkpt lat="30.490643251961984" lon="104.02282024102112">
        <ele>485.99438557960093</ele>
        <time>2026-06-15T13:54:53Z</time>
      </trkpt>
      <trkpt lat="30.490754879859054" lon="104.02272867377012">
        <ele>485.88499943260103</ele>
        <time>2026-06-15T13:54:57Z</time>
      </trkpt>
      <trkpt lat="30.490800683725794" lon="104.02251365048843">
        <ele>484.82670869026333</ele>
        <time>2026-06-15T13:55:05Z</time>
      </trkpt>
      <trkpt lat="30.490783495446067" lon="104.02238364492896">
        <ele>486.08231047540903</ele>
        <time>2026-06-15T13:55:09Z</time>
      </trkpt>
      <trkpt lat="30.490806229204292" lon="104.02204660988919">
        <ele>487.4447266217321</ele>
        <time>2026-06-15T13:55:21Z</time>
      </trkpt>
      <trkpt lat="30.490802271100677" lon="104.02168341759169">
        <ele>486.9331688992679</ele>
        <time>2026-06-15T13:55:33Z</time>
      </trkpt>
      <trkpt lat="30.49079016507719" lon="104.02156568294066">
        <ele>488.2142212903127</ele>
        <time>2026-06-15T13:55:37Z</time>
      </trkpt>
      <trkpt lat="30.490828872063396" lon="104.02144915322192">
        <ele>489.4503423711285</ele>
        <time>2026-06-15T13:55:41Z</time>
      </trkpt>
      <trkpt lat="30.490828504762106" lon="104.02133621861667">
        <ele>489.1070313565433</ele>
        <time>2026-06-15T13:55:45Z</time>
      </trkpt>
      <trkpt lat="30.490810840926084" lon="104.02123486557448">
        <ele>489.7200798718259</ele>
        <time>2026-06-15T13:55:49Z</time>
      </trkpt>
      <trkpt lat="30.490726531463135" lon="104.0211839673277">
        <ele>489.8066519610584</ele>
        <time>2026-06-15T13:55:53Z</time>
      </trkpt>
      <trkpt lat="30.49072577575995" lon="104.02103917643477">
        <ele>490.00287653971463</ele>
        <time>2026-06-15T13:55:57Z</time>
      </trkpt>
      <trkpt lat="30.49063956599531" lon="104.02103784820298">
        <ele>491.37112658564</ele>
        <time>2026-06-15T13:56:01Z</time>
      </trkpt>
      <trkpt lat="30.49053268011993" lon="104.02100575287574">
        <ele>491.1184975989163</ele>
        <time>2026-06-15T13:56:05Z</time>
      </trkpt>
      <trkpt lat="30.49043208755203" lon="104.02099945261499">
        <ele>491.2774198455736</ele>
        <time>2026-06-15T13:56:09Z</time>
      </trkpt>
      <trkpt lat="30.490334087534407" lon="104.02095438839973">
        <ele>492.319351891987</ele>
        <time>2026-06-15T13:56:13Z</time>
      </trkpt>
      <trkpt lat="30.490283910237167" lon="104.02085295625439">
        <ele>492.34909780789167</ele>
        <time>2026-06-15T13:56:17Z</time>
      </trkpt>
      <trkpt lat="30.49019305848046" lon="104.0208073810875">
        <ele>493.4275426669046</ele>
        <time>2026-06-15T13:56:21Z</time>
      </trkpt>
      <trkpt lat="30.489983909214537" lon="104.0208481840679">
        <ele>493.9298795526847</ele>
        <time>2026-06-15T13:56:29Z</time>
      </trkpt>
      <trkpt lat="30.489786641967335" lon="104.02096515260352">
        <ele>493.8330186130479</ele>
        <time>2026-06-15T13:56:37Z</time>
      </trkpt>
      <trkpt lat="30.489578320388475" lon="104.02090984319872">
        <ele>494.0263414932415</ele>
        <time>2026-06-15T13:56:45Z</time>
      </trkpt>
      <trkpt lat="30.489369062641966" lon="104.020940695456">
        <ele>494.11897715739906</ele>
        <time>2026-06-15T13:56:52Z</time>
      </trkpt>
      <trkpt lat="30.489304668150297" lon="104.02104771874747">
        <ele>494.4188351603225</ele>
        <time>2026-06-15T13:56:56Z</time>
      </trkpt>
      <trkpt lat="30.489291975875783" lon="104.0211721134013">
        <ele>494.18572982773185</ele>
        <time>2026-06-15T13:57:00Z</time>
      </trkpt>
      <trkpt lat="30.489322900660465" lon="104.02127329862824">
        <ele>493.53426499757916</ele>
        <time>2026-06-15T13:57:04Z</time>
      </trkpt>
      <trkpt lat="30.489295000843" lon="104.02137176190318">
        <ele>493.7828131057322</ele>
        <time>2026-06-15T13:57:08Z</time>
      </trkpt>
      <trkpt lat="30.48929793056494" lon="104.02171655016912">
        <ele>492.66193474270403</ele>
        <time>2026-06-15T13:57:20Z</time>
      </trkpt>
      <trkpt lat="30.489313586484027" lon="104.02183822411115">
        <ele>493.879730544053</ele>
        <time>2026-06-15T13:57:24Z</time>
      </trkpt>
      <trkpt lat="30.48937918022382" lon="104.02206216992049">
        <ele>492.7412100825459</ele>
        <time>2026-06-15T13:57:32Z</time>
      </trkpt>
      <trkpt lat="30.489381004317636" lon="104.0224215003812">
        <ele>491.06523847114295</ele>
        <time>2026-06-15T13:57:44Z</time>
      </trkpt>
      <trkpt lat="30.48938520468801" lon="104.02253406303753">
        <ele>490.30441900901496</ele>
        <time>2026-06-15T13:57:48Z</time>
      </trkpt>
      <trkpt lat="30.489442883744903" lon="104.0226185921982">
        <ele>490.57336515560746</ele>
        <time>2026-06-15T13:57:52Z</time>
      </trkpt>
      <trkpt lat="30.489636565752267" lon="104.02267142365329">
        <ele>489.17787496745586</ele>
        <time>2026-06-15T13:58:00Z</time>
      </trkpt>
      <trkpt lat="30.489641994791025" lon="104.022725088239">
        <ele>487.63708804547787</ele>
        <time>2026-06-15T13:58:04Z</time>
      </trkpt>
      <trkpt lat="30.489696183482273" lon="104.0228111435773">
        <ele>486.87600451428443</ele>
        <time>2026-06-15T13:58:08Z</time>
      </trkpt>
      <trkpt lat="30.489784878778476" lon="104.02290308369764">
        <ele>487.5791975501925</ele>
        <time>2026-06-15T13:58:12Z</time>
      </trkpt>
      <trkpt lat="30.489900319506035" lon="104.02297060946108">
        <ele>487.2629060866311</ele>
        <time>2026-06-15T13:58:16Z</time>
      </trkpt>
      <trkpt lat="30.490018503375012" lon="104.02294843183648">
        <ele>486.8638709131628</ele>
        <time>2026-06-15T13:58:20Z</time>
      </trkpt>
      <trkpt lat="30.490105366993077" lon="104.02286440484589">
        <ele>484.613750776276</ele>
        <time>2026-06-15T13:58:24Z</time>
      </trkpt>
      <trkpt lat="30.49036742346421" lon="104.0228415278082">
        <ele>484.505738792941</ele>
        <time>2026-06-15T13:58:32Z</time>
      </trkpt>
      <trkpt lat="30.490492608783683" lon="104.0228973736148">
        <ele>484.08554475568235</ele>
        <time>2026-06-15T13:58:36Z</time>
      </trkpt>
      <trkpt lat="30.490692119237945" lon="104.02290706376075">
        <ele>483.8924168134108</ele>
        <time>2026-06-15T13:58:44Z</time>
      </trkpt>
      <trkpt lat="30.490769208840163" lon="104.02277934927451">
        <ele>485.385068455711</ele>
        <time>2026-06-15T13:58:48Z</time>
      </trkpt>
      <trkpt lat="30.49077753254191" lon="104.0223720299689">
        <ele>485.5328843211755</ele>
        <time>2026-06-15T13:59:04Z</time>
      </trkpt>
      <trkpt lat="30.490767422372897" lon="104.02225902745143">
        <ele>486.5828142343089</ele>
        <time>2026-06-15T13:59:08Z</time>
      </trkpt>
      <trkpt lat="30.49078871064028" lon="104.02214112202624">
        <ele>487.3944312315434</ele>
        <time>2026-06-15T13:59:12Z</time>
      </trkpt>
      <trkpt lat="30.490773778870963" lon="104.0220025247486">
        <ele>486.80793629959226</ele>
        <time>2026-06-15T13:59:16Z</time>
      </trkpt>
      <trkpt lat="30.490744757744523" lon="104.0219006294039">
        <ele>487.56732094008476</ele>
        <time>2026-06-15T13:59:20Z</time>
      </trkpt>
      <trkpt lat="30.490743398618676" lon="104.02181116752877">
        <ele>487.5029217498377</ele>
        <time>2026-06-15T13:59:24Z</time>
      </trkpt>
      <trkpt lat="30.490669720596557" lon="104.02158506947485">
        <ele>489.43125128000975</ele>
        <time>2026-06-15T13:59:32Z</time>
      </trkpt>
      <trkpt lat="30.490665569482722" lon="104.02146618730103">
        <ele>489.1427229978144</ele>
        <time>2026-06-15T13:59:36Z</time>
      </trkpt>
      <trkpt lat="30.490728051251835" lon="104.02135960479431">
        <ele>489.36425830982625</ele>
        <time>2026-06-15T13:59:40Z</time>
      </trkpt>
      <trkpt lat="30.49078767363817" lon="104.02120970129725">
        <ele>488.78966034855694</ele>
        <time>2026-06-15T13:59:44Z</time>
      </trkpt>
      <trkpt lat="30.49071369702413" lon="104.02108985698085">
        <ele>490.59282427933067</ele>
        <time>2026-06-15T13:59:48Z</time>
      </trkpt>
      <trkpt lat="30.490544641790926" lon="104.02101103841835">
        <ele>490.6899648923427</ele>
        <time>2026-06-15T13:59:56Z</time>
      </trkpt>
      <trkpt lat="30.49041687641338" lon="104.02103550986625">
        <ele>491.83729317225516</ele>
        <time>2026-06-15T14:00:00Z</time>
      </trkpt>
      <trkpt lat="30.49031436767921" lon="104.02100111331009">
        <ele>491.6754610147327</ele>
        <time>2026-06-15T14:00:04Z</time>
      </trkpt>
      <trkpt lat="30.490237688025196" lon="104.02081331854433">
        <ele>493.18768135178834</ele>
        <time>2026-06-15T14:00:12Z</time>
      </trkpt>
      <trkpt lat="30.49000110596896" lon="104.0208519700005">
        <ele>492.53991311695427</ele>
        <time>2026-06-15T14:00:20Z</time>
      </trkpt>
      <trkpt lat="30.489832962999348" lon="104.0210022201088">
        <ele>492.90228511206806</ele>
        <time>2026-06-15T14:00:28Z</time>
      </trkpt>
      <trkpt lat="30.489694366706566" lon="104.02094776316022">
        <ele>493.74220119137317</ele>
        <time>2026-06-15T14:00:32Z</time>
      </trkpt>
      <trkpt lat="30.489482771613137" lon="104.02091390804905">
        <ele>493.18740975111723</ele>
        <time>2026-06-15T14:00:40Z</time>
      </trkpt>
      <trkpt lat="30.489357640696223" lon="104.02094698255036">
        <ele>493.19245817232877</ele>
        <time>2026-06-15T14:00:44Z</time>
      </trkpt>
      <trkpt lat="30.48929461076019" lon="104.02107356534547">
        <ele>493.0813891030848</ele>
        <time>2026-06-15T14:00:48Z</time>
      </trkpt>
      <trkpt lat="30.489331310737487" lon="104.02129101435972">
        <ele>493.4668986517936</ele>
        <time>2026-06-15T14:00:56Z</time>
      </trkpt>
      <trkpt lat="30.489312745341955" lon="104.02136643400038">
        <ele>493.16281544510275</ele>
        <time>2026-06-15T14:00:59Z</time>
      </trkpt>
      <trkpt lat="30.489323561253546" lon="104.02165464707457">
        <ele>493.2842797804624</ele>
        <time>2026-06-15T14:01:09Z</time>
      </trkpt>
      <trkpt lat="30.48931242248684" lon="104.02174450211811">
        <ele>492.6474243886769</ele>
        <time>2026-06-15T14:01:12Z</time>
      </trkpt>
      <trkpt lat="30.489366941262226" lon="104.02207722535886">
        <ele>491.7097356207669</ele>
        <time>2026-06-15T14:01:24Z</time>
      </trkpt>
      <trkpt lat="30.489385186776083" lon="104.02220650874504">
        <ele>492.1653505945578</ele>
        <time>2026-06-15T14:01:28Z</time>
      </trkpt>
      <trkpt lat="30.489386217350475" lon="104.02257143634539">
        <ele>491.26706735324115</ele>
        <time>2026-06-15T14:01:40Z</time>
      </trkpt>
      <trkpt lat="30.489451711187815" lon="104.02264313189417">
        <ele>490.3897740393877</ele>
        <time>2026-06-15T14:01:44Z</time>
      </trkpt>
      <trkpt lat="30.489660143043068" lon="104.02266779397283">
        <ele>489.2782793920487</ele>
        <time>2026-06-15T14:01:52Z</time>
      </trkpt>
      <trkpt lat="30.489711202853737" lon="104.0227335996027">
        <ele>489.34633743111044</ele>
        <time>2026-06-15T14:01:56Z</time>
      </trkpt>
      <trkpt lat="30.489856657870707" lon="104.02276246523061">
        <ele>489.0912357978523</ele>
        <time>2026-06-15T14:02:00Z</time>
      </trkpt>
      <trkpt lat="30.489928190791353" lon="104.02284189423601">
        <ele>488.80249128770083</ele>
        <time>2026-06-15T14:02:04Z</time>
      </trkpt>
      <trkpt lat="30.49001480601797" lon="104.02289282136906">
        <ele>489.45073478948325</ele>
        <time>2026-06-15T14:02:09Z</time>
      </trkpt>
      <trkpt lat="30.49012648124582" lon="104.02284919099644">
        <ele>487.71021804679185</ele>
        <time>2026-06-15T14:02:12Z</time>
      </trkpt>
      <trkpt lat="30.49019874716555" lon="104.02277439977217">
        <ele>487.187309242785</ele>
        <time>2026-06-15T14:02:16Z</time>
      </trkpt>
      <trkpt lat="30.490499214827903" lon="104.02277434194055">
        <ele>484.93468403536826</ele>
        <time>2026-06-15T14:02:28Z</time>
      </trkpt>
      <trkpt lat="30.49061203960821" lon="104.02282237260343">
        <ele>484.7796415966004</ele>
        <time>2026-06-15T14:02:32Z</time>
      </trkpt>
      <trkpt lat="30.490705909751263" lon="104.02282668841544">
        <ele>484.7760429289192</ele>
        <time>2026-06-15T14:02:36Z</time>
      </trkpt>
      <trkpt lat="30.49076178646159" lon="104.02273899000026">
        <ele>484.82140372134745</ele>
        <time>2026-06-15T14:02:40Z</time>
      </trkpt>
      <trkpt lat="30.490760629830497" lon="104.02263985807272">
        <ele>485.33944621682167</ele>
        <time>2026-06-15T14:02:44Z</time>
      </trkpt>
      <trkpt lat="30.490787908237067" lon="104.02232630410893">
        <ele>485.8285498023033</ele>
        <time>2026-06-15T14:02:56Z</time>
      </trkpt>
      <trkpt lat="30.490756250008403" lon="104.02193010907092">
        <ele>486.50145504716784</ele>
        <time>2026-06-15T14:03:11Z</time>
      </trkpt>
      <trkpt lat="30.490662162714216" lon="104.0217507307953">
        <ele>487.98175486084074</ele>
        <time>2026-06-15T14:03:19Z</time>
      </trkpt>
      <trkpt lat="30.490654756662618" lon="104.02162118507314">
        <ele>488.52120900247246</ele>
        <time>2026-06-15T14:03:23Z</time>
      </trkpt>
      <trkpt lat="30.49066718119415" lon="104.02149656483803">
        <ele>489.13539542630315</ele>
        <time>2026-06-15T14:03:27Z</time>
      </trkpt>
      <trkpt lat="30.490746185584392" lon="104.02141859723055">
        <ele>489.65422838553786</ele>
        <time>2026-06-15T14:03:31Z</time>
      </trkpt>
      <trkpt lat="30.490805527328984" lon="104.02124783306544">
        <ele>489.60322649683803</ele>
        <time>2026-06-15T14:03:35Z</time>
      </trkpt>
      <trkpt lat="30.490749228562905" lon="104.02108487837157">
        <ele>489.6299538956955</ele>
        <time>2026-06-15T14:03:39Z</time>
      </trkpt>
      <trkpt lat="30.49050589926678" lon="104.02097014781549">
        <ele>490.3645121138543</ele>
        <time>2026-06-15T14:03:51Z</time>
      </trkpt>
      <trkpt lat="30.490257269688605" lon="104.02095475725343">
        <ele>492.82935322169214</ele>
        <time>2026-06-15T14:03:59Z</time>
      </trkpt>
      <trkpt lat="30.490181962288773" lon="104.0208829247109">
        <ele>492.51270619779825</ele>
        <time>2026-06-15T14:04:03Z</time>
      </trkpt>
      <trkpt lat="30.49009533593493" lon="104.02090158479014">
        <ele>491.9270818643272</ele>
        <time>2026-06-15T14:04:07Z</time>
      </trkpt>
      <trkpt lat="30.490024078704174" lon="104.02086704756915">
        <ele>491.49343456327915</ele>
        <time>2026-06-15T14:04:11Z</time>
      </trkpt>
      <trkpt lat="30.48996908910117" lon="104.0209606543246">
        <ele>492.75890875048935</ele>
        <time>2026-06-15T14:04:15Z</time>
      </trkpt>
      <trkpt lat="30.489876212709174" lon="104.02100889184902">
        <ele>492.9822501651943</ele>
        <time>2026-06-15T14:04:19Z</time>
      </trkpt>
      <trkpt lat="30.48976793767536" lon="104.0210074243148">
        <ele>493.53140795603395</ele>
        <time>2026-06-15T14:04:23Z</time>
      </trkpt>
      <trkpt lat="30.489617141031047" lon="104.02095263369691">
        <ele>492.7618713816628</ele>
        <time>2026-06-15T14:04:27Z</time>
      </trkpt>
      <trkpt lat="30.489484715725904" lon="104.0209469813547">
        <ele>492.94129049032927</ele>
        <time>2026-06-15T14:04:31Z</time>
      </trkpt>
      <trkpt lat="30.48936918437048" lon="104.0209768408647">
        <ele>494.432337093167</ele>
        <time>2026-06-15T14:04:35Z</time>
      </trkpt>
      <trkpt lat="30.489273700130408" lon="104.0210903926786">
        <ele>495.3888878421858</ele>
        <time>2026-06-15T14:04:39Z</time>
      </trkpt>
      <trkpt lat="30.489275507042453" lon="104.02123473663754">
        <ele>494.8914942936972</ele>
        <time>2026-06-15T14:04:43Z</time>
      </trkpt>
      <trkpt lat="30.489304535739944" lon="104.02135324256326">
        <ele>494.14085465390235</ele>
        <time>2026-06-15T14:04:47Z</time>
      </trkpt>
      <trkpt lat="30.4893519728582" lon="104.02145829941148">
        <ele>493.09598253760487</ele>
        <time>2026-06-15T14:04:51Z</time>
      </trkpt>
      <trkpt lat="30.489343242207543" lon="104.02156405970851">
        <ele>492.74364834371954</ele>
        <time>2026-06-15T14:04:55Z</time>
      </trkpt>
      <trkpt lat="30.48939667697582" lon="104.0217702173491">
        <ele>492.700669568032</ele>
        <time>2026-06-15T14:05:03Z</time>
      </trkpt>
      <trkpt lat="30.489389166699866" lon="104.02186876029404">
        <ele>490.4156736349687</ele>
        <time>2026-06-15T14:05:07Z</time>
      </trkpt>
      <trkpt lat="30.489366360660593" lon="104.02193304183088">
        <ele>490.3475097650662</ele>
        <time>2026-06-15T14:05:10Z</time>
      </trkpt>
      <trkpt lat="30.489401484459115" lon="104.0223232008621">
        <ele>490.2047507977113</ele>
        <time>2026-06-15T14:05:22Z</time>
      </trkpt>
      <trkpt lat="30.489371000052042" lon="104.0224182954062">
        <ele>489.6845913985744</ele>
        <time>2026-06-15T14:05:26Z</time>
      </trkpt>
      <trkpt lat="30.489365729649357" lon="104.02253028926114">
        <ele>490.51556239742786</ele>
        <time>2026-06-15T14:05:30Z</time>
      </trkpt>
      <trkpt lat="30.489408194631743" lon="104.02265047200395">
        <ele>490.08052545413375</ele>
        <time>2026-06-15T14:05:34Z</time>
      </trkpt>
      <trkpt lat="30.489526042975697" lon="104.02268236266181">
        <ele>489.96808440890163</ele>
        <time>2026-06-15T14:05:38Z</time>
      </trkpt>
      <trkpt lat="30.4896508761562" lon="104.02266195292817">
        <ele>488.8438403075561</ele>
        <time>2026-06-15T14:05:42Z</time>
      </trkpt>
      <trkpt lat="30.4897405707049" lon="104.02274845448486">
        <ele>488.840964153409</ele>
        <time>2026-06-15T14:05:46Z</time>
      </trkpt>
      <trkpt lat="30.48983491925926" lon="104.02279694477795">
        <ele>488.7316364143044</ele>
        <time>2026-06-15T14:05:50Z</time>
      </trkpt>
      <trkpt lat="30.489934784709813" lon="104.0229595177251">
        <ele>488.91193363815546</ele>
        <time>2026-06-15T14:05:58Z</time>
      </trkpt>
      <trkpt lat="30.49005338934706" lon="104.02292756522661">
        <ele>488.3297977494076</ele>
        <time>2026-06-15T14:06:02Z</time>
      </trkpt>
      <trkpt lat="30.490146513057766" lon="104.02281153050885">
        <ele>486.82416293863207</ele>
        <time>2026-06-15T14:06:06Z</time>
      </trkpt>
      <trkpt lat="30.490241375103945" lon="104.02278095515788">
        <ele>485.9421785445884</ele>
        <time>2026-06-15T14:06:10Z</time>
      </trkpt>
      <trkpt lat="30.490359137566752" lon="104.02280351134957">
        <ele>485.05916969664395</ele>
        <time>2026-06-15T14:06:14Z</time>
      </trkpt>
      <trkpt lat="30.490497852468575" lon="104.02287558247278">
        <ele>484.5963736679405</ele>
        <time>2026-06-15T14:06:18Z</time>
      </trkpt>
      <trkpt lat="30.490618911681832" lon="104.02290206001398">
        <ele>484.74710991140455</ele>
        <time>2026-06-15T14:06:22Z</time>
      </trkpt>
      <trkpt lat="30.490707273558858" lon="104.0228971557589">
        <ele>483.93468823842704</ele>
        <time>2026-06-15T14:06:26Z</time>
      </trkpt>
      <trkpt lat="30.490749703772913" lon="104.02281218133736">
        <ele>484.28028848581016</ele>
        <time>2026-06-15T14:06:30Z</time>
      </trkpt>
      <trkpt lat="30.490776624246585" lon="104.0226422287836">
        <ele>483.9046980794519</ele>
        <time>2026-06-15T14:06:38Z</time>
      </trkpt>
      <trkpt lat="30.49077173566464" lon="104.02251830101676">
        <ele>485.62260551936924</ele>
        <time>2026-06-15T14:06:42Z</time>
      </trkpt>
      <trkpt lat="30.490705449531156" lon="104.02229240986934">
        <ele>486.00528374593705</ele>
        <time>2026-06-15T14:06:50Z</time>
      </trkpt>
      <trkpt lat="30.490751197183062" lon="104.0220851656204">
        <ele>486.2668654806912</ele>
        <time>2026-06-15T14:06:58Z</time>
      </trkpt>
      <trkpt lat="30.490748437245827" lon="104.0219798134315">
        <ele>486.91330544743687</ele>
        <time>2026-06-15T14:07:02Z</time>
      </trkpt>
      <trkpt lat="30.49065922771932" lon="104.02179505800886">
        <ele>488.07930923998356</ele>
        <time>2026-06-15T14:07:10Z</time>
      </trkpt>
      <trkpt lat="30.490679200759352" lon="104.02154048182987">
        <ele>487.7429704098031</ele>
        <time>2026-06-15T14:07:17Z</time>
      </trkpt>
      <trkpt lat="30.490717808949153" lon="104.02140454071588">
        <ele>489.1354268360883</ele>
        <time>2026-06-15T14:07:21Z</time>
      </trkpt>
      <trkpt lat="30.490809698261213" lon="104.02137124229588">
        <ele>489.31332658417523</ele>
        <time>2026-06-15T14:07:25Z</time>
      </trkpt>
      <trkpt lat="30.49080210334711" lon="104.0212690327806">
        <ele>489.986934539862</ele>
        <time>2026-06-15T14:07:28Z</time>
      </trkpt>
      <trkpt lat="30.49075816452497" lon="104.0211291738471">
        <ele>488.8635472757742</ele>
        <time>2026-06-15T14:07:32Z</time>
      </trkpt>
      <trkpt lat="30.490687381342493" lon="104.02107203538833">
        <ele>489.14214396476746</ele>
        <time>2026-06-15T14:07:36Z</time>
      </trkpt>
      <trkpt lat="30.490582123318873" lon="104.02088389125898">
        <ele>490.1162100872025</ele>
        <time>2026-06-15T14:07:44Z</time>
      </trkpt>
      <trkpt lat="30.49050037307041" lon="104.02085110208472">
        <ele>491.3592592580244</ele>
        <time>2026-06-15T14:07:48Z</time>
      </trkpt>
      <trkpt lat="30.49035050728084" lon="104.02082161809672">
        <ele>492.1005243714899</ele>
        <time>2026-06-15T14:07:52Z</time>
      </trkpt>
      <trkpt lat="30.49009213114061" lon="104.02085919976773">
        <ele>493.37802748475224</ele>
        <time>2026-06-15T14:08:00Z</time>
      </trkpt>
      <trkpt lat="30.490012902473325" lon="104.02089885515882">
        <ele>493.5871407929808</ele>
        <time>2026-06-15T14:08:04Z</time>
      </trkpt>
      <trkpt lat="30.489924240353464" lon="104.02099430386043">
        <ele>493.2888362556696</ele>
        <time>2026-06-15T14:08:08Z</time>
      </trkpt>
      <trkpt lat="30.4898309200271" lon="104.02104766803663">
        <ele>494.5456691896543</ele>
        <time>2026-06-15T14:08:12Z</time>
      </trkpt>
      <trkpt lat="30.4895423972597" lon="104.02093165336453">
        <ele>494.0777386976406</ele>
        <time>2026-06-15T14:08:20Z</time>
      </trkpt>
      <trkpt lat="30.489376127069576" lon="104.02096046914266">
        <ele>494.43274872470647</ele>
        <time>2026-06-15T14:08:24Z</time>
      </trkpt>
      <trkpt lat="30.489296587110097" lon="104.02105291382487">
        <ele>494.237025488168</ele>
        <time>2026-06-15T14:08:28Z</time>
      </trkpt>
      <trkpt lat="30.489275131621245" lon="104.02119172561397">
        <ele>494.6159298401326</ele>
        <time>2026-06-15T14:08:32Z</time>
      </trkpt>
      <trkpt lat="30.489373483307382" lon="104.02144775293861">
        <ele>493.1504937633872</ele>
        <time>2026-06-15T14:08:40Z</time>
      </trkpt>
      <trkpt lat="30.4893387537412" lon="104.02155494188915">
        <ele>492.82956318743527</ele>
        <time>2026-06-15T14:08:44Z</time>
      </trkpt>
      <trkpt lat="30.48938675176855" lon="104.02168106745961">
        <ele>492.5769095281139</ele>
        <time>2026-06-15T14:08:48Z</time>
      </trkpt>
      <trkpt lat="30.489440939843615" lon="104.02201284751911">
        <ele>491.4948387481272</ele>
        <time>2026-06-15T14:09:00Z</time>
      </trkpt>
      <trkpt lat="30.489468669408925" lon="104.02211727381739">
        <ele>491.76186213083565</ele>
        <time>2026-06-15T14:09:04Z</time>
      </trkpt>
      <trkpt lat="30.48942378876033" lon="104.0224404689183">
        <ele>490.3088813703507</ele>
        <time>2026-06-15T14:09:16Z</time>
      </trkpt>
      <trkpt lat="30.48940558122865" lon="104.0225603825217">
        <ele>489.5406774049625</ele>
        <time>2026-06-15T14:09:20Z</time>
      </trkpt>
      <trkpt lat="30.489412670031832" lon="104.0226526069122">
        <ele>489.63858650252223</ele>
        <time>2026-06-15T14:09:23Z</time>
      </trkpt>
      <trkpt lat="30.489517303795274" lon="104.02272417735652">
        <ele>490.16571415029466</ele>
        <time>2026-06-15T14:09:27Z</time>
      </trkpt>
      <trkpt lat="30.489641024093036" lon="104.02270251415297">
        <ele>489.9811979942024</ele>
        <time>2026-06-15T14:09:31Z</time>
      </trkpt>
      <trkpt lat="30.489728349096865" lon="104.0227723065997">
        <ele>489.5981857450679</ele>
        <time>2026-06-15T14:09:35Z</time>
      </trkpt>
      <trkpt lat="30.489862674531565" lon="104.02282695466594">
        <ele>487.82669229153544</ele>
        <time>2026-06-15T14:09:43Z</time>
      </trkpt>
      <trkpt lat="30.48989968857745" lon="104.0229238530917">
        <ele>487.9766307687387</ele>
        <time>2026-06-15T14:09:47Z</time>
      </trkpt>
      <trkpt lat="30.49000889360312" lon="104.02294213334697">
        <ele>487.75535515975207</ele>
        <time>2026-06-15T14:09:51Z</time>
      </trkpt>
      <trkpt lat="30.49012048574136" lon="104.02284304106615">
        <ele>486.9094298351556</ele>
        <time>2026-06-15T14:09:55Z</time>
      </trkpt>
      <trkpt lat="30.490175767568502" lon="104.02275951433377">
        <ele>486.41438695788383</ele>
        <time>2026-06-15T14:09:59Z</time>
      </trkpt>
      <trkpt lat="30.490367007011212" lon="104.02274305322264">
        <ele>484.2093085767701</ele>
        <time>2026-06-15T14:10:07Z</time>
      </trkpt>
      <trkpt lat="30.490649546336606" lon="104.02289279232929">
        <ele>484.2246991433203</ele>
        <time>2026-06-15T14:10:15Z</time>
      </trkpt>
      <trkpt lat="30.49071599237535" lon="104.02286222174868">
        <ele>483.63692676927894</ele>
        <time>2026-06-15T14:10:19Z</time>
      </trkpt>
      <trkpt lat="30.490730603191327" lon="104.0227590429524">
        <ele>485.5151493391022</ele>
        <time>2026-06-15T14:10:23Z</time>
      </trkpt>
      <trkpt lat="30.490682300071203" lon="104.0224115413884">
        <ele>486.2425463376567</ele>
        <time>2026-06-15T14:10:35Z</time>
      </trkpt>
      <trkpt lat="30.49074867714381" lon="104.02205120488162">
        <ele>486.51729323063046</ele>
        <time>2026-06-15T14:10:47Z</time>
      </trkpt>
      <trkpt lat="30.490726454195723" lon="104.02194981816406">
        <ele>487.3172705518082</ele>
        <time>2026-06-15T14:10:51Z</time>
      </trkpt>
      <trkpt lat="30.490754961533984" lon="104.02173074352909">
        <ele>487.75317028257996</ele>
        <time>2026-06-15T14:10:59Z</time>
      </trkpt>
      <trkpt lat="30.490710639437918" lon="104.02160671277029">
        <ele>488.4687150157988</ele>
        <time>2026-06-15T14:11:03Z</time>
      </trkpt>
      <trkpt lat="30.490775980231138" lon="104.02144829355558">
        <ele>488.69420212320983</ele>
        <time>2026-06-15T14:11:07Z</time>
      </trkpt>
      <trkpt lat="30.490780560082406" lon="104.02119727441028">
        <ele>489.20325384661555</ele>
        <time>2026-06-15T14:11:15Z</time>
      </trkpt>
      <trkpt lat="30.490756732322964" lon="104.02110718317594">
        <ele>490.777967793867</ele>
        <time>2026-06-15T14:11:19Z</time>
      </trkpt>
      <trkpt lat="30.490694439530838" lon="104.02108427059666">
        <ele>490.0718579944223</ele>
        <time>2026-06-15T14:11:23Z</time>
      </trkpt>
      <trkpt lat="30.49060740326805" lon="104.02101597055383">
        <ele>490.3719532536343</ele>
        <time>2026-06-15T14:11:27Z</time>
      </trkpt>
      <trkpt lat="30.490582009672185" lon="104.02095172854852">
        <ele>489.8734394805506</ele>
        <time>2026-06-15T14:11:30Z</time>
      </trkpt>
      <trkpt lat="30.490462903619587" lon="104.02087415293168">
        <ele>492.4339767731726</ele>
        <time>2026-06-15T14:11:37Z</time>
      </trkpt>
      <trkpt lat="30.490321985538316" lon="104.02084333268347">
        <ele>492.0731305126101</ele>
        <time>2026-06-15T14:11:41Z</time>
      </trkpt>
      <trkpt lat="30.490177853578604" lon="104.02087049230097">
        <ele>492.52423462830484</ele>
        <time>2026-06-15T14:11:45Z</time>
      </trkpt>
      <trkpt lat="30.49008275450806" lon="104.02086315710486">
        <ele>494.110126237385</ele>
        <time>2026-06-15T14:11:49Z</time>
      </trkpt>
      <trkpt lat="30.489990332691864" lon="104.02090705435542">
        <ele>493.69375299010426</ele>
        <time>2026-06-15T14:11:53Z</time>
      </trkpt>
      <trkpt lat="30.489788333744837" lon="104.02108678249434">
        <ele>493.75734782218933</ele>
        <time>2026-06-15T14:12:01Z</time>
      </trkpt>
      <trkpt lat="30.48960959320088" lon="104.02103212941793">
        <ele>492.7260649483651</ele>
        <time>2026-06-15T14:12:05Z</time>
      </trkpt>
      <trkpt lat="30.489453769981605" lon="104.02091246394353">
        <ele>493.361392095685</ele>
        <time>2026-06-15T14:12:13Z</time>
      </trkpt>
      <trkpt lat="30.48934501904389" lon="104.02099663347452">
        <ele>494.5971348742023</ele>
        <time>2026-06-15T14:12:17Z</time>
      </trkpt>
      <trkpt lat="30.489290845498736" lon="104.02114889687411">
        <ele>494.2834320701659</ele>
        <time>2026-06-15T14:12:21Z</time>
      </trkpt>
      <trkpt lat="30.48936309273599" lon="104.02155627424935">
        <ele>494.01194682810456</ele>
        <time>2026-06-15T14:12:33Z</time>
      </trkpt>
      <trkpt lat="30.489395072331124" lon="104.02166935859883">
        <ele>492.11596292536706</ele>
        <time>2026-06-15T14:12:37Z</time>
      </trkpt>
      <trkpt lat="30.489430375550334" lon="104.02199751795638">
        <ele>491.32166012749076</ele>
        <time>2026-06-15T14:12:49Z</time>
      </trkpt>
      <trkpt lat="30.489453430466163" lon="104.02220278936521">
        <ele>490.89932437986135</ele>
        <time>2026-06-15T14:12:57Z</time>
      </trkpt>
      <trkpt lat="30.48941586824689" lon="104.0225564657692">
        <ele>488.6394704096019</ele>
        <time>2026-06-15T14:13:09Z</time>
      </trkpt>
      <trkpt lat="30.489425298988305" lon="104.02267791427886">
        <ele>489.8913755211979</ele>
        <time>2026-06-15T14:13:13Z</time>
      </trkpt>
      <trkpt lat="30.489488642887018" lon="104.02272193342408">
        <ele>489.22476899437606</ele>
        <time>2026-06-15T14:13:17Z</time>
      </trkpt>
      <trkpt lat="30.48959375430266" lon="104.02264632203956">
        <ele>488.8289827266708</ele>
        <time>2026-06-15T14:13:21Z</time>
      </trkpt>
      <trkpt lat="30.48970688365792" lon="104.0227371331935">
        <ele>488.04574349708855</ele>
        <time>2026-06-15T14:13:25Z</time>
      </trkpt>
      <trkpt lat="30.48987014705602" lon="104.02283630280853">
        <ele>486.97178669739515</ele>
        <time>2026-06-15T14:13:33Z</time>
      </trkpt>
      <trkpt lat="30.48991384622832" lon="104.02290927360916">
        <ele>486.97134581115097</ele>
        <time>2026-06-15T14:13:36Z</time>
      </trkpt>
      <trkpt lat="30.490015956989332" lon="104.02293460295687">
        <ele>488.3166428692639</ele>
        <time>2026-06-15T14:13:40Z</time>
      </trkpt>
      <trkpt lat="30.49016496657972" lon="104.02276757938108">
        <ele>486.0941163841635</ele>
        <time>2026-06-15T14:13:48Z</time>
      </trkpt>
      <trkpt lat="30.49038557492054" lon="104.02271949668285">
        <ele>486.4986518518999</ele>
        <time>2026-06-15T14:13:56Z</time>
      </trkpt>
      <trkpt lat="30.49053723777655" lon="104.02279330596507">
        <ele>486.36062084231526</ele>
        <time>2026-06-15T14:14:00Z</time>
      </trkpt>
      <trkpt lat="30.490627424016736" lon="104.02287198035897">
        <ele>485.97142391558737</ele>
        <time>2026-06-15T14:14:04Z</time>
      </trkpt>
      <trkpt lat="30.49069165259596" lon="104.02282821154357">
        <ele>485.2413799893111</ele>
        <time>2026-06-15T14:14:08Z</time>
      </trkpt>
      <trkpt lat="30.49071827606099" lon="104.02273610073455">
        <ele>485.7363598747179</ele>
        <time>2026-06-15T14:14:12Z</time>
      </trkpt>
      <trkpt lat="30.490734006629726" lon="104.02253908022153">
        <ele>485.2810635762289</ele>
        <time>2026-06-15T14:14:20Z</time>
      </trkpt>
      <trkpt lat="30.490678392372818" lon="104.02228883788743">
        <ele>486.53143135271966</ele>
        <time>2026-06-15T14:14:28Z</time>
      </trkpt>
      <trkpt lat="30.490760231147235" lon="104.02193105892135">
        <ele>486.3563225409016</ele>
        <time>2026-06-15T14:14:40Z</time>
      </trkpt>
      <trkpt lat="30.490744720811353" lon="104.02183729115907">
        <ele>487.631674958393</ele>
        <time>2026-06-15T14:14:44Z</time>
      </trkpt>
      <trkpt lat="30.490672687732346" lon="104.02171051984904">
        <ele>487.82385382335633</ele>
        <time>2026-06-15T14:14:52Z</time>
      </trkpt>
      <trkpt lat="30.49068058867856" lon="104.02156057611555">
        <ele>488.22884816955775</ele>
        <time>2026-06-15T14:14:56Z</time>
      </trkpt>
      <trkpt lat="30.490559714365503" lon="104.02118213501706">
        <ele>490.3919704677537</ele>
        <time>2026-06-15T14:15:08Z</time>
      </trkpt>
      <trkpt lat="30.490497878984065" lon="104.02106667664681">
        <ele>491.0241449614987</ele>
        <time>2026-06-15T14:15:16Z</time>
      </trkpt>
      <trkpt lat="30.49038026833008" lon="104.02096262105661">
        <ele>491.80840929131955</ele>
        <time>2026-06-15T14:15:24Z</time>
      </trkpt>
      <trkpt lat="30.49028831491167" lon="104.02091315848577">
        <ele>493.1797427199781</ele>
        <time>2026-06-15T14:15:28Z</time>
      </trkpt>
      <trkpt lat="30.490239932691015" lon="104.02083920098984">
        <ele>491.3064028248191</ele>
        <time>2026-06-15T14:15:32Z</time>
      </trkpt>
      <trkpt lat="30.49006184292301" lon="104.02091899024366">
        <ele>491.1911085182801</ele>
        <time>2026-06-15T14:15:39Z</time>
      </trkpt>
      <trkpt lat="30.48994785295367" lon="104.0209995257345">
        <ele>492.06395071186125</ele>
        <time>2026-06-15T14:15:43Z</time>
      </trkpt>
      <trkpt lat="30.48990557817436" lon="104.02106048901051">
        <ele>492.8226400502026</ele>
        <time>2026-06-15T14:15:46Z</time>
      </trkpt>
      <trkpt lat="30.48979682693025" lon="104.02106180653614">
        <ele>493.49271649029106</ele>
        <time>2026-06-15T14:15:50Z</time>
      </trkpt>
      <trkpt lat="30.489463381450552" lon="104.020901983162">
        <ele>493.17511580418795</ele>
        <time>2026-06-15T14:16:01Z</time>
      </trkpt>
      <trkpt lat="30.489337834920143" lon="104.02100871554671">
        <ele>493.85028911195695</ele>
        <time>2026-06-15T14:16:05Z</time>
      </trkpt>
      <trkpt lat="30.489299500032523" lon="104.0211741526404">
        <ele>494.0388929704204</ele>
        <time>2026-06-15T14:16:09Z</time>
      </trkpt>
      <trkpt lat="30.48930376375448" lon="104.0213019726746">
        <ele>494.0976484809071</ele>
        <time>2026-06-15T14:16:13Z</time>
      </trkpt>
      <trkpt lat="30.489341456763544" lon="104.02141976384205">
        <ele>493.1628805408254</ele>
        <time>2026-06-15T14:16:17Z</time>
      </trkpt>
      <trkpt lat="30.48936043129156" lon="104.02175202817871">
        <ele>491.5954962261021</ele>
        <time>2026-06-15T14:16:29Z</time>
      </trkpt>
      <trkpt lat="30.489415884393875" lon="104.02203655733065">
        <ele>489.79996757768095</ele>
        <time>2026-06-15T14:16:41Z</time>
      </trkpt>
      <trkpt lat="30.48940575713215" lon="104.02238898388416">
        <ele>487.78972073085606</ele>
        <time>2026-06-15T14:16:53Z</time>
      </trkpt>
      <trkpt lat="30.489387998517973" lon="104.02249387049613">
        <ele>488.413390757516</ele>
        <time>2026-06-15T14:16:57Z</time>
      </trkpt>
      <trkpt lat="30.489417462188957" lon="104.02262040637467">
        <ele>489.41987975966185</ele>
        <time>2026-06-15T14:17:01Z</time>
      </trkpt>
      <trkpt lat="30.489542923141627" lon="104.02265666713687">
        <ele>489.7289099339396</ele>
        <time>2026-06-15T14:17:05Z</time>
      </trkpt>
      <trkpt lat="30.489666356101402" lon="104.02265707429434">
        <ele>488.56344880443066</ele>
        <time>2026-06-15T14:17:09Z</time>
      </trkpt>
      <trkpt lat="30.489865941925796" lon="104.02279870799444">
        <ele>489.3898480935022</ele>
        <time>2026-06-15T14:17:17Z</time>
      </trkpt>
      <trkpt lat="30.489916725673496" lon="104.02288055054503">
        <ele>487.85201909486204</ele>
        <time>2026-06-15T14:17:21Z</time>
      </trkpt>
      <trkpt lat="30.489991051829616" lon="104.02294200562726">
        <ele>488.1878285417333</ele>
        <time>2026-06-15T14:17:25Z</time>
      </trkpt>
      <trkpt lat="30.490100693567783" lon="104.02287021320609">
        <ele>488.6379120750353</ele>
        <time>2026-06-15T14:17:29Z</time>
      </trkpt>
      <trkpt lat="30.490208844360655" lon="104.02273500663446">
        <ele>485.95095561258495</ele>
        <time>2026-06-15T14:17:37Z</time>
      </trkpt>
      <trkpt lat="30.490281176827747" lon="104.02268482439393">
        <ele>485.4286710806191</ele>
        <time>2026-06-15T14:17:41Z</time>
      </trkpt>
      <trkpt lat="30.490435894405945" lon="104.02274839346563">
        <ele>485.3474029293284</ele>
        <time>2026-06-15T14:17:45Z</time>
      </trkpt>
      <trkpt lat="30.49054769808561" lon="104.02284139624261">
        <ele>484.8214885611087</ele>
        <time>2026-06-15T14:17:48Z</time>
      </trkpt>
      <trkpt lat="30.490639340380376" lon="104.02289035822933">
        <ele>484.34149197489023</ele>
        <time>2026-06-15T14:17:51Z</time>
      </trkpt>
      <trkpt lat="30.49066476315749" lon="104.02281737059963">
        <ele>484.7404929995537</ele>
        <time>2026-06-15T14:17:57Z</time>
      </trkpt>
      <trkpt lat="30.49065915227288" lon="104.02247739812177">
        <ele>485.8593581151217</ele>
        <time>2026-06-15T14:18:08Z</time>
      </trkpt>
      <trkpt lat="30.490656845088793" lon="104.02236365239362">
        <ele>485.5942866820842</ele>
        <time>2026-06-15T14:18:12Z</time>
      </trkpt>
      <trkpt lat="30.490613669544043" lon="104.022249493034">
        <ele>487.7564934901893</ele>
        <time>2026-06-15T14:18:16Z</time>
      </trkpt>
      <trkpt lat="30.490650726171697" lon="104.02206843606463">
        <ele>488.29518175590783</ele>
        <time>2026-06-15T14:18:24Z</time>
      </trkpt>
      <trkpt lat="30.490629057980975" lon="104.0217493675099">
        <ele>487.90009913686663</ele>
        <time>2026-06-15T14:18:40Z</time>
      </trkpt>
      <trkpt lat="30.490623642104346" lon="104.0216543105833">
        <ele>488.5316869635135</ele>
        <time>2026-06-15T14:18:44Z</time>
      </trkpt>
      <trkpt lat="30.49065617747879" lon="104.02132373563177">
        <ele>489.40915097948164</ele>
        <time>2026-06-15T14:18:52Z</time>
      </trkpt>
      <trkpt lat="30.490537734352834" lon="104.02112923100901">
        <ele>490.0964294364676</ele>
        <time>2026-06-15T14:19:00Z</time>
      </trkpt>
      <trkpt lat="30.49047315923921" lon="104.0210544606247">
        <ele>491.1412776922807</ele>
        <time>2026-06-15T14:19:04Z</time>
      </trkpt>
      <trkpt lat="30.49037087678272" lon="104.02101126801286">
        <ele>491.5325905000791</ele>
        <time>2026-06-15T14:19:08Z</time>
      </trkpt>
      <trkpt lat="30.49024971488712" lon="104.02098699864301">
        <ele>492.8572834478691</ele>
        <time>2026-06-15T14:19:12Z</time>
      </trkpt>
      <trkpt lat="30.4900913219672" lon="104.02089305199974">
        <ele>492.1963335117325</ele>
        <time>2026-06-15T14:19:20Z</time>
      </trkpt>
      <trkpt lat="30.49004385017003" lon="104.02090332473594">
        <ele>492.9283427335322</ele>
        <time>2026-06-15T14:19:24Z</time>
      </trkpt>
      <trkpt lat="30.48985653515026" lon="104.02100381251813">
        <ele>492.9123182082549</ele>
        <time>2026-06-15T14:19:36Z</time>
      </trkpt>
      <trkpt lat="30.489738333378284" lon="104.02095653256758">
        <ele>492.6373653160408</ele>
        <time>2026-06-15T14:19:40Z</time>
      </trkpt>
      <trkpt lat="30.489479080664683" lon="104.02092868861206">
        <ele>493.59502609819174</ele>
        <time>2026-06-15T14:19:51Z</time>
      </trkpt>
      <trkpt lat="30.489378662147658" lon="104.02108707618422">
        <ele>493.5716852536425</ele>
        <time>2026-06-15T14:19:58Z</time>
      </trkpt>
      <trkpt lat="30.489350827351423" lon="104.02136356268356">
        <ele>492.9546015178785</ele>
        <time>2026-06-15T14:20:07Z</time>
      </trkpt>
      <trkpt lat="30.48935702899105" lon="104.02148570785552">
        <ele>492.6761398538947</ele>
        <time>2026-06-15T14:20:11Z</time>
      </trkpt>
      <trkpt lat="30.48930599720649" lon="104.02167983264104">
        <ele>492.7607069686055</ele>
        <time>2026-06-15T14:20:19Z</time>
      </trkpt>
      <trkpt lat="30.489366509626397" lon="104.02205020886899">
        <ele>491.7523741517216</ele>
        <time>2026-06-15T14:20:31Z</time>
      </trkpt>
      <trkpt lat="30.489394830499037" lon="104.022403339125">
        <ele>490.9953118208796</ele>
        <time>2026-06-15T14:20:43Z</time>
      </trkpt>
      <trkpt lat="30.48939632245328" lon="104.02251824531136">
        <ele>490.2146997693926</ele>
        <time>2026-06-15T14:20:47Z</time>
      </trkpt>
      <trkpt lat="30.489429803567152" lon="104.02261000624107">
        <ele>490.62605303060263</ele>
        <time>2026-06-15T14:20:51Z</time>
      </trkpt>
      <trkpt lat="30.48950730317943" lon="104.02258813290815">
        <ele>489.819294732064</ele>
        <time>2026-06-15T14:20:55Z</time>
      </trkpt>
      <trkpt lat="30.48974100681934" lon="104.02267823133373">
        <ele>489.76607201527804</ele>
        <time>2026-06-15T14:21:03Z</time>
      </trkpt>
      <trkpt lat="30.4898528765656" lon="104.0226896754154">
        <ele>489.9652938526124</ele>
        <time>2026-06-15T14:21:07Z</time>
      </trkpt>
      <trkpt lat="30.490003108463927" lon="104.02284565580128">
        <ele>488.8823255421594</ele>
        <time>2026-06-15T14:21:15Z</time>
      </trkpt>
      <trkpt lat="30.490113080506564" lon="104.022834076705">
        <ele>488.08497934788465</ele>
        <time>2026-06-15T14:21:19Z</time>
      </trkpt>
      <trkpt lat="30.490269988271066" lon="104.02276142574355">
        <ele>488.638723699376</ele>
        <time>2026-06-15T14:21:27Z</time>
      </trkpt>
      <trkpt lat="30.490334916025734" lon="104.02276012007893">
        <ele>487.51012124773115</ele>
        <time>2026-06-15T14:21:31Z</time>
      </trkpt>
      <trkpt lat="30.49062231196281" lon="104.02284942586911">
        <ele>484.63251952268183</ele>
        <time>2026-06-15T14:21:43Z</time>
      </trkpt>
      <trkpt lat="30.49069709577767" lon="104.02280700783172">
        <ele>485.0335393073037</ele>
        <time>2026-06-15T14:21:47Z</time>
      </trkpt>
      <trkpt lat="30.490726063223093" lon="104.02269908761723">
        <ele>485.35608730092645</ele>
        <time>2026-06-15T14:21:51Z</time>
      </trkpt>
      <trkpt lat="30.490784274090615" lon="104.02238312304854">
        <ele>486.24289351701736</ele>
        <time>2026-06-15T14:22:01Z</time>
      </trkpt>
      <trkpt lat="30.490788414875855" lon="104.02229250558216">
        <ele>486.6612693676725</ele>
        <time>2026-06-15T14:22:04Z</time>
      </trkpt>
      <trkpt lat="30.49077355419946" lon="104.02220732827064">
        <ele>487.3992643877864</ele>
        <time>2026-06-15T14:22:07Z</time>
      </trkpt>
      <trkpt lat="30.490817337720145" lon="104.02188391982519">
        <ele>488.22074486128986</ele>
        <time>2026-06-15T14:22:18Z</time>
      </trkpt>
      <trkpt lat="30.490804340800164" lon="104.02164898412252">
        <ele>488.546791032888</ele>
        <time>2026-06-15T14:22:26Z</time>
      </trkpt>
      <trkpt lat="30.490782186988568" lon="104.02153795585627">
        <ele>488.8694397928193</ele>
        <time>2026-06-15T14:22:30Z</time>
      </trkpt>
      <trkpt lat="30.490831464425014" lon="104.021302135053">
        <ele>489.9394505219534</ele>
        <time>2026-06-15T14:22:38Z</time>
      </trkpt>
      <trkpt lat="30.490835271230768" lon="104.02118094230732">
        <ele>490.01459359098226</ele>
        <time>2026-06-15T14:22:42Z</time>
      </trkpt>
      <trkpt lat="30.490809896177314" lon="104.02106954563563">
        <ele>491.9634032053873</ele>
        <time>2026-06-15T14:22:46Z</time>
      </trkpt>
      <trkpt lat="30.490734496059957" lon="104.0210319430009">
        <ele>491.0458897948265</ele>
        <time>2026-06-15T14:22:50Z</time>
      </trkpt>
      <trkpt lat="30.490435392716392" lon="104.02100473392854">
        <ele>491.522137359716</ele>
        <time>2026-06-15T14:23:02Z</time>
      </trkpt>
      <trkpt lat="30.49031331205693" lon="104.02093322033211">
        <ele>492.96206597983837</ele>
        <time>2026-06-15T14:23:06Z</time>
      </trkpt>
      <trkpt lat="30.490245656804237" lon="104.02084548621713">
        <ele>493.3702052840963</ele>
        <time>2026-06-15T14:23:10Z</time>
      </trkpt>
      <trkpt lat="30.490062572658232" lon="104.02080493895525">
        <ele>493.7215091129765</ele>
        <time>2026-06-15T14:23:18Z</time>
      </trkpt>
      <trkpt lat="30.489956223063775" lon="104.02085869611885">
        <ele>494.51132863853127</ele>
        <time>2026-06-15T14:23:22Z</time>
      </trkpt>
      <trkpt lat="30.489861742716926" lon="104.02094236920878">
        <ele>494.1037599267438</ele>
        <time>2026-06-15T14:23:26Z</time>
      </trkpt>
      <trkpt lat="30.489517193711272" lon="104.02091141790359">
        <ele>494.00220351759344</ele>
        <time>2026-06-15T14:23:38Z</time>
      </trkpt>
      <trkpt lat="30.489434627925053" lon="104.02092055950448">
        <ele>494.7971743270755</ele>
        <time>2026-06-15T14:23:42Z</time>
      </trkpt>
      <trkpt lat="30.489354154967174" lon="104.0209989510584">
        <ele>495.1721519837156</ele>
        <time>2026-06-15T14:23:46Z</time>
      </trkpt>
      <trkpt lat="30.489333321997627" lon="104.02113195840532">
        <ele>495.2657259134576</ele>
        <time>2026-06-15T14:23:50Z</time>
      </trkpt>
      <trkpt lat="30.489341617483426" lon="104.02125635035324">
        <ele>495.5019483519718</ele>
        <time>2026-06-15T14:23:54Z</time>
      </trkpt>
      <trkpt lat="30.489320365681493" lon="104.02155614956092">
        <ele>493.0391375236213</ele>
        <time>2026-06-15T14:24:05Z</time>
      </trkpt>
      <trkpt lat="30.489293669551426" lon="104.02162747773653">
        <ele>492.5403419593349</ele>
        <time>2026-06-15T14:24:08Z</time>
      </trkpt>
      <trkpt lat="30.489353534972555" lon="104.02198712252586">
        <ele>493.16698338650167</ele>
        <time>2026-06-15T14:24:21Z</time>
      </trkpt>
      <trkpt lat="30.489397128984265" lon="104.0223496199977">
        <ele>491.8973209578544</ele>
        <time>2026-06-15T14:24:33Z</time>
      </trkpt>
      <trkpt lat="30.4894113760258" lon="104.02259060240719">
        <ele>491.0061177080497</ele>
        <time>2026-06-15T14:24:41Z</time>
      </trkpt>
      <trkpt lat="30.48947720784854" lon="104.02262682051253">
        <ele>491.7510436261073</ele>
        <time>2026-06-15T14:24:45Z</time>
      </trkpt>
      <trkpt lat="30.489600562672823" lon="104.02264073890623">
        <ele>491.8808536734432</ele>
        <time>2026-06-15T14:24:49Z</time>
      </trkpt>
      <trkpt lat="30.489902030506013" lon="104.02275432461661">
        <ele>490.1155401878059</ele>
        <time>2026-06-15T14:25:01Z</time>
      </trkpt>
      <trkpt lat="30.489983011527332" lon="104.02284249595418">
        <ele>489.9729275368154</ele>
        <time>2026-06-15T14:25:05Z</time>
      </trkpt>
      <trkpt lat="30.490084901295905" lon="104.02284356276746">
        <ele>487.77193060237914</ele>
        <time>2026-06-15T14:25:09Z</time>
      </trkpt>
      <trkpt lat="30.490251026095912" lon="104.02276453459244">
        <ele>487.69819697830826</ele>
        <time>2026-06-15T14:25:17Z</time>
      </trkpt>
      <trkpt lat="30.49053007957683" lon="104.02278916841854">
        <ele>487.19555150624365</ele>
        <time>2026-06-15T14:25:29Z</time>
      </trkpt>
    </trkseg>
  </trk>
</gpx>