<?xml version="1.0" encoding="UTF-8"?>
<gpx xmlns="http://www.topografix.com/GPX/1/1" xmlns:gpxtpx="http://www.garmin.com/xmlschemas/TrackPointExtension/v1" xmlns:xsi="http://www.w3.org/2001/XMLSchema-instance" xsi:schemaLocation="http://www.topografix.com/GPX/1/1 http://www.topografix.com/GPX/1/1/gpx.xsd" version="1.1" creator="gpx.py -- https://github.com/tkrajina/gpxpy">
  <trk>
    <name>gpx from keep</name>
    <type>Run</type>
    <trkseg>
      <trkpt lat="30.48020611888817" lon="104.02347197559878">
        <ele>483.1291821571067</ele>
        <time>7644-03-14T12:45:37Z</time>
      </trkpt>
      <trkpt lat="30.480225168170396" lon="104.02346237673335">
        <ele>482.9329216182232</ele>
        <time>1970-01-01T00:00:01Z</time>
        <extensions>
          <gpxtpx:TrackPointExtension>
            <gpxtpx:hr>136</gpxtpx:hr>
          </gpxtpx:TrackPointExtension>
        </extensions>
      </trkpt>
      <trkpt lat="30.48024525518824" lon="104.02345275349339">
        <ele>482.8140579359606</ele>
        <time>1970-01-01T00:00:02Z</time>
        <extensions>
          <gpxtpx:TrackPointExtension>
            <gpxtpx:hr>136</gpxtpx:hr>
          </gpxtpx:TrackPointExtension>
        </extensions>
      </trkpt>
      <trkpt lat="30.480267760271065" lon="104.02344245276747">
        <ele>482.77729285042733</ele>
        <time>1970-01-01T00:00:03Z</time>
        <extensions>
          <gpxtpx:TrackPointExtension>
            <gpxtpx:hr>136</gpxtpx:hr>
          </gpxtpx:TrackPointExtension>
        </extensions>
      </trkpt>
      <trkpt lat="30.48029346791668" lon="104.02343378433451">
        <ele>482.8058881815523</ele>
        <time>1970-01-01T00:00:04Z</time>
        <extensions>
          <gpxtpx:TrackPointExtension>
            <gpxtpx:hr>136</gpxtpx:hr>
          </gpxtpx:TrackPointExtension>
        </extensions>
      </trkpt>
      <trkpt lat="30.48032047561625" lon="104.02342671920985">
        <ele>482.8707425221801</ele>
        <time>1970-01-01T00:00:05Z</time>
        <extensions>
          <gpxtpx:TrackPointExtension>
            <gpxtpx:hr>136</gpxtpx:hr>
          </gpxtpx:TrackPointExtension>
        </extensions>
      </trkpt>
      <trkpt lat="30.4803475808487" lon="104.02341944805012">
        <ele>482.9473085347563</ele>
        <time>1970-01-01T00:00:06Z</time>
        <extensions>
          <gpxtpx:TrackPointExtension>
            <gpxtpx:hr>141</gpxtpx:hr>
          </gpxtpx:TrackPointExtension>
        </extensions>
      </trkpt>
      <trkpt lat="30.480375881369618" lon="104.0234116666553">
        <ele>483.02083160355687</ele>
        <time>1970-01-01T00:00:07Z</time>
        <extensions>
          <gpxtpx:TrackPointExtension>
            <gpxtpx:hr>141</gpxtpx:hr>
          </gpxtpx:TrackPointExtension>
        </extensions>
      </trkpt>
      <trkpt lat="30.48040561197048" lon="104.0234021377983">
        <ele>483.0831609275192</ele>
        <time>1970-01-01T00:00:08Z</time>
        <extensions>
          <gpxtpx:TrackPointExtension>
            <gpxtpx:hr>141</gpxtpx:hr>
          </gpxtpx:TrackPointExtension>
        </extensions>
      </trkpt>
      <trkpt lat="30.480435794419" lon="104.02339114865515">
        <ele>483.1305152187124</ele>
        <time>1970-01-01T00:00:09Z</time>
        <extensions>
          <gpxtpx:TrackPointExtension>
            <gpxtpx:hr>141</gpxtpx:hr>
          </gpxtpx:TrackPointExtension>
        </extensions>
      </trkpt>
      <trkpt lat="30.480466268693625" lon="104.02338101166444">
        <ele>483.1625157399103</ele>
        <time>1970-01-01T00:00:10Z</time>
        <extensions>
          <gpxtpx:TrackPointExtension>
            <gpxtpx:hr>141</gpxtpx:hr>
          </gpxtpx:TrackPointExtension>
        </extensions>
      </trkpt>
      <trkpt lat="30.4804974187754" lon="104.0233708375101">
        <ele>483.18092994671315</ele>
        <time>1970-01-01T00:00:11Z</time>
        <extensions>
          <gpxtpx:TrackPointExtension>
            <gpxtpx:hr>141</gpxtpx:hr>
          </gpxtpx:TrackPointExtension>
        </extensions>
      </trkpt>
      <trkpt lat="30.48052859900102" lon="104.02335906750801">
        <ele>483.18869760632515</ele>
        <time>1970-01-01T00:00:12Z</time>
        <extensions>
          <gpxtpx:TrackPointExtension>
            <gpxtpx:hr>141</gpxtpx:hr>
          </gpxtpx:TrackPointExtension>
        </extensions>
      </trkpt>
      <trkpt lat="30.48055994634728" lon="104.02334595522719">
        <ele>483.18896855879575</ele>
        <time>1970-01-01T00:00:13Z</time>
        <extensions>
          <gpxtpx:TrackPointExtension>
            <gpxtpx:hr>148</gpxtpx:hr>
          </gpxtpx:TrackPointExtension>
        </extensions>
      </trkpt>
      <trkpt lat="30.48059177575743" lon="104.02333256097202">
        <ele>483.184422602877</ele>
        <time>1970-01-01T00:00:14Z</time>
        <extensions>
          <gpxtpx:TrackPointExtension>
            <gpxtpx:hr>148</gpxtpx:hr>
          </gpxtpx:TrackPointExtension>
        </extensions>
      </trkpt>
      <trkpt lat="30.4806233983861" lon="104.02331866525276">
        <ele>483.1767682209611</ele>
        <time>1970-01-01T00:00:15Z</time>
        <extensions>
          <gpxtpx:TrackPointExtension>
            <gpxtpx:hr>148</gpxtpx:hr>
          </gpxtpx:TrackPointExtension>
        </extensions>
      </trkpt>
      <trkpt lat="30.480654197153825" lon="104.02330213975529">
        <ele>483.16684233769774</ele>
        <time>1970-01-01T00:00:16Z</time>
        <extensions>
          <gpxtpx:TrackPointExtension>
            <gpxtpx:hr>148</gpxtpx:hr>
          </gpxtpx:TrackPointExtension>
        </extensions>
      </trkpt>
      <trkpt lat="30.480683882343378" lon="104.02328313114427">
        <ele>483.1548233171925</ele>
        <time>1970-01-01T00:00:17Z</time>
        <extensions>
          <gpxtpx:TrackPointExtension>
            <gpxtpx:hr>148</gpxtpx:hr>
          </gpxtpx:TrackPointExtension>
        </extensions>
      </trkpt>
      <trkpt lat="30.480713038862877" lon="104.02326346824825">
        <ele>483.1405549123883</ele>
        <time>1970-01-01T00:00:18Z</time>
        <extensions>
          <gpxtpx:TrackPointExtension>
            <gpxtpx:hr>148</gpxtpx:hr>
          </gpxtpx:TrackPointExtension>
        </extensions>
      </trkpt>
      <trkpt lat="30.480742380116517" lon="104.02324407749617">
        <ele>483.12386107444763</ele>
        <time>1970-01-01T00:00:19Z</time>
        <extensions>
          <gpxtpx:TrackPointExtension>
            <gpxtpx:hr>148</gpxtpx:hr>
          </gpxtpx:TrackPointExtension>
        </extensions>
      </trkpt>
      <trkpt lat="30.480772114401415" lon="104.0232245638024">
        <ele>483.10481773875654</ele>
        <time>1970-01-01T00:00:20Z</time>
        <extensions>
          <gpxtpx:TrackPointExtension>
            <gpxtpx:hr>148</gpxtpx:hr>
          </gpxtpx:TrackPointExtension>
        </extensions>
      </trkpt>
      <trkpt lat="30.480801042788432" lon="104.02320365445647">
        <ele>483.0839286968112</ele>
        <time>1970-01-01T00:00:21Z</time>
        <extensions>
          <gpxtpx:TrackPointExtension>
            <gpxtpx:hr>148</gpxtpx:hr>
          </gpxtpx:TrackPointExtension>
        </extensions>
      </trkpt>
      <trkpt lat="30.480828650975532" lon="104.02318099941219">
        <ele>483.0620839325711</ele>
        <time>1970-01-01T00:00:22Z</time>
        <extensions>
          <gpxtpx:TrackPointExtension>
            <gpxtpx:hr>152</gpxtpx:hr>
          </gpxtpx:TrackPointExtension>
        </extensions>
      </trkpt>
      <trkpt lat="30.480857673529695" lon="104.02315752452573">
        <ele>483.04026866331697</ele>
        <time>1970-01-01T00:00:23Z</time>
        <extensions>
          <gpxtpx:TrackPointExtension>
            <gpxtpx:hr>152</gpxtpx:hr>
          </gpxtpx:TrackPointExtension>
        </extensions>
      </trkpt>
      <trkpt lat="30.480885387331703" lon="104.02313462304693">
        <ele>483.01961620524526</ele>
        <time>1970-01-01T00:00:24Z</time>
        <extensions>
          <gpxtpx:TrackPointExtension>
            <gpxtpx:hr>152</gpxtpx:hr>
          </gpxtpx:TrackPointExtension>
        </extensions>
      </trkpt>
      <trkpt lat="30.480912886452366" lon="104.02311150848868">
        <ele>483.00108486041427</ele>
        <time>1970-01-01T00:00:25Z</time>
        <extensions>
          <gpxtpx:TrackPointExtension>
            <gpxtpx:hr>152</gpxtpx:hr>
          </gpxtpx:TrackPointExtension>
        </extensions>
      </trkpt>
      <trkpt lat="30.480939535541687" lon="104.02308789217723">
        <ele>482.9852384487167</ele>
        <time>1970-01-01T00:00:26Z</time>
        <extensions>
          <gpxtpx:TrackPointExtension>
            <gpxtpx:hr>152</gpxtpx:hr>
          </gpxtpx:TrackPointExtension>
        </extensions>
      </trkpt>
      <trkpt lat="30.480965593892677" lon="104.0230638092493">
        <ele>482.9721416691318</ele>
        <time>1970-01-01T00:00:27Z</time>
        <extensions>
          <gpxtpx:TrackPointExtension>
            <gpxtpx:hr>152</gpxtpx:hr>
          </gpxtpx:TrackPointExtension>
        </extensions>
      </trkpt>
      <trkpt lat="30.480991544490255" lon="104.02303984214602">
        <ele>482.96168072894216</ele>
        <time>1970-01-01T00:00:28Z</time>
        <extensions>
          <gpxtpx:TrackPointExtension>
            <gpxtpx:hr>152</gpxtpx:hr>
          </gpxtpx:TrackPointExtension>
        </extensions>
      </trkpt>
      <trkpt lat="30.481016736065985" lon="104.02301482073781">
        <ele>482.95364408474416</ele>
        <time>1970-01-01T00:00:29Z</time>
        <extensions>
          <gpxtpx:TrackPointExtension>
            <gpxtpx:hr>155</gpxtpx:hr>
          </gpxtpx:TrackPointExtension>
        </extensions>
      </trkpt>
      <trkpt lat="30.48104120477927" lon="104.02298871384448">
        <ele>482.9477642038837</ele>
        <time>1970-01-01T00:00:30Z</time>
        <extensions>
          <gpxtpx:TrackPointExtension>
            <gpxtpx:hr>155</gpxtpx:hr>
          </gpxtpx:TrackPointExtension>
        </extensions>
      </trkpt>
      <trkpt lat="30.481065328823284" lon="104.02296251115139">
        <ele>482.9436960220337</ele>
        <time>1970-01-01T00:00:31Z</time>
        <extensions>
          <gpxtpx:TrackPointExtension>
            <gpxtpx:hr>155</gpxtpx:hr>
          </gpxtpx:TrackPointExtension>
        </extensions>
      </trkpt>
      <trkpt lat="30.48108881547355" lon="104.0229360895694">
        <ele>482.941058059223</ele>
        <time>1970-01-01T00:00:32Z</time>
        <extensions>
          <gpxtpx:TrackPointExtension>
            <gpxtpx:hr>155</gpxtpx:hr>
          </gpxtpx:TrackPointExtension>
        </extensions>
      </trkpt>
      <trkpt lat="30.481112723031686" lon="104.02290848642197">
        <ele>482.93928985577077</ele>
        <time>1970-01-01T00:00:33Z</time>
        <extensions>
          <gpxtpx:TrackPointExtension>
            <gpxtpx:hr>155</gpxtpx:hr>
          </gpxtpx:TrackPointExtension>
        </extensions>
      </trkpt>
      <trkpt lat="30.481136774043563" lon="104.0228794761538">
        <ele>482.93773480691016</ele>
        <time>1970-01-01T00:00:34Z</time>
        <extensions>
          <gpxtpx:TrackPointExtension>
            <gpxtpx:hr>155</gpxtpx:hr>
          </gpxtpx:TrackPointExtension>
        </extensions>
      </trkpt>
      <trkpt lat="30.481158581810405" lon="104.0228496190541">
        <ele>482.9357875660062</ele>
        <time>1970-01-01T00:00:35Z</time>
        <extensions>
          <gpxtpx:TrackPointExtension>
            <gpxtpx:hr>156</gpxtpx:hr>
          </gpxtpx:TrackPointExtension>
        </extensions>
      </trkpt>
      <trkpt lat="30.481177564312887" lon="104.0228198255104">
        <ele>482.93308117892593</ele>
        <time>1970-01-01T00:00:36Z</time>
        <extensions>
          <gpxtpx:TrackPointExtension>
            <gpxtpx:hr>156</gpxtpx:hr>
          </gpxtpx:TrackPointExtension>
        </extensions>
      </trkpt>
      <trkpt lat="30.481194632279635" lon="104.02279054684223">
        <ele>482.92956987954676</ele>
        <time>1970-01-01T00:00:37Z</time>
        <extensions>
          <gpxtpx:TrackPointExtension>
            <gpxtpx:hr>156</gpxtpx:hr>
          </gpxtpx:TrackPointExtension>
        </extensions>
      </trkpt>
      <trkpt lat="30.4812109529405" lon="104.02276070551129">
        <ele>482.92550411075354</ele>
        <time>1970-01-01T00:00:38Z</time>
        <extensions>
          <gpxtpx:TrackPointExtension>
            <gpxtpx:hr>156</gpxtpx:hr>
          </gpxtpx:TrackPointExtension>
        </extensions>
      </trkpt>
      <trkpt lat="30.481227385246758" lon="104.02272973966441">
        <ele>482.92128789424896</ele>
        <time>1970-01-01T00:00:39Z</time>
        <extensions>
          <gpxtpx:TrackPointExtension>
            <gpxtpx:hr>156</gpxtpx:hr>
          </gpxtpx:TrackPointExtension>
        </extensions>
      </trkpt>
      <trkpt lat="30.48124392575751" lon="104.02269868071083">
        <ele>482.9173487657681</ele>
        <time>1970-01-01T00:00:40Z</time>
        <extensions>
          <gpxtpx:TrackPointExtension>
            <gpxtpx:hr>156</gpxtpx:hr>
          </gpxtpx:TrackPointExtension>
        </extensions>
      </trkpt>
      <trkpt lat="30.481260418462178" lon="104.02266816399687">
        <ele>482.914020053111</ele>
        <time>1970-01-01T00:00:41Z</time>
        <extensions>
          <gpxtpx:TrackPointExtension>
            <gpxtpx:hr>156</gpxtpx:hr>
          </gpxtpx:TrackPointExtension>
        </extensions>
      </trkpt>
      <trkpt lat="30.481276933549736" lon="104.02263705290412">
        <ele>482.91156364791095</ele>
        <time>1970-01-01T00:00:42Z</time>
        <extensions>
          <gpxtpx:TrackPointExtension>
            <gpxtpx:hr>158</gpxtpx:hr>
          </gpxtpx:TrackPointExtension>
        </extensions>
      </trkpt>
      <trkpt lat="30.481292145490514" lon="104.02260487361714">
        <ele>482.910114065744</ele>
        <time>1970-01-01T00:00:43Z</time>
        <extensions>
          <gpxtpx:TrackPointExtension>
            <gpxtpx:hr>158</gpxtpx:hr>
          </gpxtpx:TrackPointExtension>
        </extensions>
      </trkpt>
      <trkpt lat="30.481305635122425" lon="104.02257204298017">
        <ele>482.9096201993525</ele>
        <time>1970-01-01T00:00:44Z</time>
        <extensions>
          <gpxtpx:TrackPointExtension>
            <gpxtpx:hr>158</gpxtpx:hr>
          </gpxtpx:TrackPointExtension>
        </extensions>
      </trkpt>
      <trkpt lat="30.481318216337577" lon="104.02253850650787">
        <ele>482.90976151824</ele>
        <time>1970-01-01T00:00:45Z</time>
        <extensions>
          <gpxtpx:TrackPointExtension>
            <gpxtpx:hr>158</gpxtpx:hr>
          </gpxtpx:TrackPointExtension>
        </extensions>
      </trkpt>
      <trkpt lat="30.481330805419" lon="104.02250443131055">
        <ele>482.91014863271266</ele>
        <time>1970-01-01T00:00:46Z</time>
        <extensions>
          <gpxtpx:TrackPointExtension>
            <gpxtpx:hr>158</gpxtpx:hr>
          </gpxtpx:TrackPointExtension>
        </extensions>
      </trkpt>
      <trkpt lat="30.4813426710768" lon="104.02247055705631">
        <ele>482.91039128787816</ele>
        <time>1970-01-01T00:00:47Z</time>
        <extensions>
          <gpxtpx:TrackPointExtension>
            <gpxtpx:hr>160</gpxtpx:hr>
          </gpxtpx:TrackPointExtension>
        </extensions>
      </trkpt>
      <trkpt lat="30.481353273818947" lon="104.02243653617438">
        <ele>482.9101170618087</ele>
        <time>1970-01-01T00:00:48Z</time>
        <extensions>
          <gpxtpx:TrackPointExtension>
            <gpxtpx:hr>160</gpxtpx:hr>
          </gpxtpx:TrackPointExtension>
        </extensions>
      </trkpt>
      <trkpt lat="30.48136302622487" lon="104.02240196315186">
        <ele>482.908992446959</ele>
        <time>1970-01-01T00:00:49Z</time>
        <extensions>
          <gpxtpx:TrackPointExtension>
            <gpxtpx:hr>160</gpxtpx:hr>
          </gpxtpx:TrackPointExtension>
        </extensions>
      </trkpt>
      <trkpt lat="30.48137220472452" lon="104.02236720130263">
        <ele>482.90686391852796</ele>
        <time>1970-01-01T00:00:50Z</time>
        <extensions>
          <gpxtpx:TrackPointExtension>
            <gpxtpx:hr>160</gpxtpx:hr>
          </gpxtpx:TrackPointExtension>
        </extensions>
      </trkpt>
      <trkpt lat="30.481380853438047" lon="104.02233233138848">
        <ele>482.90362968482077</ele>
        <time>1970-01-01T00:00:51Z</time>
        <extensions>
          <gpxtpx:TrackPointExtension>
            <gpxtpx:hr>160</gpxtpx:hr>
          </gpxtpx:TrackPointExtension>
        </extensions>
      </trkpt>
      <trkpt lat="30.481388149368453" lon="104.02229767355816">
        <ele>482.89909707102925</ele>
        <time>1970-01-01T00:00:52Z</time>
        <extensions>
          <gpxtpx:TrackPointExtension>
            <gpxtpx:hr>160</gpxtpx:hr>
          </gpxtpx:TrackPointExtension>
        </extensions>
      </trkpt>
      <trkpt lat="30.481394221101404" lon="104.02226287512865">
        <ele>482.89310408663005</ele>
        <time>1970-01-01T00:00:53Z</time>
        <extensions>
          <gpxtpx:TrackPointExtension>
            <gpxtpx:hr>160</gpxtpx:hr>
          </gpxtpx:TrackPointExtension>
        </extensions>
      </trkpt>
      <trkpt lat="30.481399793055097" lon="104.0222282487413">
        <ele>482.8857301454991</ele>
        <time>1970-01-01T00:00:54Z</time>
        <extensions>
          <gpxtpx:TrackPointExtension>
            <gpxtpx:hr>160</gpxtpx:hr>
          </gpxtpx:TrackPointExtension>
        </extensions>
      </trkpt>
      <trkpt lat="30.48140507575929" lon="104.02219393904848">
        <ele>482.87717955280095</ele>
        <time>1970-01-01T00:00:55Z</time>
        <extensions>
          <gpxtpx:TrackPointExtension>
            <gpxtpx:hr>160</gpxtpx:hr>
          </gpxtpx:TrackPointExtension>
        </extensions>
      </trkpt>
      <trkpt lat="30.48140946691533" lon="104.02215895324444">
        <ele>482.8677102504298</ele>
        <time>1970-01-01T00:00:56Z</time>
        <extensions>
          <gpxtpx:TrackPointExtension>
            <gpxtpx:hr>160</gpxtpx:hr>
          </gpxtpx:TrackPointExtension>
        </extensions>
      </trkpt>
      <trkpt lat="30.481412900424257" lon="104.02212253277212">
        <ele>482.8576235352084</ele>
        <time>1970-01-01T00:00:57Z</time>
        <extensions>
          <gpxtpx:TrackPointExtension>
            <gpxtpx:hr>160</gpxtpx:hr>
          </gpxtpx:TrackPointExtension>
        </extensions>
      </trkpt>
      <trkpt lat="30.481415893550913" lon="104.02208587541448">
        <ele>482.8471971228719</ele>
        <time>1970-01-01T00:00:58Z</time>
        <extensions>
          <gpxtpx:TrackPointExtension>
            <gpxtpx:hr>160</gpxtpx:hr>
          </gpxtpx:TrackPointExtension>
        </extensions>
      </trkpt>
      <trkpt lat="30.481418622431278" lon="104.02204955418861">
        <ele>482.8365002721548</ele>
        <time>1970-01-01T00:00:59Z</time>
        <extensions>
          <gpxtpx:TrackPointExtension>
            <gpxtpx:hr>160</gpxtpx:hr>
          </gpxtpx:TrackPointExtension>
        </extensions>
      </trkpt>
      <trkpt lat="30.481420505324706" lon="104.02201340567906">
        <ele>482.82538866251707</ele>
        <time>1970-01-01T00:01:00Z</time>
        <extensions>
          <gpxtpx:TrackPointExtension>
            <gpxtpx:hr>160</gpxtpx:hr>
          </gpxtpx:TrackPointExtension>
        </extensions>
      </trkpt>
      <trkpt lat="30.481421497403005" lon="104.02197783508706">
        <ele>482.81367615424097</ele>
        <time>1970-01-01T00:01:01Z</time>
        <extensions>
          <gpxtpx:TrackPointExtension>
            <gpxtpx:hr>160</gpxtpx:hr>
          </gpxtpx:TrackPointExtension>
        </extensions>
      </trkpt>
      <trkpt lat="30.481421796485986" lon="104.02194223366108">
        <ele>482.8013347927481</ele>
        <time>1970-01-01T00:01:02Z</time>
        <extensions>
          <gpxtpx:TrackPointExtension>
            <gpxtpx:hr>160</gpxtpx:hr>
          </gpxtpx:TrackPointExtension>
        </extensions>
      </trkpt>
      <trkpt lat="30.48142140199021" lon="104.02190618615053">
        <ele>482.78859516605735</ele>
        <time>1970-01-01T00:01:03Z</time>
        <extensions>
          <gpxtpx:TrackPointExtension>
            <gpxtpx:hr>160</gpxtpx:hr>
          </gpxtpx:TrackPointExtension>
        </extensions>
      </trkpt>
      <trkpt lat="30.48142071573625" lon="104.02187065160437">
        <ele>482.7759166015312</ele>
        <time>1970-01-01T00:01:04Z</time>
        <extensions>
          <gpxtpx:TrackPointExtension>
            <gpxtpx:hr>161</gpxtpx:hr>
          </gpxtpx:TrackPointExtension>
        </extensions>
      </trkpt>
      <trkpt lat="30.481419757578276" lon="104.02183696177599">
        <ele>482.76386444363743</ele>
        <time>1970-01-01T00:01:05Z</time>
        <extensions>
          <gpxtpx:TrackPointExtension>
            <gpxtpx:hr>161</gpxtpx:hr>
          </gpxtpx:TrackPointExtension>
        </extensions>
      </trkpt>
      <trkpt lat="30.481418114713208" lon="104.02180388738584">
        <ele>482.7529682163149</ele>
        <time>1970-01-01T00:01:06Z</time>
        <extensions>
          <gpxtpx:TrackPointExtension>
            <gpxtpx:hr>161</gpxtpx:hr>
          </gpxtpx:TrackPointExtension>
        </extensions>
      </trkpt>
      <trkpt lat="30.48141477509344" lon="104.02177012133421">
        <ele>482.7435521548614</ele>
        <time>1970-01-01T00:01:07Z</time>
        <extensions>
          <gpxtpx:TrackPointExtension>
            <gpxtpx:hr>161</gpxtpx:hr>
          </gpxtpx:TrackPointExtension>
        </extensions>
      </trkpt>
      <trkpt lat="30.48140974301685" lon="104.0217354038585">
        <ele>482.73561150114983</ele>
        <time>1970-01-01T00:01:08Z</time>
        <extensions>
          <gpxtpx:TrackPointExtension>
            <gpxtpx:hr>160</gpxtpx:hr>
          </gpxtpx:TrackPointExtension>
        </extensions>
      </trkpt>
      <trkpt lat="30.481403673885502" lon="104.02170106928938">
        <ele>482.72892872057855</ele>
        <time>1970-01-01T00:01:09Z</time>
        <extensions>
          <gpxtpx:TrackPointExtension>
            <gpxtpx:hr>160</gpxtpx:hr>
          </gpxtpx:TrackPointExtension>
        </extensions>
      </trkpt>
      <trkpt lat="30.48139654360004" lon="104.0216674713705">
        <ele>482.72327263094485</ele>
        <time>1970-01-01T00:01:10Z</time>
        <extensions>
          <gpxtpx:TrackPointExtension>
            <gpxtpx:hr>160</gpxtpx:hr>
          </gpxtpx:TrackPointExtension>
        </extensions>
      </trkpt>
      <trkpt lat="30.481388251288724" lon="104.02163338246596">
        <ele>482.7184070702642</ele>
        <time>1970-01-01T00:01:11Z</time>
        <extensions>
          <gpxtpx:TrackPointExtension>
            <gpxtpx:hr>160</gpxtpx:hr>
          </gpxtpx:TrackPointExtension>
        </extensions>
      </trkpt>
      <trkpt lat="30.48137982424074" lon="104.02159916941012">
        <ele>482.71403663698584</ele>
        <time>1970-01-01T00:01:12Z</time>
        <extensions>
          <gpxtpx:TrackPointExtension>
            <gpxtpx:hr>160</gpxtpx:hr>
          </gpxtpx:TrackPointExtension>
        </extensions>
      </trkpt>
      <trkpt lat="30.481372315153166" lon="104.02156544998286">
        <ele>482.7099247369915</ele>
        <time>1970-01-01T00:01:13Z</time>
        <extensions>
          <gpxtpx:TrackPointExtension>
            <gpxtpx:hr>160</gpxtpx:hr>
          </gpxtpx:TrackPointExtension>
        </extensions>
      </trkpt>
      <trkpt lat="30.481365106486916" lon="104.02153220678282">
        <ele>482.70587941631675</ele>
        <time>1970-01-01T00:01:14Z</time>
        <extensions>
          <gpxtpx:TrackPointExtension>
            <gpxtpx:hr>160</gpxtpx:hr>
          </gpxtpx:TrackPointExtension>
        </extensions>
      </trkpt>
      <trkpt lat="30.481357792535988" lon="104.02149869824997">
        <ele>482.701846643351</ele>
        <time>1970-01-01T00:01:15Z</time>
        <extensions>
          <gpxtpx:TrackPointExtension>
            <gpxtpx:hr>160</gpxtpx:hr>
          </gpxtpx:TrackPointExtension>
        </extensions>
      </trkpt>
      <trkpt lat="30.48135100897138" lon="104.02146514036436">
        <ele>482.6979527520016</ele>
        <time>1970-01-01T00:01:16Z</time>
        <extensions>
          <gpxtpx:TrackPointExtension>
            <gpxtpx:hr>160</gpxtpx:hr>
          </gpxtpx:TrackPointExtension>
        </extensions>
      </trkpt>
      <trkpt lat="30.48134467741681" lon="104.02143120637307">
        <ele>482.69453414995223</ele>
        <time>1970-01-01T00:01:16Z</time>
        <extensions>
          <gpxtpx:TrackPointExtension>
            <gpxtpx:hr>160</gpxtpx:hr>
          </gpxtpx:TrackPointExtension>
        </extensions>
      </trkpt>
      <trkpt lat="30.481337879485793" lon="104.02139696127706">
        <ele>482.6919728415087</ele>
        <time>1970-01-01T00:01:17Z</time>
        <extensions>
          <gpxtpx:TrackPointExtension>
            <gpxtpx:hr>160</gpxtpx:hr>
          </gpxtpx:TrackPointExtension>
        </extensions>
      </trkpt>
      <trkpt lat="30.48132999774189" lon="104.02136283065946">
        <ele>482.69065815676004</ele>
        <time>1970-01-01T00:01:18Z</time>
        <extensions>
          <gpxtpx:TrackPointExtension>
            <gpxtpx:hr>160</gpxtpx:hr>
          </gpxtpx:TrackPointExtension>
        </extensions>
      </trkpt>
      <trkpt lat="30.481321152430894" lon="104.02132963844875">
        <ele>482.6908546341583</ele>
        <time>1970-01-01T00:01:19Z</time>
        <extensions>
          <gpxtpx:TrackPointExtension>
            <gpxtpx:hr>160</gpxtpx:hr>
          </gpxtpx:TrackPointExtension>
        </extensions>
      </trkpt>
      <trkpt lat="30.481312073161273" lon="104.02129694988945">
        <ele>482.69264986459166</ele>
        <time>1970-01-01T00:01:20Z</time>
        <extensions>
          <gpxtpx:TrackPointExtension>
            <gpxtpx:hr>160</gpxtpx:hr>
          </gpxtpx:TrackPointExtension>
        </extensions>
      </trkpt>
      <trkpt lat="30.481302831074466" lon="104.02126345716655">
        <ele>482.6959424344823</ele>
        <time>1970-01-01T00:01:21Z</time>
        <extensions>
          <gpxtpx:TrackPointExtension>
            <gpxtpx:hr>162</gpxtpx:hr>
          </gpxtpx:TrackPointExtension>
        </extensions>
      </trkpt>
      <trkpt lat="30.481293577736533" lon="104.02122951168745">
        <ele>482.70052871014923</ele>
        <time>1970-01-01T00:01:22Z</time>
        <extensions>
          <gpxtpx:TrackPointExtension>
            <gpxtpx:hr>162</gpxtpx:hr>
          </gpxtpx:TrackPointExtension>
        </extensions>
      </trkpt>
      <trkpt lat="30.48128459156581" lon="104.02119566414412">
        <ele>482.70611791778356</ele>
        <time>1970-01-01T00:01:23Z</time>
        <extensions>
          <gpxtpx:TrackPointExtension>
            <gpxtpx:hr>162</gpxtpx:hr>
          </gpxtpx:TrackPointExtension>
        </extensions>
      </trkpt>
      <trkpt lat="30.48127559393734" lon="104.02116189889273">
        <ele>482.7123650778085</ele>
        <time>1970-01-01T00:01:24Z</time>
        <extensions>
          <gpxtpx:TrackPointExtension>
            <gpxtpx:hr>162</gpxtpx:hr>
          </gpxtpx:TrackPointExtension>
        </extensions>
      </trkpt>
      <trkpt lat="30.48126676790286" lon="104.02112785909894">
        <ele>482.71885204687715</ele>
        <time>1970-01-01T00:01:25Z</time>
        <extensions>
          <gpxtpx:TrackPointExtension>
            <gpxtpx:hr>162</gpxtpx:hr>
          </gpxtpx:TrackPointExtension>
        </extensions>
      </trkpt>
      <trkpt lat="30.481258234368045" lon="104.02109440162516">
        <ele>482.72523968759924</ele>
        <time>1970-01-01T00:01:26Z</time>
        <extensions>
          <gpxtpx:TrackPointExtension>
            <gpxtpx:hr>165</gpxtpx:hr>
          </gpxtpx:TrackPointExtension>
        </extensions>
      </trkpt>
      <trkpt lat="30.48124942132183" lon="104.02106127316816">
        <ele>482.7313264030963</ele>
        <time>1970-01-01T00:01:27Z</time>
        <extensions>
          <gpxtpx:TrackPointExtension>
            <gpxtpx:hr>165</gpxtpx:hr>
          </gpxtpx:TrackPointExtension>
        </extensions>
      </trkpt>
      <trkpt lat="30.481240172770505" lon="104.02102827712069">
        <ele>482.7370307929814</ele>
        <time>1970-01-01T00:01:28Z</time>
        <extensions>
          <gpxtpx:TrackPointExtension>
            <gpxtpx:hr>165</gpxtpx:hr>
          </gpxtpx:TrackPointExtension>
        </extensions>
      </trkpt>
      <trkpt lat="30.481230719241527" lon="104.02099465261641">
        <ele>482.7423429200426</ele>
        <time>1970-01-01T00:01:29Z</time>
        <extensions>
          <gpxtpx:TrackPointExtension>
            <gpxtpx:hr>165</gpxtpx:hr>
          </gpxtpx:TrackPointExtension>
        </extensions>
      </trkpt>
      <trkpt lat="30.481221196686263" lon="104.0209601552106">
        <ele>482.7472666557878</ele>
        <time>1970-01-01T00:01:30Z</time>
        <extensions>
          <gpxtpx:TrackPointExtension>
            <gpxtpx:hr>165</gpxtpx:hr>
          </gpxtpx:TrackPointExtension>
        </extensions>
      </trkpt>
      <trkpt lat="30.481211104522455" lon="104.02092505223021">
        <ele>482.7518154028803</ele>
        <time>1970-01-01T00:01:31Z</time>
        <extensions>
          <gpxtpx:TrackPointExtension>
            <gpxtpx:hr>165</gpxtpx:hr>
          </gpxtpx:TrackPointExtension>
        </extensions>
      </trkpt>
      <trkpt lat="30.481200929435293" lon="104.02089089781896">
        <ele>482.7558799246326</ele>
        <time>1970-01-01T00:01:32Z</time>
        <extensions>
          <gpxtpx:TrackPointExtension>
            <gpxtpx:hr>165</gpxtpx:hr>
          </gpxtpx:TrackPointExtension>
        </extensions>
      </trkpt>
      <trkpt lat="30.48119093522221" lon="104.02085855418947">
        <ele>482.7592360554263</ele>
        <time>1970-01-01T00:01:33Z</time>
        <extensions>
          <gpxtpx:TrackPointExtension>
            <gpxtpx:hr>165</gpxtpx:hr>
          </gpxtpx:TrackPointExtension>
        </extensions>
      </trkpt>
      <trkpt lat="30.481180248086943" lon="104.02082691424606">
        <ele>482.7616844829172</ele>
        <time>1970-01-01T00:01:34Z</time>
        <extensions>
          <gpxtpx:TrackPointExtension>
            <gpxtpx:hr>165</gpxtpx:hr>
          </gpxtpx:TrackPointExtension>
        </extensions>
      </trkpt>
      <trkpt lat="30.481169393062324" lon="104.02079507646565">
        <ele>482.76308620907366</ele>
        <time>1970-01-01T00:01:36Z</time>
        <extensions>
          <gpxtpx:TrackPointExtension>
            <gpxtpx:hr>165</gpxtpx:hr>
          </gpxtpx:TrackPointExtension>
        </extensions>
      </trkpt>
      <trkpt lat="30.481158942418283" lon="104.02076218933506">
        <ele>482.7632665624842</ele>
        <time>1970-01-01T00:01:37Z</time>
        <extensions>
          <gpxtpx:TrackPointExtension>
            <gpxtpx:hr>165</gpxtpx:hr>
          </gpxtpx:TrackPointExtension>
        </extensions>
      </trkpt>
      <trkpt lat="30.48114860900323" lon="104.02072877152031">
        <ele>482.7620733268559</ele>
        <time>1970-01-01T00:01:38Z</time>
        <extensions>
          <gpxtpx:TrackPointExtension>
            <gpxtpx:hr>165</gpxtpx:hr>
          </gpxtpx:TrackPointExtension>
        </extensions>
      </trkpt>
      <trkpt lat="30.481137629627316" lon="104.02069536053014">
        <ele>482.7595086507499</ele>
        <time>1970-01-01T00:01:39Z</time>
        <extensions>
          <gpxtpx:TrackPointExtension>
            <gpxtpx:hr>165</gpxtpx:hr>
          </gpxtpx:TrackPointExtension>
        </extensions>
      </trkpt>
      <trkpt lat="30.481125772972895" lon="104.02066225158222">
        <ele>482.75561708118767</ele>
        <time>1970-01-01T00:01:40Z</time>
        <extensions>
          <gpxtpx:TrackPointExtension>
            <gpxtpx:hr>165</gpxtpx:hr>
          </gpxtpx:TrackPointExtension>
        </extensions>
      </trkpt>
      <trkpt lat="30.4811136128882" lon="104.02062927868855">
        <ele>482.7504469193518</ele>
        <time>1970-01-01T00:01:41Z</time>
        <extensions>
          <gpxtpx:TrackPointExtension>
            <gpxtpx:hr>165</gpxtpx:hr>
          </gpxtpx:TrackPointExtension>
        </extensions>
      </trkpt>
      <trkpt lat="30.481101844014045" lon="104.0205975393217">
        <ele>482.744197178632</ele>
        <time>1970-01-01T00:01:42Z</time>
        <extensions>
          <gpxtpx:TrackPointExtension>
            <gpxtpx:hr>165</gpxtpx:hr>
          </gpxtpx:TrackPointExtension>
        </extensions>
      </trkpt>
      <trkpt lat="30.481090217331392" lon="104.02056660421218">
        <ele>482.73730222322047</ele>
        <time>1970-01-01T00:01:43Z</time>
        <extensions>
          <gpxtpx:TrackPointExtension>
            <gpxtpx:hr>165</gpxtpx:hr>
          </gpxtpx:TrackPointExtension>
        </extensions>
      </trkpt>
      <trkpt lat="30.481077908919083" lon="104.02053546851063">
        <ele>482.7303342660889</ele>
        <time>1970-01-01T00:01:44Z</time>
        <extensions>
          <gpxtpx:TrackPointExtension>
            <gpxtpx:hr>165</gpxtpx:hr>
          </gpxtpx:TrackPointExtension>
        </extensions>
      </trkpt>
      <trkpt lat="30.481064286452217" lon="104.02050388566492">
        <ele>482.7239323128015</ele>
        <time>1970-01-01T00:01:45Z</time>
        <extensions>
          <gpxtpx:TrackPointExtension>
            <gpxtpx:hr>165</gpxtpx:hr>
          </gpxtpx:TrackPointExtension>
        </extensions>
      </trkpt>
      <trkpt lat="30.481050185526232" lon="104.02047250232505">
        <ele>482.7187001220882</ele>
        <time>1970-01-01T00:01:46Z</time>
        <extensions>
          <gpxtpx:TrackPointExtension>
            <gpxtpx:hr>165</gpxtpx:hr>
          </gpxtpx:TrackPointExtension>
        </extensions>
      </trkpt>
      <trkpt lat="30.48103651384507" lon="104.02044139347669">
        <ele>482.71502835676074</ele>
        <time>1970-01-01T00:01:47Z</time>
        <extensions>
          <gpxtpx:TrackPointExtension>
            <gpxtpx:hr>165</gpxtpx:hr>
          </gpxtpx:TrackPointExtension>
        </extensions>
      </trkpt>
      <trkpt lat="30.481023036339067" lon="104.02041045106655">
        <ele>482.71292172838</ele>
        <time>1970-01-01T00:01:48Z</time>
        <extensions>
          <gpxtpx:TrackPointExtension>
            <gpxtpx:hr>165</gpxtpx:hr>
          </gpxtpx:TrackPointExtension>
        </extensions>
      </trkpt>
      <trkpt lat="30.481009564261882" lon="104.02037985786629">
        <ele>482.71210858691484</ele>
        <time>1970-01-01T00:01:49Z</time>
        <extensions>
          <gpxtpx:TrackPointExtension>
            <gpxtpx:hr>165</gpxtpx:hr>
          </gpxtpx:TrackPointExtension>
        </extensions>
      </trkpt>
      <trkpt lat="30.480995791292727" lon="104.02034927979108">
        <ele>482.712133185938</ele>
        <time>1970-01-01T00:01:50Z</time>
        <extensions>
          <gpxtpx:TrackPointExtension>
            <gpxtpx:hr>165</gpxtpx:hr>
          </gpxtpx:TrackPointExtension>
        </extensions>
      </trkpt>
      <trkpt lat="30.480982361180008" lon="104.02031862623889">
        <ele>482.7126140277833</ele>
        <time>1970-01-01T00:01:51Z</time>
        <extensions>
          <gpxtpx:TrackPointExtension>
            <gpxtpx:hr>165</gpxtpx:hr>
          </gpxtpx:TrackPointExtension>
        </extensions>
      </trkpt>
      <trkpt lat="30.480970174141788" lon="104.02028752722782">
        <ele>482.7133623091504</ele>
        <time>1970-01-01T00:01:52Z</time>
        <extensions>
          <gpxtpx:TrackPointExtension>
            <gpxtpx:hr>164</gpxtpx:hr>
          </gpxtpx:TrackPointExtension>
        </extensions>
      </trkpt>
      <trkpt lat="30.48095916915794" lon="104.02025592558618">
        <ele>482.7144752703607</ele>
        <time>1970-01-01T00:01:53Z</time>
        <extensions>
          <gpxtpx:TrackPointExtension>
            <gpxtpx:hr>164</gpxtpx:hr>
          </gpxtpx:TrackPointExtension>
        </extensions>
      </trkpt>
      <trkpt lat="30.48094875486313" lon="104.0202229075294">
        <ele>482.71605634037405</ele>
        <time>1970-01-01T00:01:54Z</time>
        <extensions>
          <gpxtpx:TrackPointExtension>
            <gpxtpx:hr>164</gpxtpx:hr>
          </gpxtpx:TrackPointExtension>
        </extensions>
      </trkpt>
      <trkpt lat="30.480938613099017" lon="104.02018922258507">
        <ele>482.71828658506274</ele>
        <time>1970-01-01T00:01:55Z</time>
        <extensions>
          <gpxtpx:TrackPointExtension>
            <gpxtpx:hr>164</gpxtpx:hr>
          </gpxtpx:TrackPointExtension>
        </extensions>
      </trkpt>
      <trkpt lat="30.480928348910275" lon="104.0201563020747">
        <ele>482.7213624799624</ele>
        <time>1970-01-01T00:01:56Z</time>
        <extensions>
          <gpxtpx:TrackPointExtension>
            <gpxtpx:hr>164</gpxtpx:hr>
          </gpxtpx:TrackPointExtension>
        </extensions>
      </trkpt>
      <trkpt lat="30.480917181001484" lon="104.02012485595955">
        <ele>482.72547612991184</ele>
        <time>1970-01-01T00:01:57Z</time>
        <extensions>
          <gpxtpx:TrackPointExtension>
            <gpxtpx:hr>164</gpxtpx:hr>
          </gpxtpx:TrackPointExtension>
        </extensions>
      </trkpt>
      <trkpt lat="30.480904382807243" lon="104.02009417855436">
        <ele>482.7306893914938</ele>
        <time>1970-01-01T00:01:58Z</time>
        <extensions>
          <gpxtpx:TrackPointExtension>
            <gpxtpx:hr>164</gpxtpx:hr>
          </gpxtpx:TrackPointExtension>
        </extensions>
      </trkpt>
      <trkpt lat="30.480890207202577" lon="104.02006327727108">
        <ele>482.73692297842354</ele>
        <time>1970-01-01T00:01:59Z</time>
        <extensions>
          <gpxtpx:TrackPointExtension>
            <gpxtpx:hr>164</gpxtpx:hr>
          </gpxtpx:TrackPointExtension>
        </extensions>
      </trkpt>
      <trkpt lat="30.48087566225103" lon="104.02003107821739">
        <ele>482.74398372415453</ele>
        <time>1970-01-01T00:02:00Z</time>
        <extensions>
          <gpxtpx:TrackPointExtension>
            <gpxtpx:hr>164</gpxtpx:hr>
          </gpxtpx:TrackPointExtension>
        </extensions>
      </trkpt>
      <trkpt lat="30.480861224794868" lon="104.01999837557474">
        <ele>482.7515888577327</ele>
        <time>1970-01-01T00:02:01Z</time>
        <extensions>
          <gpxtpx:TrackPointExtension>
            <gpxtpx:hr>164</gpxtpx:hr>
          </gpxtpx:TrackPointExtension>
        </extensions>
      </trkpt>
      <trkpt lat="30.480846754777307" lon="104.0199660582961">
        <ele>482.75931665860116</ele>
        <time>1970-01-01T00:02:02Z</time>
        <extensions>
          <gpxtpx:TrackPointExtension>
            <gpxtpx:hr>164</gpxtpx:hr>
          </gpxtpx:TrackPointExtension>
        </extensions>
      </trkpt>
      <trkpt lat="30.480832759753667" lon="104.01993390924575">
        <ele>482.76686548627913</ele>
        <time>1970-01-01T00:02:03Z</time>
        <extensions>
          <gpxtpx:TrackPointExtension>
            <gpxtpx:hr>164</gpxtpx:hr>
          </gpxtpx:TrackPointExtension>
        </extensions>
      </trkpt>
      <trkpt lat="30.480818814286746" lon="104.019901335288">
        <ele>482.774137285538</ele>
        <time>1970-01-01T00:02:04Z</time>
        <extensions>
          <gpxtpx:TrackPointExtension>
            <gpxtpx:hr>164</gpxtpx:hr>
          </gpxtpx:TrackPointExtension>
        </extensions>
      </trkpt>
      <trkpt lat="30.48080393848006" lon="104.01986916169412">
        <ele>482.78114062175155</ele>
        <time>1970-01-01T00:02:05Z</time>
        <extensions>
          <gpxtpx:TrackPointExtension>
            <gpxtpx:hr>164</gpxtpx:hr>
          </gpxtpx:TrackPointExtension>
        </extensions>
      </trkpt>
      <trkpt lat="30.48078786479865" lon="104.01983820324249">
        <ele>482.78784165065736</ele>
        <time>1970-01-01T00:02:06Z</time>
        <extensions>
          <gpxtpx:TrackPointExtension>
            <gpxtpx:hr>164</gpxtpx:hr>
          </gpxtpx:TrackPointExtension>
        </extensions>
      </trkpt>
      <trkpt lat="30.48077083677783" lon="104.01980819657777">
        <ele>482.7940401704982</ele>
        <time>1970-01-01T00:02:07Z</time>
        <extensions>
          <gpxtpx:TrackPointExtension>
            <gpxtpx:hr>164</gpxtpx:hr>
          </gpxtpx:TrackPointExtension>
        </extensions>
      </trkpt>
      <trkpt lat="30.480753188031567" lon="104.01977884665966">
        <ele>482.79939466621727</ele>
        <time>1970-01-01T00:02:08Z</time>
        <extensions>
          <gpxtpx:TrackPointExtension>
            <gpxtpx:hr>164</gpxtpx:hr>
          </gpxtpx:TrackPointExtension>
        </extensions>
      </trkpt>
      <trkpt lat="30.480735338328135" lon="104.0197493625322">
        <ele>482.8035669066012</ele>
        <time>1970-01-01T00:02:09Z</time>
        <extensions>
          <gpxtpx:TrackPointExtension>
            <gpxtpx:hr>165</gpxtpx:hr>
          </gpxtpx:TrackPointExtension>
        </extensions>
      </trkpt>
      <trkpt lat="30.480717685129594" lon="104.01971955427801">
        <ele>482.80632353946567</ele>
        <time>1970-01-01T00:02:10Z</time>
        <extensions>
          <gpxtpx:TrackPointExtension>
            <gpxtpx:hr>165</gpxtpx:hr>
          </gpxtpx:TrackPointExtension>
        </extensions>
      </trkpt>
      <trkpt lat="30.480699791812988" lon="104.01968952821002">
        <ele>482.8076137099415</ele>
        <time>1970-01-01T00:02:11Z</time>
        <extensions>
          <gpxtpx:TrackPointExtension>
            <gpxtpx:hr>165</gpxtpx:hr>
          </gpxtpx:TrackPointExtension>
        </extensions>
      </trkpt>
      <trkpt lat="30.480681793782495" lon="104.01966043514992">
        <ele>482.8075426425785</ele>
        <time>1970-01-01T00:02:12Z</time>
        <extensions>
          <gpxtpx:TrackPointExtension>
            <gpxtpx:hr>165</gpxtpx:hr>
          </gpxtpx:TrackPointExtension>
        </extensions>
      </trkpt>
      <trkpt lat="30.480663844955952" lon="104.01963254916868">
        <ele>482.8063641516492</ele>
        <time>1970-01-01T00:02:13Z</time>
        <extensions>
          <gpxtpx:TrackPointExtension>
            <gpxtpx:hr>165</gpxtpx:hr>
          </gpxtpx:TrackPointExtension>
        </extensions>
      </trkpt>
      <trkpt lat="30.480645784701473" lon="104.01960559232877">
        <ele>482.8043847735971</ele>
        <time>1970-01-01T00:02:14Z</time>
        <extensions>
          <gpxtpx:TrackPointExtension>
            <gpxtpx:hr>166</gpxtpx:hr>
          </gpxtpx:TrackPointExtension>
        </extensions>
      </trkpt>
      <trkpt lat="30.480627054676077" lon="104.01957830412742">
        <ele>482.80190740711987</ele>
        <time>1970-01-01T00:02:15Z</time>
        <extensions>
          <gpxtpx:TrackPointExtension>
            <gpxtpx:hr>166</gpxtpx:hr>
          </gpxtpx:TrackPointExtension>
        </extensions>
      </trkpt>
      <trkpt lat="30.480607611942492" lon="104.01955043733219">
        <ele>482.7992176003754</ele>
        <time>1970-01-01T00:02:16Z</time>
        <extensions>
          <gpxtpx:TrackPointExtension>
            <gpxtpx:hr>166</gpxtpx:hr>
          </gpxtpx:TrackPointExtension>
        </extensions>
      </trkpt>
      <trkpt lat="30.480588031468635" lon="104.01952266836473">
        <ele>482.79662157129496</ele>
        <time>1970-01-01T00:02:17Z</time>
        <extensions>
          <gpxtpx:TrackPointExtension>
            <gpxtpx:hr>166</gpxtpx:hr>
          </gpxtpx:TrackPointExtension>
        </extensions>
      </trkpt>
      <trkpt lat="30.480568616727798" lon="104.01949591306767">
        <ele>482.794340566732</ele>
        <time>1970-01-01T00:02:18Z</time>
        <extensions>
          <gpxtpx:TrackPointExtension>
            <gpxtpx:hr>166</gpxtpx:hr>
          </gpxtpx:TrackPointExtension>
        </extensions>
      </trkpt>
      <trkpt lat="30.48054883808475" lon="104.01946943680163">
        <ele>482.792438255623</ele>
        <time>1970-01-01T00:02:19Z</time>
        <extensions>
          <gpxtpx:TrackPointExtension>
            <gpxtpx:hr>166</gpxtpx:hr>
          </gpxtpx:TrackPointExtension>
        </extensions>
      </trkpt>
      <trkpt lat="30.480528896268204" lon="104.01944227106861">
        <ele>482.79083071183413</ele>
        <time>1970-01-01T00:02:20Z</time>
        <extensions>
          <gpxtpx:TrackPointExtension>
            <gpxtpx:hr>167</gpxtpx:hr>
          </gpxtpx:TrackPointExtension>
        </extensions>
      </trkpt>
      <trkpt lat="30.480509484853897" lon="104.01941463462552">
        <ele>482.78936618287116</ele>
        <time>1970-01-01T00:02:21Z</time>
        <extensions>
          <gpxtpx:TrackPointExtension>
            <gpxtpx:hr>167</gpxtpx:hr>
          </gpxtpx:TrackPointExtension>
        </extensions>
      </trkpt>
      <trkpt lat="30.480490558203805" lon="104.01938791039622">
        <ele>482.7879524109885</ele>
        <time>1970-01-01T00:02:22Z</time>
        <extensions>
          <gpxtpx:TrackPointExtension>
            <gpxtpx:hr>167</gpxtpx:hr>
          </gpxtpx:TrackPointExtension>
        </extensions>
      </trkpt>
      <trkpt lat="30.480470898807248" lon="104.01936209847122">
        <ele>482.78658125083894</ele>
        <time>1970-01-01T00:02:23Z</time>
        <extensions>
          <gpxtpx:TrackPointExtension>
            <gpxtpx:hr>167</gpxtpx:hr>
          </gpxtpx:TrackPointExtension>
        </extensions>
      </trkpt>
      <trkpt lat="30.48045040919729" lon="104.01933677747215">
        <ele>482.78533241990954</ele>
        <time>1970-01-01T00:02:24Z</time>
        <extensions>
          <gpxtpx:TrackPointExtension>
            <gpxtpx:hr>168</gpxtpx:hr>
          </gpxtpx:TrackPointExtension>
        </extensions>
      </trkpt>
      <trkpt lat="30.480429283728544" lon="104.01931239742002">
        <ele>482.78429209347814</ele>
        <time>1970-01-01T00:02:25Z</time>
        <extensions>
          <gpxtpx:TrackPointExtension>
            <gpxtpx:hr>168</gpxtpx:hr>
          </gpxtpx:TrackPointExtension>
        </extensions>
      </trkpt>
      <trkpt lat="30.480407604377817" lon="104.01928925959477">
        <ele>482.7835677191615</ele>
        <time>1970-01-01T00:02:26Z</time>
        <extensions>
          <gpxtpx:TrackPointExtension>
            <gpxtpx:hr>168</gpxtpx:hr>
          </gpxtpx:TrackPointExtension>
        </extensions>
      </trkpt>
      <trkpt lat="30.48038572645309" lon="104.01926680291474">
        <ele>482.78319366648793</ele>
        <time>1970-01-01T00:02:27Z</time>
        <extensions>
          <gpxtpx:TrackPointExtension>
            <gpxtpx:hr>168</gpxtpx:hr>
          </gpxtpx:TrackPointExtension>
        </extensions>
      </trkpt>
      <trkpt lat="30.480363340201496" lon="104.0192443021988">
        <ele>482.78312376793474</ele>
        <time>1970-01-01T00:02:28Z</time>
        <extensions>
          <gpxtpx:TrackPointExtension>
            <gpxtpx:hr>168</gpxtpx:hr>
          </gpxtpx:TrackPointExtension>
        </extensions>
      </trkpt>
      <trkpt lat="30.480340323253763" lon="104.0192219665299">
        <ele>482.7832430275157</ele>
        <time>1970-01-01T00:02:29Z</time>
        <extensions>
          <gpxtpx:TrackPointExtension>
            <gpxtpx:hr>168</gpxtpx:hr>
          </gpxtpx:TrackPointExtension>
        </extensions>
      </trkpt>
      <trkpt lat="30.480317164383568" lon="104.01920051198668">
        <ele>482.7834723358974</ele>
        <time>1970-01-01T00:02:30Z</time>
        <extensions>
          <gpxtpx:TrackPointExtension>
            <gpxtpx:hr>168</gpxtpx:hr>
          </gpxtpx:TrackPointExtension>
        </extensions>
      </trkpt>
      <trkpt lat="30.480294335110255" lon="104.01917978092553">
        <ele>482.78369141276926</ele>
        <time>1970-01-01T00:02:31Z</time>
        <extensions>
          <gpxtpx:TrackPointExtension>
            <gpxtpx:hr>168</gpxtpx:hr>
          </gpxtpx:TrackPointExtension>
        </extensions>
      </trkpt>
      <trkpt lat="30.480271681923004" lon="104.01915863585084">
        <ele>482.7837233748287</ele>
        <time>1970-01-01T00:02:32Z</time>
        <extensions>
          <gpxtpx:TrackPointExtension>
            <gpxtpx:hr>168</gpxtpx:hr>
          </gpxtpx:TrackPointExtension>
        </extensions>
      </trkpt>
      <trkpt lat="30.480249224217054" lon="104.01913663010082">
        <ele>482.78335701022297</ele>
        <time>1970-01-01T00:02:33Z</time>
        <extensions>
          <gpxtpx:TrackPointExtension>
            <gpxtpx:hr>168</gpxtpx:hr>
          </gpxtpx:TrackPointExtension>
        </extensions>
      </trkpt>
      <trkpt lat="30.48022709439191" lon="104.01911351384177">
        <ele>482.78235558141023</ele>
        <time>1970-01-01T00:02:34Z</time>
        <extensions>
          <gpxtpx:TrackPointExtension>
            <gpxtpx:hr>168</gpxtpx:hr>
          </gpxtpx:TrackPointExtension>
        </extensions>
      </trkpt>
      <trkpt lat="30.480205127367945" lon="104.01909020899329">
        <ele>482.7807174222544</ele>
        <time>1970-01-01T00:02:35Z</time>
        <extensions>
          <gpxtpx:TrackPointExtension>
            <gpxtpx:hr>168</gpxtpx:hr>
          </gpxtpx:TrackPointExtension>
        </extensions>
      </trkpt>
      <trkpt lat="30.480183211410083" lon="104.01906683811524">
        <ele>482.77860047481954</ele>
        <time>1970-01-01T00:02:36Z</time>
        <extensions>
          <gpxtpx:TrackPointExtension>
            <gpxtpx:hr>168</gpxtpx:hr>
          </gpxtpx:TrackPointExtension>
        </extensions>
      </trkpt>
      <trkpt lat="30.480161768649637" lon="104.019043133173">
        <ele>482.77628454752266</ele>
        <time>1970-01-01T00:02:37Z</time>
        <extensions>
          <gpxtpx:TrackPointExtension>
            <gpxtpx:hr>168</gpxtpx:hr>
          </gpxtpx:TrackPointExtension>
        </extensions>
      </trkpt>
      <trkpt lat="30.48014017884256" lon="104.0190186605114">
        <ele>482.7740341871977</ele>
        <time>1970-01-01T00:02:38Z</time>
        <extensions>
          <gpxtpx:TrackPointExtension>
            <gpxtpx:hr>167</gpxtpx:hr>
          </gpxtpx:TrackPointExtension>
        </extensions>
      </trkpt>
      <trkpt lat="30.480118421808793" lon="104.01899342992101">
        <ele>482.7721274923533</ele>
        <time>1970-01-01T00:02:39Z</time>
        <extensions>
          <gpxtpx:TrackPointExtension>
            <gpxtpx:hr>167</gpxtpx:hr>
          </gpxtpx:TrackPointExtension>
        </extensions>
      </trkpt>
      <trkpt lat="30.480097014020984" lon="104.01896714766998">
        <ele>482.7707607457414</ele>
        <time>1970-01-01T00:02:40Z</time>
        <extensions>
          <gpxtpx:TrackPointExtension>
            <gpxtpx:hr>167</gpxtpx:hr>
          </gpxtpx:TrackPointExtension>
        </extensions>
      </trkpt>
      <trkpt lat="30.48007630516097" lon="104.01894032327546">
        <ele>482.7700566072017</ele>
        <time>1970-01-01T00:02:41Z</time>
        <extensions>
          <gpxtpx:TrackPointExtension>
            <gpxtpx:hr>167</gpxtpx:hr>
          </gpxtpx:TrackPointExtension>
        </extensions>
      </trkpt>
      <trkpt lat="30.48005574311331" lon="104.01891364635422">
        <ele>482.77007877919823</ele>
        <time>1970-01-01T00:02:42Z</time>
        <extensions>
          <gpxtpx:TrackPointExtension>
            <gpxtpx:hr>167</gpxtpx:hr>
          </gpxtpx:TrackPointExtension>
        </extensions>
      </trkpt>
      <trkpt lat="30.48003505626156" lon="104.01888778427187">
        <ele>482.7708514481783</ele>
        <time>1970-01-01T00:02:43Z</time>
        <extensions>
          <gpxtpx:TrackPointExtension>
            <gpxtpx:hr>167</gpxtpx:hr>
          </gpxtpx:TrackPointExtension>
        </extensions>
      </trkpt>
      <trkpt lat="30.480013906667157" lon="104.0188624047897">
        <ele>482.772226203233</ele>
        <time>1970-01-01T00:02:44Z</time>
        <extensions>
          <gpxtpx:TrackPointExtension>
            <gpxtpx:hr>167</gpxtpx:hr>
          </gpxtpx:TrackPointExtension>
        </extensions>
      </trkpt>
      <trkpt lat="30.47999274678795" lon="104.01883653493435">
        <ele>482.7739074770361</ele>
        <time>1970-01-01T00:02:45Z</time>
        <extensions>
          <gpxtpx:TrackPointExtension>
            <gpxtpx:hr>167</gpxtpx:hr>
          </gpxtpx:TrackPointExtension>
        </extensions>
      </trkpt>
      <trkpt lat="30.479972236649484" lon="104.01880951636178">
        <ele>482.775557205081</ele>
        <time>1970-01-01T00:02:46Z</time>
        <extensions>
          <gpxtpx:TrackPointExtension>
            <gpxtpx:hr>167</gpxtpx:hr>
          </gpxtpx:TrackPointExtension>
        </extensions>
      </trkpt>
      <trkpt lat="30.47995255672639" lon="104.01878193110147">
        <ele>482.77700169943273</ele>
        <time>1970-01-01T00:02:47Z</time>
        <extensions>
          <gpxtpx:TrackPointExtension>
            <gpxtpx:hr>167</gpxtpx:hr>
          </gpxtpx:TrackPointExtension>
        </extensions>
      </trkpt>
      <trkpt lat="30.479933728560226" lon="104.01875458374407">
        <ele>482.77806491963565</ele>
        <time>1970-01-01T00:02:48Z</time>
        <extensions>
          <gpxtpx:TrackPointExtension>
            <gpxtpx:hr>167</gpxtpx:hr>
          </gpxtpx:TrackPointExtension>
        </extensions>
      </trkpt>
      <trkpt lat="30.479914933827203" lon="104.0187276426478">
        <ele>482.7787251379341</ele>
        <time>1970-01-01T00:02:49Z</time>
        <extensions>
          <gpxtpx:TrackPointExtension>
            <gpxtpx:hr>167</gpxtpx:hr>
          </gpxtpx:TrackPointExtension>
        </extensions>
      </trkpt>
      <trkpt lat="30.479895815473704" lon="104.01870094349799">
        <ele>482.77906913124025</ele>
        <time>1970-01-01T00:02:50Z</time>
        <extensions>
          <gpxtpx:TrackPointExtension>
            <gpxtpx:hr>167</gpxtpx:hr>
          </gpxtpx:TrackPointExtension>
        </extensions>
      </trkpt>
      <trkpt lat="30.47987664039367" lon="104.01867377517078">
        <ele>482.779230074957</ele>
        <time>1970-01-01T00:02:51Z</time>
        <extensions>
          <gpxtpx:TrackPointExtension>
            <gpxtpx:hr>167</gpxtpx:hr>
          </gpxtpx:TrackPointExtension>
        </extensions>
      </trkpt>
      <trkpt lat="30.479858017899893" lon="104.01864557081396">
        <ele>482.7792497482151</ele>
        <time>1970-01-01T00:02:52Z</time>
        <extensions>
          <gpxtpx:TrackPointExtension>
            <gpxtpx:hr>167</gpxtpx:hr>
          </gpxtpx:TrackPointExtension>
        </extensions>
      </trkpt>
      <trkpt lat="30.47984015145492" lon="104.0186160124041">
        <ele>482.77915575448424</ele>
        <time>1970-01-01T00:02:53Z</time>
        <extensions>
          <gpxtpx:TrackPointExtension>
            <gpxtpx:hr>168</gpxtpx:hr>
          </gpxtpx:TrackPointExtension>
        </extensions>
      </trkpt>
      <trkpt lat="30.479822735577716" lon="104.0185862702427">
        <ele>482.7788650756702</ele>
        <time>1970-01-01T00:02:54Z</time>
        <extensions>
          <gpxtpx:TrackPointExtension>
            <gpxtpx:hr>168</gpxtpx:hr>
          </gpxtpx:TrackPointExtension>
        </extensions>
      </trkpt>
      <trkpt lat="30.479805195532276" lon="104.01855653146991">
        <ele>482.7781940540299</ele>
        <time>1970-01-01T00:02:55Z</time>
        <extensions>
          <gpxtpx:TrackPointExtension>
            <gpxtpx:hr>168</gpxtpx:hr>
          </gpxtpx:TrackPointExtension>
        </extensions>
      </trkpt>
      <trkpt lat="30.47978807255806" lon="104.01852691931711">
        <ele>482.7769483886659</ele>
        <time>1970-01-01T00:02:56Z</time>
        <extensions>
          <gpxtpx:TrackPointExtension>
            <gpxtpx:hr>168</gpxtpx:hr>
          </gpxtpx:TrackPointExtension>
        </extensions>
      </trkpt>
      <trkpt lat="30.479771524453263" lon="104.01849707594965">
        <ele>482.7751506892964</ele>
        <time>1970-01-01T00:02:57Z</time>
        <extensions>
          <gpxtpx:TrackPointExtension>
            <gpxtpx:hr>169</gpxtpx:hr>
          </gpxtpx:TrackPointExtension>
        </extensions>
      </trkpt>
      <trkpt lat="30.479755378481602" lon="104.0184670899288">
        <ele>482.77288673911244</ele>
        <time>1970-01-01T00:02:58Z</time>
        <extensions>
          <gpxtpx:TrackPointExtension>
            <gpxtpx:hr>169</gpxtpx:hr>
          </gpxtpx:TrackPointExtension>
        </extensions>
      </trkpt>
      <trkpt lat="30.479739544103882" lon="104.01843679509048">
        <ele>482.77033081650734</ele>
        <time>1970-01-01T00:02:59Z</time>
        <extensions>
          <gpxtpx:TrackPointExtension>
            <gpxtpx:hr>169</gpxtpx:hr>
          </gpxtpx:TrackPointExtension>
        </extensions>
      </trkpt>
      <trkpt lat="30.47972416010242" lon="104.0184061304379">
        <ele>482.76767478417605</ele>
        <time>1970-01-01T00:03:00Z</time>
        <extensions>
          <gpxtpx:TrackPointExtension>
            <gpxtpx:hr>169</gpxtpx:hr>
          </gpxtpx:TrackPointExtension>
        </extensions>
      </trkpt>
      <trkpt lat="30.479709461485488" lon="104.01837470002158">
        <ele>482.7650480000302</ele>
        <time>1970-01-01T00:03:01Z</time>
        <extensions>
          <gpxtpx:TrackPointExtension>
            <gpxtpx:hr>169</gpxtpx:hr>
          </gpxtpx:TrackPointExtension>
        </extensions>
      </trkpt>
      <trkpt lat="30.479695636199107" lon="104.01834265228935">
        <ele>482.7623388059437</ele>
        <time>1970-01-01T00:03:02Z</time>
        <extensions>
          <gpxtpx:TrackPointExtension>
            <gpxtpx:hr>169</gpxtpx:hr>
          </gpxtpx:TrackPointExtension>
        </extensions>
      </trkpt>
      <trkpt lat="30.479681963841266" lon="104.01830974998695">
        <ele>482.75934165902436</ele>
        <time>1970-01-01T00:03:03Z</time>
        <extensions>
          <gpxtpx:TrackPointExtension>
            <gpxtpx:hr>168</gpxtpx:hr>
          </gpxtpx:TrackPointExtension>
        </extensions>
      </trkpt>
      <trkpt lat="30.479668269420422" lon="104.01827632181504">
        <ele>482.755797740072</ele>
        <time>1970-01-01T00:03:04Z</time>
        <extensions>
          <gpxtpx:TrackPointExtension>
            <gpxtpx:hr>168</gpxtpx:hr>
          </gpxtpx:TrackPointExtension>
        </extensions>
      </trkpt>
      <trkpt lat="30.479655038521813" lon="104.01824236270149">
        <ele>482.75142631772906</ele>
        <time>1970-01-01T00:03:05Z</time>
        <extensions>
          <gpxtpx:TrackPointExtension>
            <gpxtpx:hr>168</gpxtpx:hr>
          </gpxtpx:TrackPointExtension>
        </extensions>
      </trkpt>
      <trkpt lat="30.479642491246867" lon="104.01820738546617">
        <ele>482.7459502350539</ele>
        <time>1970-01-01T00:03:06Z</time>
        <extensions>
          <gpxtpx:TrackPointExtension>
            <gpxtpx:hr>168</gpxtpx:hr>
          </gpxtpx:TrackPointExtension>
        </extensions>
      </trkpt>
      <trkpt lat="30.479630821774446" lon="104.01817236581849">
        <ele>482.73938155081123</ele>
        <time>1970-01-01T00:03:07Z</time>
        <extensions>
          <gpxtpx:TrackPointExtension>
            <gpxtpx:hr>168</gpxtpx:hr>
          </gpxtpx:TrackPointExtension>
        </extensions>
      </trkpt>
      <trkpt lat="30.479620010769327" lon="104.01813814356032">
        <ele>482.7320075407624</ele>
        <time>1970-01-01T00:03:08Z</time>
        <extensions>
          <gpxtpx:TrackPointExtension>
            <gpxtpx:hr>168</gpxtpx:hr>
          </gpxtpx:TrackPointExtension>
        </extensions>
      </trkpt>
      <trkpt lat="30.47961044155437" lon="104.018104687752">
        <ele>482.72423569019884</ele>
        <time>1970-01-01T00:03:09Z</time>
        <extensions>
          <gpxtpx:TrackPointExtension>
            <gpxtpx:hr>168</gpxtpx:hr>
          </gpxtpx:TrackPointExtension>
        </extensions>
      </trkpt>
      <trkpt lat="30.47960217573736" lon="104.01807109632361">
        <ele>482.71648122090846</ele>
        <time>1970-01-01T00:03:10Z</time>
        <extensions>
          <gpxtpx:TrackPointExtension>
            <gpxtpx:hr>168</gpxtpx:hr>
          </gpxtpx:TrackPointExtension>
        </extensions>
      </trkpt>
      <trkpt lat="30.479594643503976" lon="104.01803705194429">
        <ele>482.7092192778364</ele>
        <time>1970-01-01T00:03:11Z</time>
        <extensions>
          <gpxtpx:TrackPointExtension>
            <gpxtpx:hr>168</gpxtpx:hr>
          </gpxtpx:TrackPointExtension>
        </extensions>
      </trkpt>
      <trkpt lat="30.47958718371335" lon="104.01800218414579">
        <ele>482.70266223233193</ele>
        <time>1970-01-01T00:03:12Z</time>
        <extensions>
          <gpxtpx:TrackPointExtension>
            <gpxtpx:hr>168</gpxtpx:hr>
          </gpxtpx:TrackPointExtension>
        </extensions>
      </trkpt>
      <trkpt lat="30.47958021311099" lon="104.01796733335338">
        <ele>482.69665410742164</ele>
        <time>1970-01-01T00:03:13Z</time>
        <extensions>
          <gpxtpx:TrackPointExtension>
            <gpxtpx:hr>168</gpxtpx:hr>
          </gpxtpx:TrackPointExtension>
        </extensions>
      </trkpt>
      <trkpt lat="30.479574130244476" lon="104.01793156125001">
        <ele>482.6908002868295</ele>
        <time>1970-01-01T00:03:14Z</time>
        <extensions>
          <gpxtpx:TrackPointExtension>
            <gpxtpx:hr>168</gpxtpx:hr>
          </gpxtpx:TrackPointExtension>
        </extensions>
      </trkpt>
      <trkpt lat="30.479568944980812" lon="104.01789462168453">
        <ele>482.68463758472353</ele>
        <time>1970-01-01T00:03:15Z</time>
        <extensions>
          <gpxtpx:TrackPointExtension>
            <gpxtpx:hr>168</gpxtpx:hr>
          </gpxtpx:TrackPointExtension>
        </extensions>
      </trkpt>
      <trkpt lat="30.479565047827272" lon="104.01785776204655">
        <ele>482.6777714798227</ele>
        <time>1970-01-01T00:03:16Z</time>
        <extensions>
          <gpxtpx:TrackPointExtension>
            <gpxtpx:hr>167</gpxtpx:hr>
          </gpxtpx:TrackPointExtension>
        </extensions>
      </trkpt>
      <trkpt lat="30.47956258284558" lon="104.01782146509034">
        <ele>482.6700608758256</ele>
        <time>1970-01-01T00:03:17Z</time>
        <extensions>
          <gpxtpx:TrackPointExtension>
            <gpxtpx:hr>167</gpxtpx:hr>
          </gpxtpx:TrackPointExtension>
        </extensions>
      </trkpt>
      <trkpt lat="30.479560987693592" lon="104.01778532968989">
        <ele>482.6617285059765</ele>
        <time>1970-01-01T00:03:18Z</time>
        <extensions>
          <gpxtpx:TrackPointExtension>
            <gpxtpx:hr>167</gpxtpx:hr>
          </gpxtpx:TrackPointExtension>
        </extensions>
      </trkpt>
      <trkpt lat="30.479559714824095" lon="104.01774985686595">
        <ele>482.6532876845449</ele>
        <time>1970-01-01T00:03:19Z</time>
        <extensions>
          <gpxtpx:TrackPointExtension>
            <gpxtpx:hr>167</gpxtpx:hr>
          </gpxtpx:TrackPointExtension>
        </extensions>
      </trkpt>
      <trkpt lat="30.47955891350556" lon="104.01771420160847">
        <ele>482.6453149113804</ele>
        <time>1970-01-01T00:03:20Z</time>
        <extensions>
          <gpxtpx:TrackPointExtension>
            <gpxtpx:hr>167</gpxtpx:hr>
          </gpxtpx:TrackPointExtension>
        </extensions>
      </trkpt>
      <trkpt lat="30.47955907424851" lon="104.01767798553966">
        <ele>482.63820335268974</ele>
        <time>1970-01-01T00:03:21Z</time>
        <extensions>
          <gpxtpx:TrackPointExtension>
            <gpxtpx:hr>167</gpxtpx:hr>
          </gpxtpx:TrackPointExtension>
        </extensions>
      </trkpt>
      <trkpt lat="30.479560749031023" lon="104.01764181430104">
        <ele>482.6320893596858</ele>
        <time>1970-01-01T00:03:22Z</time>
        <extensions>
          <gpxtpx:TrackPointExtension>
            <gpxtpx:hr>167</gpxtpx:hr>
          </gpxtpx:TrackPointExtension>
        </extensions>
      </trkpt>
      <trkpt lat="30.47956397761866" lon="104.01760508741518">
        <ele>482.6268340544775</ele>
        <time>1970-01-01T00:03:23Z</time>
        <extensions>
          <gpxtpx:TrackPointExtension>
            <gpxtpx:hr>167</gpxtpx:hr>
          </gpxtpx:TrackPointExtension>
        </extensions>
      </trkpt>
      <trkpt lat="30.479568456039633" lon="104.01756779974872">
        <ele>482.62224424723536</ele>
        <time>1970-01-01T00:03:24Z</time>
        <extensions>
          <gpxtpx:TrackPointExtension>
            <gpxtpx:hr>167</gpxtpx:hr>
          </gpxtpx:TrackPointExtension>
        </extensions>
      </trkpt>
      <trkpt lat="30.479573734563814" lon="104.0175307029153">
        <ele>482.61810002848506</ele>
        <time>1970-01-01T00:03:25Z</time>
        <extensions>
          <gpxtpx:TrackPointExtension>
            <gpxtpx:hr>167</gpxtpx:hr>
          </gpxtpx:TrackPointExtension>
        </extensions>
      </trkpt>
      <trkpt lat="30.479579865819034" lon="104.01749445715056">
        <ele>482.6142085995525</ele>
        <time>1970-01-01T00:03:26Z</time>
        <extensions>
          <gpxtpx:TrackPointExtension>
            <gpxtpx:hr>167</gpxtpx:hr>
          </gpxtpx:TrackPointExtension>
        </extensions>
      </trkpt>
      <trkpt lat="30.479587076610578" lon="104.0174583034322">
        <ele>482.6104170419276</ele>
        <time>1970-01-01T00:03:27Z</time>
        <extensions>
          <gpxtpx:TrackPointExtension>
            <gpxtpx:hr>167</gpxtpx:hr>
          </gpxtpx:TrackPointExtension>
        </extensions>
      </trkpt>
      <trkpt lat="30.479594795111396" lon="104.01742246965064">
        <ele>482.60666724666953</ele>
        <time>1970-01-01T00:03:28Z</time>
        <extensions>
          <gpxtpx:TrackPointExtension>
            <gpxtpx:hr>167</gpxtpx:hr>
          </gpxtpx:TrackPointExtension>
        </extensions>
      </trkpt>
      <trkpt lat="30.479602548546172" lon="104.0173873085168">
        <ele>482.6029598964378</ele>
        <time>1970-01-01T00:03:29Z</time>
        <extensions>
          <gpxtpx:TrackPointExtension>
            <gpxtpx:hr>168</gpxtpx:hr>
          </gpxtpx:TrackPointExtension>
        </extensions>
      </trkpt>
      <trkpt lat="30.479610564327814" lon="104.01735235555968">
        <ele>482.59934026002884</ele>
        <time>1970-01-01T00:03:30Z</time>
        <extensions>
          <gpxtpx:TrackPointExtension>
            <gpxtpx:hr>168</gpxtpx:hr>
          </gpxtpx:TrackPointExtension>
        </extensions>
      </trkpt>
      <trkpt lat="30.47961984574576" lon="104.0173167255872">
        <ele>482.5958768930286</ele>
        <time>1970-01-01T00:03:31Z</time>
        <extensions>
          <gpxtpx:TrackPointExtension>
            <gpxtpx:hr>168</gpxtpx:hr>
          </gpxtpx:TrackPointExtension>
        </extensions>
      </trkpt>
      <trkpt lat="30.47963019821389" lon="104.01728100034936">
        <ele>482.5926307057962</ele>
        <time>1970-01-01T00:03:32Z</time>
        <extensions>
          <gpxtpx:TrackPointExtension>
            <gpxtpx:hr>168</gpxtpx:hr>
          </gpxtpx:TrackPointExtension>
        </extensions>
      </trkpt>
      <trkpt lat="30.47964096760946" lon="104.0172455123954">
        <ele>482.5895002661273</ele>
        <time>1970-01-01T00:03:33Z</time>
        <extensions>
          <gpxtpx:TrackPointExtension>
            <gpxtpx:hr>169</gpxtpx:hr>
          </gpxtpx:TrackPointExtension>
        </extensions>
      </trkpt>
      <trkpt lat="30.479651630927393" lon="104.01721021634103">
        <ele>482.5863665435463</ele>
        <time>1970-01-01T00:03:34Z</time>
        <extensions>
          <gpxtpx:TrackPointExtension>
            <gpxtpx:hr>169</gpxtpx:hr>
          </gpxtpx:TrackPointExtension>
        </extensions>
      </trkpt>
      <trkpt lat="30.479662392713596" lon="104.01717535524087">
        <ele>482.58313328493387</ele>
        <time>1970-01-01T00:03:35Z</time>
        <extensions>
          <gpxtpx:TrackPointExtension>
            <gpxtpx:hr>169</gpxtpx:hr>
          </gpxtpx:TrackPointExtension>
        </extensions>
      </trkpt>
      <trkpt lat="30.479673650035455" lon="104.01714178401875">
        <ele>482.5798295540735</ele>
        <time>1970-01-01T00:03:36Z</time>
        <extensions>
          <gpxtpx:TrackPointExtension>
            <gpxtpx:hr>169</gpxtpx:hr>
          </gpxtpx:TrackPointExtension>
        </extensions>
      </trkpt>
      <trkpt lat="30.47968590182174" lon="104.01710942519608">
        <ele>482.57646100316197</ele>
        <time>1970-01-01T00:03:37Z</time>
        <extensions>
          <gpxtpx:TrackPointExtension>
            <gpxtpx:hr>170</gpxtpx:hr>
          </gpxtpx:TrackPointExtension>
        </extensions>
      </trkpt>
      <trkpt lat="30.479699376407407" lon="104.01707758107811">
        <ele>482.5731336483732</ele>
        <time>1970-01-01T00:03:38Z</time>
        <extensions>
          <gpxtpx:TrackPointExtension>
            <gpxtpx:hr>170</gpxtpx:hr>
          </gpxtpx:TrackPointExtension>
        </extensions>
      </trkpt>
      <trkpt lat="30.479713361774703" lon="104.01704587107024">
        <ele>482.57003730069846</ele>
        <time>1970-01-01T00:03:39Z</time>
        <extensions>
          <gpxtpx:TrackPointExtension>
            <gpxtpx:hr>170</gpxtpx:hr>
          </gpxtpx:TrackPointExtension>
        </extensions>
      </trkpt>
      <trkpt lat="30.479727226671837" lon="104.0170135102579">
        <ele>482.5673802578822</ele>
        <time>1970-01-01T00:03:40Z</time>
        <extensions>
          <gpxtpx:TrackPointExtension>
            <gpxtpx:hr>170</gpxtpx:hr>
          </gpxtpx:TrackPointExtension>
        </extensions>
      </trkpt>
      <trkpt lat="30.479740958892265" lon="104.01698044345534">
        <ele>482.56527719367296</ele>
        <time>1970-01-01T00:03:41Z</time>
        <extensions>
          <gpxtpx:TrackPointExtension>
            <gpxtpx:hr>170</gpxtpx:hr>
          </gpxtpx:TrackPointExtension>
        </extensions>
      </trkpt>
      <trkpt lat="30.47975477531518" lon="104.01694710754087">
        <ele>482.5638060728088</ele>
        <time>1970-01-01T00:03:42Z</time>
        <extensions>
          <gpxtpx:TrackPointExtension>
            <gpxtpx:hr>170</gpxtpx:hr>
          </gpxtpx:TrackPointExtension>
        </extensions>
      </trkpt>
      <trkpt lat="30.47976925251356" lon="104.0169137076984">
        <ele>482.5628995774314</ele>
        <time>1970-01-01T00:03:43Z</time>
        <extensions>
          <gpxtpx:TrackPointExtension>
            <gpxtpx:hr>170</gpxtpx:hr>
          </gpxtpx:TrackPointExtension>
        </extensions>
      </trkpt>
      <trkpt lat="30.47978454381048" lon="104.01688099021652">
        <ele>482.5622959230095</ele>
        <time>1970-01-01T00:03:44Z</time>
        <extensions>
          <gpxtpx:TrackPointExtension>
            <gpxtpx:hr>172</gpxtpx:hr>
          </gpxtpx:TrackPointExtension>
        </extensions>
      </trkpt>
      <trkpt lat="30.479800480298646" lon="104.01684954514522">
        <ele>482.56162864435464</ele>
        <time>1970-01-01T00:03:45Z</time>
        <extensions>
          <gpxtpx:TrackPointExtension>
            <gpxtpx:hr>172</gpxtpx:hr>
          </gpxtpx:TrackPointExtension>
        </extensions>
      </trkpt>
      <trkpt lat="30.479817217933075" lon="104.01681900318405">
        <ele>482.56065679341555</ele>
        <time>1970-01-01T00:03:46Z</time>
        <extensions>
          <gpxtpx:TrackPointExtension>
            <gpxtpx:hr>172</gpxtpx:hr>
          </gpxtpx:TrackPointExtension>
        </extensions>
      </trkpt>
      <trkpt lat="30.47983398082931" lon="104.01678950193677">
        <ele>482.55935806501657</ele>
        <time>1970-01-01T00:03:47Z</time>
        <extensions>
          <gpxtpx:TrackPointExtension>
            <gpxtpx:hr>172</gpxtpx:hr>
          </gpxtpx:TrackPointExtension>
        </extensions>
      </trkpt>
      <trkpt lat="30.479850973072317" lon="104.01676051578247">
        <ele>482.5578667046502</ele>
        <time>1970-01-01T00:03:48Z</time>
        <extensions>
          <gpxtpx:TrackPointExtension>
            <gpxtpx:hr>173</gpxtpx:hr>
          </gpxtpx:TrackPointExtension>
        </extensions>
      </trkpt>
      <trkpt lat="30.47986864253799" lon="104.01673234718656">
        <ele>482.556331015192</ele>
        <time>1970-01-01T00:03:49Z</time>
        <extensions>
          <gpxtpx:TrackPointExtension>
            <gpxtpx:hr>173</gpxtpx:hr>
          </gpxtpx:TrackPointExtension>
        </extensions>
      </trkpt>
      <trkpt lat="30.479887589281073" lon="104.01670536386581">
        <ele>482.5547825600952</ele>
        <time>1970-01-01T00:03:50Z</time>
        <extensions>
          <gpxtpx:TrackPointExtension>
            <gpxtpx:hr>173</gpxtpx:hr>
          </gpxtpx:TrackPointExtension>
        </extensions>
      </trkpt>
      <trkpt lat="30.479907955485423" lon="104.01667919813013">
        <ele>482.5530741419643</ele>
        <time>1970-01-01T00:03:51Z</time>
        <extensions>
          <gpxtpx:TrackPointExtension>
            <gpxtpx:hr>173</gpxtpx:hr>
          </gpxtpx:TrackPointExtension>
        </extensions>
      </trkpt>
      <trkpt lat="30.47992984360822" lon="104.0166535549209">
        <ele>482.5510621853173</ele>
        <time>1970-01-01T00:03:52Z</time>
        <extensions>
          <gpxtpx:TrackPointExtension>
            <gpxtpx:hr>173</gpxtpx:hr>
          </gpxtpx:TrackPointExtension>
        </extensions>
      </trkpt>
      <trkpt lat="30.47995284231624" lon="104.01662867027989">
        <ele>482.54858354013413</ele>
        <time>1970-01-01T00:03:53Z</time>
        <extensions>
          <gpxtpx:TrackPointExtension>
            <gpxtpx:hr>173</gpxtpx:hr>
          </gpxtpx:TrackPointExtension>
        </extensions>
      </trkpt>
      <trkpt lat="30.479976936097803" lon="104.01660459076489">
        <ele>482.54551172535866</ele>
        <time>1970-01-01T00:03:54Z</time>
        <extensions>
          <gpxtpx:TrackPointExtension>
            <gpxtpx:hr>173</gpxtpx:hr>
          </gpxtpx:TrackPointExtension>
        </extensions>
      </trkpt>
      <trkpt lat="30.480001847323884" lon="104.0165808330163">
        <ele>482.541964921169</ele>
        <time>1970-01-01T00:03:55Z</time>
        <extensions>
          <gpxtpx:TrackPointExtension>
            <gpxtpx:hr>173</gpxtpx:hr>
          </gpxtpx:TrackPointExtension>
        </extensions>
      </trkpt>
      <trkpt lat="30.48002689702939" lon="104.01655747681876">
        <ele>482.53816338442266</ele>
        <time>1970-01-01T00:03:56Z</time>
        <extensions>
          <gpxtpx:TrackPointExtension>
            <gpxtpx:hr>173</gpxtpx:hr>
          </gpxtpx:TrackPointExtension>
        </extensions>
      </trkpt>
      <trkpt lat="30.48005245299542" lon="104.01653484465233">
        <ele>482.5344443656504</ele>
        <time>1970-01-01T00:03:57Z</time>
        <extensions>
          <gpxtpx:TrackPointExtension>
            <gpxtpx:hr>173</gpxtpx:hr>
          </gpxtpx:TrackPointExtension>
        </extensions>
      </trkpt>
      <trkpt lat="30.48007835568887" lon="104.01651361576342">
        <ele>482.53127517644316</ele>
        <time>1970-01-01T00:03:58Z</time>
        <extensions>
          <gpxtpx:TrackPointExtension>
            <gpxtpx:hr>173</gpxtpx:hr>
          </gpxtpx:TrackPointExtension>
        </extensions>
      </trkpt>
      <trkpt lat="30.48010428488338" lon="104.01649366263025">
        <ele>482.52926102653146</ele>
        <time>1970-01-01T00:03:59Z</time>
        <extensions>
          <gpxtpx:TrackPointExtension>
            <gpxtpx:hr>173</gpxtpx:hr>
          </gpxtpx:TrackPointExtension>
        </extensions>
      </trkpt>
      <trkpt lat="30.480129766405245" lon="104.01647460519429">
        <ele>482.52907692082226</ele>
        <time>1970-01-01T00:04:00Z</time>
        <extensions>
          <gpxtpx:TrackPointExtension>
            <gpxtpx:hr>173</gpxtpx:hr>
          </gpxtpx:TrackPointExtension>
        </extensions>
      </trkpt>
      <trkpt lat="30.480154583792796" lon="104.01645618067394">
        <ele>482.5313191898167</ele>
        <time>1970-01-01T00:04:01Z</time>
        <extensions>
          <gpxtpx:TrackPointExtension>
            <gpxtpx:hr>173</gpxtpx:hr>
          </gpxtpx:TrackPointExtension>
        </extensions>
      </trkpt>
      <trkpt lat="30.480178654670162" lon="104.01643799351876">
        <ele>482.5364176640287</ele>
        <time>1970-01-01T00:04:02Z</time>
        <extensions>
          <gpxtpx:TrackPointExtension>
            <gpxtpx:hr>173</gpxtpx:hr>
          </gpxtpx:TrackPointExtension>
        </extensions>
      </trkpt>
      <trkpt lat="30.480203426710293" lon="104.01641984703475">
        <ele>482.54460825398564</ele>
        <time>1970-01-01T00:04:03Z</time>
        <extensions>
          <gpxtpx:TrackPointExtension>
            <gpxtpx:hr>173</gpxtpx:hr>
          </gpxtpx:TrackPointExtension>
        </extensions>
      </trkpt>
      <trkpt lat="30.480229733504252" lon="104.01640257854307">
        <ele>482.555926207453</ele>
        <time>1970-01-01T00:04:04Z</time>
        <extensions>
          <gpxtpx:TrackPointExtension>
            <gpxtpx:hr>173</gpxtpx:hr>
          </gpxtpx:TrackPointExtension>
        </extensions>
      </trkpt>
      <trkpt lat="30.480257417707953" lon="104.01638685950684">
        <ele>482.57008724752814</ele>
        <time>1970-01-01T00:04:05Z</time>
        <extensions>
          <gpxtpx:TrackPointExtension>
            <gpxtpx:hr>173</gpxtpx:hr>
          </gpxtpx:TrackPointExtension>
        </extensions>
      </trkpt>
      <trkpt lat="30.480285533181263" lon="104.0163722337709">
        <ele>482.58666892629117</ele>
        <time>1970-01-01T00:04:06Z</time>
        <extensions>
          <gpxtpx:TrackPointExtension>
            <gpxtpx:hr>173</gpxtpx:hr>
          </gpxtpx:TrackPointExtension>
        </extensions>
      </trkpt>
      <trkpt lat="30.480313745780467" lon="104.01635897828984">
        <ele>482.60522200353444</ele>
        <time>1970-01-01T00:04:07Z</time>
        <extensions>
          <gpxtpx:TrackPointExtension>
            <gpxtpx:hr>173</gpxtpx:hr>
          </gpxtpx:TrackPointExtension>
        </extensions>
      </trkpt>
      <trkpt lat="30.48034226721651" lon="104.01634733141344">
        <ele>482.6253486908972</ele>
        <time>1970-01-01T00:04:08Z</time>
        <extensions>
          <gpxtpx:TrackPointExtension>
            <gpxtpx:hr>172</gpxtpx:hr>
          </gpxtpx:TrackPointExtension>
        </extensions>
      </trkpt>
      <trkpt lat="30.480371682826398" lon="104.01633727652374">
        <ele>482.6468048905954</ele>
        <time>1970-01-01T00:04:09Z</time>
        <extensions>
          <gpxtpx:TrackPointExtension>
            <gpxtpx:hr>172</gpxtpx:hr>
          </gpxtpx:TrackPointExtension>
        </extensions>
      </trkpt>
      <trkpt lat="30.480402085269347" lon="104.0163286583631">
        <ele>482.6692176265642</ele>
        <time>1970-01-01T00:04:10Z</time>
        <extensions>
          <gpxtpx:TrackPointExtension>
            <gpxtpx:hr>172</gpxtpx:hr>
          </gpxtpx:TrackPointExtension>
        </extensions>
      </trkpt>
      <trkpt lat="30.480432997400623" lon="104.01632087372614">
        <ele>482.6921791648492</ele>
        <time>1970-01-01T00:04:11Z</time>
        <extensions>
          <gpxtpx:TrackPointExtension>
            <gpxtpx:hr>172</gpxtpx:hr>
          </gpxtpx:TrackPointExtension>
        </extensions>
      </trkpt>
      <trkpt lat="30.480464061562305" lon="104.01631313180242">
        <ele>482.7152413483709</ele>
        <time>1970-01-01T00:04:12Z</time>
        <extensions>
          <gpxtpx:TrackPointExtension>
            <gpxtpx:hr>172</gpxtpx:hr>
          </gpxtpx:TrackPointExtension>
        </extensions>
      </trkpt>
      <trkpt lat="30.480494690039965" lon="104.01630549386029">
        <ele>482.7377570280805</ele>
        <time>1970-01-01T00:04:13Z</time>
        <extensions>
          <gpxtpx:TrackPointExtension>
            <gpxtpx:hr>172</gpxtpx:hr>
          </gpxtpx:TrackPointExtension>
        </extensions>
      </trkpt>
      <trkpt lat="30.480524790398857" lon="104.01629882984766">
        <ele>482.75916043296456</ele>
        <time>1970-01-01T00:04:14Z</time>
        <extensions>
          <gpxtpx:TrackPointExtension>
            <gpxtpx:hr>172</gpxtpx:hr>
          </gpxtpx:TrackPointExtension>
        </extensions>
      </trkpt>
      <trkpt lat="30.480554749290448" lon="104.01629421448997">
        <ele>482.778787936084</ele>
        <time>1970-01-01T00:04:15Z</time>
        <extensions>
          <gpxtpx:TrackPointExtension>
            <gpxtpx:hr>172</gpxtpx:hr>
          </gpxtpx:TrackPointExtension>
        </extensions>
      </trkpt>
      <trkpt lat="30.48058457909607" lon="104.0162917273089">
        <ele>482.79589580744505</ele>
        <time>1970-01-01T00:04:16Z</time>
        <extensions>
          <gpxtpx:TrackPointExtension>
            <gpxtpx:hr>171</gpxtpx:hr>
          </gpxtpx:TrackPointExtension>
        </extensions>
      </trkpt>
      <trkpt lat="30.480613819146694" lon="104.01628914738943">
        <ele>482.80977830383927</ele>
        <time>1970-01-01T00:04:17Z</time>
        <extensions>
          <gpxtpx:TrackPointExtension>
            <gpxtpx:hr>171</gpxtpx:hr>
          </gpxtpx:TrackPointExtension>
        </extensions>
      </trkpt>
      <trkpt lat="30.480643093839802" lon="104.01628410966113">
        <ele>482.81941209640354</ele>
        <time>1970-01-01T00:04:18Z</time>
        <extensions>
          <gpxtpx:TrackPointExtension>
            <gpxtpx:hr>171</gpxtpx:hr>
          </gpxtpx:TrackPointExtension>
        </extensions>
      </trkpt>
      <trkpt lat="30.480671967212153" lon="104.01627542070655">
        <ele>482.82379704527557</ele>
        <time>1970-01-01T00:04:19Z</time>
        <extensions>
          <gpxtpx:TrackPointExtension>
            <gpxtpx:hr>171</gpxtpx:hr>
          </gpxtpx:TrackPointExtension>
        </extensions>
      </trkpt>
      <trkpt lat="30.480699926275626" lon="104.01626274207437">
        <ele>482.82213921658695</ele>
        <time>1970-01-01T00:04:20Z</time>
        <extensions>
          <gpxtpx:TrackPointExtension>
            <gpxtpx:hr>171</gpxtpx:hr>
          </gpxtpx:TrackPointExtension>
        </extensions>
      </trkpt>
      <trkpt lat="30.480726632493177" lon="104.01624581295049">
        <ele>482.8138889791444</ele>
        <time>1970-01-01T00:04:21Z</time>
        <extensions>
          <gpxtpx:TrackPointExtension>
            <gpxtpx:hr>171</gpxtpx:hr>
          </gpxtpx:TrackPointExtension>
        </extensions>
      </trkpt>
      <trkpt lat="30.480751842125535" lon="104.01622416685782">
        <ele>482.798499439843</ele>
        <time>1970-01-01T00:04:22Z</time>
        <extensions>
          <gpxtpx:TrackPointExtension>
            <gpxtpx:hr>172</gpxtpx:hr>
          </gpxtpx:TrackPointExtension>
        </extensions>
      </trkpt>
      <trkpt lat="30.480774399463957" lon="104.01619828654118">
        <ele>482.7759983437136</ele>
        <time>1970-01-01T00:04:23Z</time>
        <extensions>
          <gpxtpx:TrackPointExtension>
            <gpxtpx:hr>172</gpxtpx:hr>
          </gpxtpx:TrackPointExtension>
        </extensions>
      </trkpt>
      <trkpt lat="30.480794035638542" lon="104.0161695857247">
        <ele>482.7466362081468</ele>
        <time>1970-01-01T00:04:24Z</time>
        <extensions>
          <gpxtpx:TrackPointExtension>
            <gpxtpx:hr>172</gpxtpx:hr>
          </gpxtpx:TrackPointExtension>
        </extensions>
      </trkpt>
      <trkpt lat="30.480810992270023" lon="104.01613999596589">
        <ele>482.7110570091754</ele>
        <time>1970-01-01T00:04:25Z</time>
        <extensions>
          <gpxtpx:TrackPointExtension>
            <gpxtpx:hr>172</gpxtpx:hr>
          </gpxtpx:TrackPointExtension>
        </extensions>
      </trkpt>
      <trkpt lat="30.480825861312002" lon="104.01611011596937">
        <ele>482.67054868955165</ele>
        <time>1970-01-01T00:04:26Z</time>
        <extensions>
          <gpxtpx:TrackPointExtension>
            <gpxtpx:hr>172</gpxtpx:hr>
          </gpxtpx:TrackPointExtension>
        </extensions>
      </trkpt>
      <trkpt lat="30.480839298288902" lon="104.01607960633837">
        <ele>482.62677277624607</ele>
        <time>1970-01-01T00:04:27Z</time>
        <extensions>
          <gpxtpx:TrackPointExtension>
            <gpxtpx:hr>172</gpxtpx:hr>
          </gpxtpx:TrackPointExtension>
        </extensions>
      </trkpt>
      <trkpt lat="30.480850647896734" lon="104.01604790415324">
        <ele>482.5819231728092</ele>
        <time>1970-01-01T00:04:28Z</time>
        <extensions>
          <gpxtpx:TrackPointExtension>
            <gpxtpx:hr>172</gpxtpx:hr>
          </gpxtpx:TrackPointExtension>
        </extensions>
      </trkpt>
      <trkpt lat="30.480859189031925" lon="104.01601462032623">
        <ele>482.5384142920375</ele>
        <time>1970-01-01T00:04:29Z</time>
        <extensions>
          <gpxtpx:TrackPointExtension>
            <gpxtpx:hr>172</gpxtpx:hr>
          </gpxtpx:TrackPointExtension>
        </extensions>
      </trkpt>
      <trkpt lat="30.48086498020615" lon="104.01597993153283">
        <ele>482.4985806401819</ele>
        <time>1970-01-01T00:04:30Z</time>
        <extensions>
          <gpxtpx:TrackPointExtension>
            <gpxtpx:hr>172</gpxtpx:hr>
          </gpxtpx:TrackPointExtension>
        </extensions>
      </trkpt>
      <trkpt lat="30.480868114064673" lon="104.0159447976092">
        <ele>482.4645903930068</ele>
        <time>1970-01-01T00:04:31Z</time>
        <extensions>
          <gpxtpx:TrackPointExtension>
            <gpxtpx:hr>172</gpxtpx:hr>
          </gpxtpx:TrackPointExtension>
        </extensions>
      </trkpt>
      <trkpt lat="30.480868096004667" lon="104.0159100451588">
        <ele>482.43821926694363</ele>
        <time>1970-01-01T00:04:32Z</time>
        <extensions>
          <gpxtpx:TrackPointExtension>
            <gpxtpx:hr>172</gpxtpx:hr>
          </gpxtpx:TrackPointExtension>
        </extensions>
      </trkpt>
      <trkpt lat="30.48086505664539" lon="104.01587630394147">
        <ele>482.4204841591418</ele>
        <time>1970-01-01T00:04:33Z</time>
        <extensions>
          <gpxtpx:TrackPointExtension>
            <gpxtpx:hr>173</gpxtpx:hr>
          </gpxtpx:TrackPointExtension>
        </extensions>
      </trkpt>
      <trkpt lat="30.480859113056923" lon="104.01584454623347">
        <ele>482.41170822735876</ele>
        <time>1970-01-01T00:04:34Z</time>
        <extensions>
          <gpxtpx:TrackPointExtension>
            <gpxtpx:hr>173</gpxtpx:hr>
          </gpxtpx:TrackPointExtension>
        </extensions>
      </trkpt>
      <trkpt lat="30.480850705134273" lon="104.01581437677908">
        <ele>482.4117020731792</ele>
        <time>1970-01-01T00:04:35Z</time>
        <extensions>
          <gpxtpx:TrackPointExtension>
            <gpxtpx:hr>173</gpxtpx:hr>
          </gpxtpx:TrackPointExtension>
        </extensions>
      </trkpt>
      <trkpt lat="30.48084005106444" lon="104.0157851861278">
        <ele>482.419558965601</ele>
        <time>1970-01-01T00:04:36Z</time>
        <extensions>
          <gpxtpx:TrackPointExtension>
            <gpxtpx:hr>173</gpxtpx:hr>
          </gpxtpx:TrackPointExtension>
        </extensions>
      </trkpt>
      <trkpt lat="30.480826974299028" lon="104.01575604596843">
        <ele>482.43401740770787</ele>
        <time>1970-01-01T00:04:37Z</time>
        <extensions>
          <gpxtpx:TrackPointExtension>
            <gpxtpx:hr>173</gpxtpx:hr>
          </gpxtpx:TrackPointExtension>
        </extensions>
      </trkpt>
      <trkpt lat="30.480811575858244" lon="104.01572792746371">
        <ele>482.4535022052005</ele>
        <time>1970-01-01T00:04:38Z</time>
        <extensions>
          <gpxtpx:TrackPointExtension>
            <gpxtpx:hr>173</gpxtpx:hr>
          </gpxtpx:TrackPointExtension>
        </extensions>
      </trkpt>
      <trkpt lat="30.480793761032917" lon="104.01570199694389">
        <ele>482.47620398551226</ele>
        <time>1970-01-01T00:04:39Z</time>
        <extensions>
          <gpxtpx:TrackPointExtension>
            <gpxtpx:hr>173</gpxtpx:hr>
          </gpxtpx:TrackPointExtension>
        </extensions>
      </trkpt>
      <trkpt lat="30.480773544309542" lon="104.01567787990122">
        <ele>482.50026615709066</ele>
        <time>1970-01-01T00:04:40Z</time>
        <extensions>
          <gpxtpx:TrackPointExtension>
            <gpxtpx:hr>173</gpxtpx:hr>
          </gpxtpx:TrackPointExtension>
        </extensions>
      </trkpt>
      <trkpt lat="30.480751067319805" lon="104.01565551490191">
        <ele>482.5237628975883</ele>
        <time>1970-01-01T00:04:41Z</time>
        <extensions>
          <gpxtpx:TrackPointExtension>
            <gpxtpx:hr>173</gpxtpx:hr>
          </gpxtpx:TrackPointExtension>
        </extensions>
      </trkpt>
      <trkpt lat="30.48072718702601" lon="104.01563568479733">
        <ele>482.5449531301856</ele>
        <time>1970-01-01T00:04:42Z</time>
        <extensions>
          <gpxtpx:TrackPointExtension>
            <gpxtpx:hr>173</gpxtpx:hr>
          </gpxtpx:TrackPointExtension>
        </extensions>
      </trkpt>
      <trkpt lat="30.48070221783051" lon="104.01561854673432">
        <ele>482.56249642279</ele>
        <time>1970-01-01T00:04:43Z</time>
        <extensions>
          <gpxtpx:TrackPointExtension>
            <gpxtpx:hr>172</gpxtpx:hr>
          </gpxtpx:TrackPointExtension>
        </extensions>
      </trkpt>
      <trkpt lat="30.48067591559497" lon="104.01560394834216">
        <ele>482.57555849663913</ele>
        <time>1970-01-01T00:04:44Z</time>
        <extensions>
          <gpxtpx:TrackPointExtension>
            <gpxtpx:hr>172</gpxtpx:hr>
          </gpxtpx:TrackPointExtension>
        </extensions>
      </trkpt>
      <trkpt lat="30.480648414484385" lon="104.01559163248729">
        <ele>482.5838023237884</ele>
        <time>1970-01-01T00:04:45Z</time>
        <extensions>
          <gpxtpx:TrackPointExtension>
            <gpxtpx:hr>172</gpxtpx:hr>
          </gpxtpx:TrackPointExtension>
        </extensions>
      </trkpt>
      <trkpt lat="30.48062082588548" lon="104.01558124690794">
        <ele>482.58720683306456</ele>
        <time>1970-01-01T00:04:46Z</time>
        <extensions>
          <gpxtpx:TrackPointExtension>
            <gpxtpx:hr>172</gpxtpx:hr>
          </gpxtpx:TrackPointExtension>
        </extensions>
      </trkpt>
      <trkpt lat="30.480593091802476" lon="104.01557207889275">
        <ele>482.5860839430243</ele>
        <time>1970-01-01T00:04:47Z</time>
        <extensions>
          <gpxtpx:TrackPointExtension>
            <gpxtpx:hr>173</gpxtpx:hr>
          </gpxtpx:TrackPointExtension>
        </extensions>
      </trkpt>
      <trkpt lat="30.48056474849011" lon="104.01556303044201">
        <ele>482.5809787353501</ele>
        <time>1970-01-01T00:04:48Z</time>
        <extensions>
          <gpxtpx:TrackPointExtension>
            <gpxtpx:hr>173</gpxtpx:hr>
          </gpxtpx:TrackPointExtension>
        </extensions>
      </trkpt>
      <trkpt lat="30.48053576701361" lon="104.01555357066194">
        <ele>482.57224973198026</ele>
        <time>1970-01-01T00:04:49Z</time>
        <extensions>
          <gpxtpx:TrackPointExtension>
            <gpxtpx:hr>173</gpxtpx:hr>
          </gpxtpx:TrackPointExtension>
        </extensions>
      </trkpt>
      <trkpt lat="30.480506637968325" lon="104.01554320568108">
        <ele>482.5601828619838</ele>
        <time>1970-01-01T00:04:50Z</time>
        <extensions>
          <gpxtpx:TrackPointExtension>
            <gpxtpx:hr>173</gpxtpx:hr>
          </gpxtpx:TrackPointExtension>
        </extensions>
      </trkpt>
      <trkpt lat="30.48047747481332" lon="104.01553165950396">
        <ele>482.545125329867</ele>
        <time>1970-01-01T00:04:51Z</time>
        <extensions>
          <gpxtpx:TrackPointExtension>
            <gpxtpx:hr>173</gpxtpx:hr>
          </gpxtpx:TrackPointExtension>
        </extensions>
      </trkpt>
      <trkpt lat="30.480448487023093" lon="104.01551880246706">
        <ele>482.5272992858663</ele>
        <time>1970-01-01T00:04:52Z</time>
        <extensions>
          <gpxtpx:TrackPointExtension>
            <gpxtpx:hr>173</gpxtpx:hr>
          </gpxtpx:TrackPointExtension>
        </extensions>
      </trkpt>
      <trkpt lat="30.480420257276958" lon="104.01550454481742">
        <ele>482.5065289447084</ele>
        <time>1970-01-01T00:04:53Z</time>
        <extensions>
          <gpxtpx:TrackPointExtension>
            <gpxtpx:hr>173</gpxtpx:hr>
          </gpxtpx:TrackPointExtension>
        </extensions>
      </trkpt>
      <trkpt lat="30.48039250532387" lon="104.01548922114839">
        <ele>482.4828962283209</ele>
        <time>1970-01-01T00:04:54Z</time>
        <extensions>
          <gpxtpx:TrackPointExtension>
            <gpxtpx:hr>173</gpxtpx:hr>
          </gpxtpx:TrackPointExtension>
        </extensions>
      </trkpt>
      <trkpt lat="30.480364666406047" lon="104.01547306255452">
        <ele>482.456425730139</ele>
        <time>1970-01-01T00:04:55Z</time>
        <extensions>
          <gpxtpx:TrackPointExtension>
            <gpxtpx:hr>173</gpxtpx:hr>
          </gpxtpx:TrackPointExtension>
        </extensions>
      </trkpt>
      <trkpt lat="30.480336247393563" lon="104.01545648040943">
        <ele>482.42740867938846</ele>
        <time>1970-01-01T00:04:56Z</time>
        <extensions>
          <gpxtpx:TrackPointExtension>
            <gpxtpx:hr>173</gpxtpx:hr>
          </gpxtpx:TrackPointExtension>
        </extensions>
      </trkpt>
      <trkpt lat="30.480307318329505" lon="104.01544025138043">
        <ele>482.39660819992423</ele>
        <time>1970-01-01T00:04:57Z</time>
        <extensions>
          <gpxtpx:TrackPointExtension>
            <gpxtpx:hr>173</gpxtpx:hr>
          </gpxtpx:TrackPointExtension>
        </extensions>
      </trkpt>
      <trkpt lat="30.48027787594028" lon="104.0154250032976">
        <ele>482.3654019618407</ele>
        <time>1970-01-01T00:04:58Z</time>
        <extensions>
          <gpxtpx:TrackPointExtension>
            <gpxtpx:hr>174</gpxtpx:hr>
          </gpxtpx:TrackPointExtension>
        </extensions>
      </trkpt>
      <trkpt lat="30.480248552828503" lon="104.01541146410194">
        <ele>482.3355361763388</ele>
        <time>1970-01-01T00:04:59Z</time>
        <extensions>
          <gpxtpx:TrackPointExtension>
            <gpxtpx:hr>174</gpxtpx:hr>
          </gpxtpx:TrackPointExtension>
        </extensions>
      </trkpt>
      <trkpt lat="30.48021891309069" lon="104.01539958614865">
        <ele>482.30897698830813</ele>
        <time>1970-01-01T00:05:00Z</time>
        <extensions>
          <gpxtpx:TrackPointExtension>
            <gpxtpx:hr>174</gpxtpx:hr>
          </gpxtpx:TrackPointExtension>
        </extensions>
      </trkpt>
      <trkpt lat="30.480188634429794" lon="104.01538915509289">
        <ele>482.28745401930064</ele>
        <time>1970-01-01T00:05:01Z</time>
        <extensions>
          <gpxtpx:TrackPointExtension>
            <gpxtpx:hr>174</gpxtpx:hr>
          </gpxtpx:TrackPointExtension>
        </extensions>
      </trkpt>
      <trkpt lat="30.480157526487538" lon="104.01538002074605">
        <ele>482.27209783997387</ele>
        <time>1970-01-01T00:05:02Z</time>
        <extensions>
          <gpxtpx:TrackPointExtension>
            <gpxtpx:hr>174</gpxtpx:hr>
          </gpxtpx:TrackPointExtension>
        </extensions>
      </trkpt>
      <trkpt lat="30.480125995343084" lon="104.01537237176758">
        <ele>482.2631937125698</ele>
        <time>1970-01-01T00:05:03Z</time>
        <extensions>
          <gpxtpx:TrackPointExtension>
            <gpxtpx:hr>173</gpxtpx:hr>
          </gpxtpx:TrackPointExtension>
        </extensions>
      </trkpt>
      <trkpt lat="30.480094218248766" lon="104.01536626473214">
        <ele>482.2604300221428</ele>
        <time>1970-01-01T00:05:04Z</time>
        <extensions>
          <gpxtpx:TrackPointExtension>
            <gpxtpx:hr>173</gpxtpx:hr>
          </gpxtpx:TrackPointExtension>
        </extensions>
      </trkpt>
      <trkpt lat="30.480063052839327" lon="104.0153617515793">
        <ele>482.26292102970183</ele>
        <time>1970-01-01T00:05:05Z</time>
        <extensions>
          <gpxtpx:TrackPointExtension>
            <gpxtpx:hr>173</gpxtpx:hr>
          </gpxtpx:TrackPointExtension>
        </extensions>
      </trkpt>
      <trkpt lat="30.480032929425395" lon="104.015358643602">
        <ele>482.269432971254</ele>
        <time>1970-01-01T00:05:06Z</time>
        <extensions>
          <gpxtpx:TrackPointExtension>
            <gpxtpx:hr>173</gpxtpx:hr>
          </gpxtpx:TrackPointExtension>
        </extensions>
      </trkpt>
      <trkpt lat="30.480003669438297" lon="104.01535591928209">
        <ele>482.27857028506696</ele>
        <time>1970-01-01T00:05:07Z</time>
        <extensions>
          <gpxtpx:TrackPointExtension>
            <gpxtpx:hr>173</gpxtpx:hr>
          </gpxtpx:TrackPointExtension>
        </extensions>
      </trkpt>
      <trkpt lat="30.4799739649999" lon="104.01535294194939">
        <ele>482.28908093087375</ele>
        <time>1970-01-01T00:05:08Z</time>
        <extensions>
          <gpxtpx:TrackPointExtension>
            <gpxtpx:hr>173</gpxtpx:hr>
          </gpxtpx:TrackPointExtension>
        </extensions>
      </trkpt>
      <trkpt lat="30.479942947533353" lon="104.01534992185915">
        <ele>482.30018505454063</ele>
        <time>1970-01-01T00:05:09Z</time>
        <extensions>
          <gpxtpx:TrackPointExtension>
            <gpxtpx:hr>173</gpxtpx:hr>
          </gpxtpx:TrackPointExtension>
        </extensions>
      </trkpt>
      <trkpt lat="30.47991123935978" lon="104.01534740717639">
        <ele>482.3116036532447</ele>
        <time>1970-01-01T00:05:10Z</time>
        <extensions>
          <gpxtpx:TrackPointExtension>
            <gpxtpx:hr>173</gpxtpx:hr>
          </gpxtpx:TrackPointExtension>
        </extensions>
      </trkpt>
      <trkpt lat="30.479879821450826" lon="104.01534584032056">
        <ele>482.3235099995509</ele>
        <time>1970-01-01T00:05:11Z</time>
        <extensions>
          <gpxtpx:TrackPointExtension>
            <gpxtpx:hr>173</gpxtpx:hr>
          </gpxtpx:TrackPointExtension>
        </extensions>
      </trkpt>
      <trkpt lat="30.479849397816036" lon="104.01534508607556">
        <ele>482.3362386757508</ele>
        <time>1970-01-01T00:05:12Z</time>
        <extensions>
          <gpxtpx:TrackPointExtension>
            <gpxtpx:hr>173</gpxtpx:hr>
          </gpxtpx:TrackPointExtension>
        </extensions>
      </trkpt>
      <trkpt lat="30.47981884966873" lon="104.0153448187526">
        <ele>482.35012786462903</ele>
        <time>1970-01-01T00:05:13Z</time>
        <extensions>
          <gpxtpx:TrackPointExtension>
            <gpxtpx:hr>173</gpxtpx:hr>
          </gpxtpx:TrackPointExtension>
        </extensions>
      </trkpt>
      <trkpt lat="30.479787575126338" lon="104.0153450854294">
        <ele>482.3652920918539</ele>
        <time>1970-01-01T00:05:14Z</time>
        <extensions>
          <gpxtpx:TrackPointExtension>
            <gpxtpx:hr>173</gpxtpx:hr>
          </gpxtpx:TrackPointExtension>
        </extensions>
      </trkpt>
      <trkpt lat="30.479756027858123" lon="104.01534622259896">
        <ele>482.38163488637656</ele>
        <time>1970-01-01T00:05:15Z</time>
        <extensions>
          <gpxtpx:TrackPointExtension>
            <gpxtpx:hr>173</gpxtpx:hr>
          </gpxtpx:TrackPointExtension>
        </extensions>
      </trkpt>
      <trkpt lat="30.479725150996643" lon="104.01534861851138">
        <ele>482.399012719281</ele>
        <time>1970-01-01T00:05:16Z</time>
        <extensions>
          <gpxtpx:TrackPointExtension>
            <gpxtpx:hr>173</gpxtpx:hr>
          </gpxtpx:TrackPointExtension>
        </extensions>
      </trkpt>
      <trkpt lat="30.479694541452588" lon="104.01535241973082">
        <ele>482.4172067474574</ele>
        <time>1970-01-01T00:05:17Z</time>
        <extensions>
          <gpxtpx:TrackPointExtension>
            <gpxtpx:hr>173</gpxtpx:hr>
          </gpxtpx:TrackPointExtension>
        </extensions>
      </trkpt>
      <trkpt lat="30.479663580000604" lon="104.01535712971737">
        <ele>482.43601813167334</ele>
        <time>1970-01-01T00:05:18Z</time>
        <extensions>
          <gpxtpx:TrackPointExtension>
            <gpxtpx:hr>173</gpxtpx:hr>
          </gpxtpx:TrackPointExtension>
        </extensions>
      </trkpt>
      <trkpt lat="30.479632129092337" lon="104.0153628270687">
        <ele>482.45507064368576</ele>
        <time>1970-01-01T00:05:19Z</time>
        <extensions>
          <gpxtpx:TrackPointExtension>
            <gpxtpx:hr>173</gpxtpx:hr>
          </gpxtpx:TrackPointExtension>
        </extensions>
      </trkpt>
      <trkpt lat="30.47960101624952" lon="104.01536931527204">
        <ele>482.47364956792444</ele>
        <time>1970-01-01T00:05:20Z</time>
        <extensions>
          <gpxtpx:TrackPointExtension>
            <gpxtpx:hr>174</gpxtpx:hr>
          </gpxtpx:TrackPointExtension>
        </extensions>
      </trkpt>
      <trkpt lat="30.479570421701276" lon="104.01537571001373">
        <ele>482.4910593209788</ele>
        <time>1970-01-01T00:05:21Z</time>
        <extensions>
          <gpxtpx:TrackPointExtension>
            <gpxtpx:hr>174</gpxtpx:hr>
          </gpxtpx:TrackPointExtension>
        </extensions>
      </trkpt>
      <trkpt lat="30.479539991657152" lon="104.01538167908528">
        <ele>482.5066557517275</ele>
        <time>1970-01-01T00:05:22Z</time>
        <extensions>
          <gpxtpx:TrackPointExtension>
            <gpxtpx:hr>174</gpxtpx:hr>
          </gpxtpx:TrackPointExtension>
        </extensions>
      </trkpt>
      <trkpt lat="30.479508958997677" lon="104.01538772342397">
        <ele>482.51982809137553</ele>
        <time>1970-01-01T00:05:23Z</time>
        <extensions>
          <gpxtpx:TrackPointExtension>
            <gpxtpx:hr>174</gpxtpx:hr>
          </gpxtpx:TrackPointExtension>
        </extensions>
      </trkpt>
      <trkpt lat="30.479477307695273" lon="104.0153943562691">
        <ele>482.5299431299791</ele>
        <time>1970-01-01T00:05:24Z</time>
        <extensions>
          <gpxtpx:TrackPointExtension>
            <gpxtpx:hr>174</gpxtpx:hr>
          </gpxtpx:TrackPointExtension>
        </extensions>
      </trkpt>
      <trkpt lat="30.47944549997367" lon="104.01540178846173">
        <ele>482.53628972359</ele>
        <time>1970-01-01T00:05:25Z</time>
        <extensions>
          <gpxtpx:TrackPointExtension>
            <gpxtpx:hr>174</gpxtpx:hr>
          </gpxtpx:TrackPointExtension>
        </extensions>
      </trkpt>
      <trkpt lat="30.479414334332777" lon="104.01540965332119">
        <ele>482.53817284666</ele>
        <time>1970-01-01T00:05:26Z</time>
        <extensions>
          <gpxtpx:TrackPointExtension>
            <gpxtpx:hr>174</gpxtpx:hr>
          </gpxtpx:TrackPointExtension>
        </extensions>
      </trkpt>
      <trkpt lat="30.47938437399927" lon="104.01541721823538">
        <ele>482.53498012013733</ele>
        <time>1970-01-01T00:05:27Z</time>
        <extensions>
          <gpxtpx:TrackPointExtension>
            <gpxtpx:hr>174</gpxtpx:hr>
          </gpxtpx:TrackPointExtension>
        </extensions>
      </trkpt>
      <trkpt lat="30.479354966360205" lon="104.01542420173335">
        <ele>482.52633470017463</ele>
        <time>1970-01-01T00:05:28Z</time>
        <extensions>
          <gpxtpx:TrackPointExtension>
            <gpxtpx:hr>174</gpxtpx:hr>
          </gpxtpx:TrackPointExtension>
        </extensions>
      </trkpt>
      <trkpt lat="30.479325591835465" lon="104.01543049524298">
        <ele>482.512278358452</ele>
        <time>1970-01-01T00:05:29Z</time>
        <extensions>
          <gpxtpx:TrackPointExtension>
            <gpxtpx:hr>175</gpxtpx:hr>
          </gpxtpx:TrackPointExtension>
        </extensions>
      </trkpt>
      <trkpt lat="30.47929582979428" lon="104.01543624991261">
        <ele>482.49319350346923</ele>
        <time>1970-01-01T00:05:30Z</time>
        <extensions>
          <gpxtpx:TrackPointExtension>
            <gpxtpx:hr>175</gpxtpx:hr>
          </gpxtpx:TrackPointExtension>
        </extensions>
      </trkpt>
      <trkpt lat="30.479265831891368" lon="104.01544141919918">
        <ele>482.4696415485814</ele>
        <time>1970-01-01T00:05:31Z</time>
        <extensions>
          <gpxtpx:TrackPointExtension>
            <gpxtpx:hr>175</gpxtpx:hr>
          </gpxtpx:TrackPointExtension>
        </extensions>
      </trkpt>
      <trkpt lat="30.47923546623672" lon="104.01544574908301">
        <ele>482.44229422323406</ele>
        <time>1970-01-01T00:05:32Z</time>
        <extensions>
          <gpxtpx:TrackPointExtension>
            <gpxtpx:hr>175</gpxtpx:hr>
          </gpxtpx:TrackPointExtension>
        </extensions>
      </trkpt>
      <trkpt lat="30.479204542485995" lon="104.01544925337718">
        <ele>482.4118647975847</ele>
        <time>1970-01-01T00:05:33Z</time>
        <extensions>
          <gpxtpx:TrackPointExtension>
            <gpxtpx:hr>176</gpxtpx:hr>
          </gpxtpx:TrackPointExtension>
        </extensions>
      </trkpt>
      <trkpt lat="30.47917267852148" lon="104.01545208370527">
        <ele>482.37895085662603</ele>
        <time>1970-01-01T00:05:34Z</time>
        <extensions>
          <gpxtpx:TrackPointExtension>
            <gpxtpx:hr>176</gpxtpx:hr>
          </gpxtpx:TrackPointExtension>
        </extensions>
      </trkpt>
      <trkpt lat="30.479140307927228" lon="104.01545343844384">
        <ele>482.34423231426626</ele>
        <time>1970-01-01T00:05:35Z</time>
        <extensions>
          <gpxtpx:TrackPointExtension>
            <gpxtpx:hr>176</gpxtpx:hr>
          </gpxtpx:TrackPointExtension>
        </extensions>
      </trkpt>
      <trkpt lat="30.479107952666194" lon="104.01545275286884">
        <ele>482.30831963196397</ele>
        <time>1970-01-01T00:05:36Z</time>
        <extensions>
          <gpxtpx:TrackPointExtension>
            <gpxtpx:hr>176</gpxtpx:hr>
          </gpxtpx:TrackPointExtension>
        </extensions>
      </trkpt>
      <trkpt lat="30.479075877334626" lon="104.01545015196164">
        <ele>482.2718596281484</ele>
        <time>1970-01-01T00:05:37Z</time>
        <extensions>
          <gpxtpx:TrackPointExtension>
            <gpxtpx:hr>176</gpxtpx:hr>
          </gpxtpx:TrackPointExtension>
        </extensions>
      </trkpt>
      <trkpt lat="30.47904404351876" lon="104.01544603125869">
        <ele>482.2356512444094</ele>
        <time>1970-01-01T00:05:38Z</time>
        <extensions>
          <gpxtpx:TrackPointExtension>
            <gpxtpx:hr>176</gpxtpx:hr>
          </gpxtpx:TrackPointExtension>
        </extensions>
      </trkpt>
      <trkpt lat="30.479012097685416" lon="104.0154410686149">
        <ele>482.20042934734374</ele>
        <time>1970-01-01T00:05:39Z</time>
        <extensions>
          <gpxtpx:TrackPointExtension>
            <gpxtpx:hr>176</gpxtpx:hr>
          </gpxtpx:TrackPointExtension>
        </extensions>
      </trkpt>
      <trkpt lat="30.47897987084682" lon="104.01543551133256">
        <ele>482.167219969444</ele>
        <time>1970-01-01T00:05:40Z</time>
        <extensions>
          <gpxtpx:TrackPointExtension>
            <gpxtpx:hr>176</gpxtpx:hr>
          </gpxtpx:TrackPointExtension>
        </extensions>
      </trkpt>
      <trkpt lat="30.478948034283924" lon="104.01542941444355">
        <ele>482.13707701675594</ele>
        <time>1970-01-01T00:05:41Z</time>
        <extensions>
          <gpxtpx:TrackPointExtension>
            <gpxtpx:hr>176</gpxtpx:hr>
          </gpxtpx:TrackPointExtension>
        </extensions>
      </trkpt>
      <trkpt lat="30.47891637490086" lon="104.01542243322723">
        <ele>482.1109337788075</ele>
        <time>1970-01-01T00:05:42Z</time>
        <extensions>
          <gpxtpx:TrackPointExtension>
            <gpxtpx:hr>176</gpxtpx:hr>
          </gpxtpx:TrackPointExtension>
        </extensions>
      </trkpt>
      <trkpt lat="30.47888453988231" lon="104.01541402966504">
        <ele>482.08950800448656</ele>
        <time>1970-01-01T00:05:43Z</time>
        <extensions>
          <gpxtpx:TrackPointExtension>
            <gpxtpx:hr>175</gpxtpx:hr>
          </gpxtpx:TrackPointExtension>
        </extensions>
      </trkpt>
      <trkpt lat="30.47885236774522" lon="104.01540411919315">
        <ele>482.07339446619153</ele>
        <time>1970-01-01T00:05:44Z</time>
        <extensions>
          <gpxtpx:TrackPointExtension>
            <gpxtpx:hr>175</gpxtpx:hr>
          </gpxtpx:TrackPointExtension>
        </extensions>
      </trkpt>
      <trkpt lat="30.478820267838067" lon="104.01539314409958">
        <ele>482.0629674354568</ele>
        <time>1970-01-01T00:05:45Z</time>
        <extensions>
          <gpxtpx:TrackPointExtension>
            <gpxtpx:hr>175</gpxtpx:hr>
          </gpxtpx:TrackPointExtension>
        </extensions>
      </trkpt>
      <trkpt lat="30.47878913422478" lon="104.01538176433264">
        <ele>482.05838476121426</ele>
        <time>1970-01-01T00:05:46Z</time>
        <extensions>
          <gpxtpx:TrackPointExtension>
            <gpxtpx:hr>175</gpxtpx:hr>
          </gpxtpx:TrackPointExtension>
        </extensions>
      </trkpt>
      <trkpt lat="30.478758514642355" lon="104.01537066953281">
        <ele>482.05955193191767</ele>
        <time>1970-01-01T00:05:47Z</time>
        <extensions>
          <gpxtpx:TrackPointExtension>
            <gpxtpx:hr>175</gpxtpx:hr>
          </gpxtpx:TrackPointExtension>
        </extensions>
      </trkpt>
      <trkpt lat="30.47872777351538" lon="104.01535982468462">
        <ele>482.0661282381043</ele>
        <time>1970-01-01T00:05:48Z</time>
        <extensions>
          <gpxtpx:TrackPointExtension>
            <gpxtpx:hr>175</gpxtpx:hr>
          </gpxtpx:TrackPointExtension>
        </extensions>
      </trkpt>
      <trkpt lat="30.47869694959232" lon="104.0153489113877">
        <ele>482.07747428584844</ele>
        <time>1970-01-01T00:05:49Z</time>
        <extensions>
          <gpxtpx:TrackPointExtension>
            <gpxtpx:hr>175</gpxtpx:hr>
          </gpxtpx:TrackPointExtension>
        </extensions>
      </trkpt>
      <trkpt lat="30.478666695798047" lon="104.01533870546601">
        <ele>482.0925970952958</ele>
        <time>1970-01-01T00:05:50Z</time>
        <extensions>
          <gpxtpx:TrackPointExtension>
            <gpxtpx:hr>175</gpxtpx:hr>
          </gpxtpx:TrackPointExtension>
        </extensions>
      </trkpt>
      <trkpt lat="30.478636539882597" lon="104.0153295455871">
        <ele>482.1103099118918</ele>
        <time>1970-01-01T00:05:51Z</time>
        <extensions>
          <gpxtpx:TrackPointExtension>
            <gpxtpx:hr>175</gpxtpx:hr>
          </gpxtpx:TrackPointExtension>
        </extensions>
      </trkpt>
      <trkpt lat="30.478606281805554" lon="104.01532113586467">
        <ele>482.1296266829595</ele>
        <time>1970-01-01T00:05:52Z</time>
        <extensions>
          <gpxtpx:TrackPointExtension>
            <gpxtpx:hr>175</gpxtpx:hr>
          </gpxtpx:TrackPointExtension>
        </extensions>
      </trkpt>
      <trkpt lat="30.478576319578224" lon="104.01531338136022">
        <ele>482.14946811273694</ele>
        <time>1970-01-01T00:05:53Z</time>
        <extensions>
          <gpxtpx:TrackPointExtension>
            <gpxtpx:hr>176</gpxtpx:hr>
          </gpxtpx:TrackPointExtension>
        </extensions>
      </trkpt>
      <trkpt lat="30.478547060900947" lon="104.01530670265007">
        <ele>482.16902699135244</ele>
        <time>1970-01-01T00:05:54Z</time>
        <extensions>
          <gpxtpx:TrackPointExtension>
            <gpxtpx:hr>176</gpxtpx:hr>
          </gpxtpx:TrackPointExtension>
        </extensions>
      </trkpt>
      <trkpt lat="30.47851750878388" lon="104.01530090947192">
        <ele>482.1876535229385</ele>
        <time>1970-01-01T00:05:55Z</time>
        <extensions>
          <gpxtpx:TrackPointExtension>
            <gpxtpx:hr>176</gpxtpx:hr>
          </gpxtpx:TrackPointExtension>
        </extensions>
      </trkpt>
      <trkpt lat="30.478487406476646" lon="104.01529532786056">
        <ele>482.20468575973064</ele>
        <time>1970-01-01T00:05:56Z</time>
        <extensions>
          <gpxtpx:TrackPointExtension>
            <gpxtpx:hr>176</gpxtpx:hr>
          </gpxtpx:TrackPointExtension>
        </extensions>
      </trkpt>
      <trkpt lat="30.4784566775553" lon="104.01529036021783">
        <ele>482.2194698099047</ele>
        <time>1970-01-01T00:05:57Z</time>
        <extensions>
          <gpxtpx:TrackPointExtension>
            <gpxtpx:hr>176</gpxtpx:hr>
          </gpxtpx:TrackPointExtension>
        </extensions>
      </trkpt>
      <trkpt lat="30.478425186312602" lon="104.0152854967401">
        <ele>482.23123458214104</ele>
        <time>1970-01-01T00:05:58Z</time>
        <extensions>
          <gpxtpx:TrackPointExtension>
            <gpxtpx:hr>176</gpxtpx:hr>
          </gpxtpx:TrackPointExtension>
        </extensions>
      </trkpt>
      <trkpt lat="30.478392779562682" lon="104.01528000751645">
        <ele>482.2391349365935</ele>
        <time>1970-01-01T00:05:59Z</time>
        <extensions>
          <gpxtpx:TrackPointExtension>
            <gpxtpx:hr>176</gpxtpx:hr>
          </gpxtpx:TrackPointExtension>
        </extensions>
      </trkpt>
      <trkpt lat="30.478359742957323" lon="104.01527456867673">
        <ele>482.24235133919865</ele>
        <time>1970-01-01T00:06:00Z</time>
        <extensions>
          <gpxtpx:TrackPointExtension>
            <gpxtpx:hr>176</gpxtpx:hr>
          </gpxtpx:TrackPointExtension>
        </extensions>
      </trkpt>
      <trkpt lat="30.478326656610683" lon="104.01526988875513">
        <ele>482.2402547271922</ele>
        <time>1970-01-01T00:06:01Z</time>
        <extensions>
          <gpxtpx:TrackPointExtension>
            <gpxtpx:hr>176</gpxtpx:hr>
          </gpxtpx:TrackPointExtension>
        </extensions>
      </trkpt>
      <trkpt lat="30.478294008389" lon="104.0152667782362">
        <ele>482.2324182987213</ele>
        <time>1970-01-01T00:06:02Z</time>
        <extensions>
          <gpxtpx:TrackPointExtension>
            <gpxtpx:hr>176</gpxtpx:hr>
          </gpxtpx:TrackPointExtension>
        </extensions>
      </trkpt>
      <trkpt lat="30.478262804772704" lon="104.01526635829363">
        <ele>482.2189216716215</ele>
        <time>1970-01-01T00:06:03Z</time>
        <extensions>
          <gpxtpx:TrackPointExtension>
            <gpxtpx:hr>176</gpxtpx:hr>
          </gpxtpx:TrackPointExtension>
        </extensions>
      </trkpt>
      <trkpt lat="30.478232153823843" lon="104.01526922290599">
        <ele>482.2002647416666</ele>
        <time>1970-01-01T00:06:04Z</time>
        <extensions>
          <gpxtpx:TrackPointExtension>
            <gpxtpx:hr>176</gpxtpx:hr>
          </gpxtpx:TrackPointExtension>
        </extensions>
      </trkpt>
      <trkpt lat="30.47820157928261" lon="104.01527504277608">
        <ele>482.17725504748523</ele>
        <time>1970-01-01T00:06:05Z</time>
        <extensions>
          <gpxtpx:TrackPointExtension>
            <gpxtpx:hr>176</gpxtpx:hr>
          </gpxtpx:TrackPointExtension>
        </extensions>
      </trkpt>
      <trkpt lat="30.47817070522004" lon="104.01528295884953">
        <ele>482.15100335981697</ele>
        <time>1970-01-01T00:06:06Z</time>
        <extensions>
          <gpxtpx:TrackPointExtension>
            <gpxtpx:hr>176</gpxtpx:hr>
          </gpxtpx:TrackPointExtension>
        </extensions>
      </trkpt>
      <trkpt lat="30.4781399727609" lon="104.01529189189765">
        <ele>482.1226928010583</ele>
        <time>1970-01-01T00:06:07Z</time>
        <extensions>
          <gpxtpx:TrackPointExtension>
            <gpxtpx:hr>176</gpxtpx:hr>
          </gpxtpx:TrackPointExtension>
        </extensions>
      </trkpt>
      <trkpt lat="30.47810942675704" lon="104.01530151831116">
        <ele>482.0936506893486</ele>
        <time>1970-01-01T00:06:08Z</time>
        <extensions>
          <gpxtpx:TrackPointExtension>
            <gpxtpx:hr>176</gpxtpx:hr>
          </gpxtpx:TrackPointExtension>
        </extensions>
      </trkpt>
      <trkpt lat="30.478078791305247" lon="104.01531168458632">
        <ele>482.0652497606352</ele>
        <time>1970-01-01T00:06:09Z</time>
        <extensions>
          <gpxtpx:TrackPointExtension>
            <gpxtpx:hr>176</gpxtpx:hr>
          </gpxtpx:TrackPointExtension>
        </extensions>
      </trkpt>
      <trkpt lat="30.478048188332142" lon="104.01532259500178">
        <ele>482.03860534820706</ele>
        <time>1970-01-01T00:06:10Z</time>
        <extensions>
          <gpxtpx:TrackPointExtension>
            <gpxtpx:hr>176</gpxtpx:hr>
          </gpxtpx:TrackPointExtension>
        </extensions>
      </trkpt>
      <trkpt lat="30.478018345915935" lon="104.01533361837048">
        <ele>482.0148684810847</ele>
        <time>1970-01-01T00:06:11Z</time>
        <extensions>
          <gpxtpx:TrackPointExtension>
            <gpxtpx:hr>176</gpxtpx:hr>
          </gpxtpx:TrackPointExtension>
        </extensions>
      </trkpt>
      <trkpt lat="30.477989494786378" lon="104.01534384411012">
        <ele>481.9949180530384</ele>
        <time>1970-01-01T00:06:12Z</time>
        <extensions>
          <gpxtpx:TrackPointExtension>
            <gpxtpx:hr>176</gpxtpx:hr>
          </gpxtpx:TrackPointExtension>
        </extensions>
      </trkpt>
      <trkpt lat="30.47796087457868" lon="104.0153532738625">
        <ele>481.9794377563521</ele>
        <time>1970-01-01T00:06:13Z</time>
        <extensions>
          <gpxtpx:TrackPointExtension>
            <gpxtpx:hr>176</gpxtpx:hr>
          </gpxtpx:TrackPointExtension>
        </extensions>
      </trkpt>
      <trkpt lat="30.477931430795472" lon="104.01536196930344">
        <ele>481.9690520660952</ele>
        <time>1970-01-01T00:06:14Z</time>
        <extensions>
          <gpxtpx:TrackPointExtension>
            <gpxtpx:hr>176</gpxtpx:hr>
          </gpxtpx:TrackPointExtension>
        </extensions>
      </trkpt>
      <trkpt lat="30.477900303162528" lon="104.0153698797014">
        <ele>481.96442451607436</ele>
        <time>1970-01-01T00:06:15Z</time>
        <extensions>
          <gpxtpx:TrackPointExtension>
            <gpxtpx:hr>176</gpxtpx:hr>
          </gpxtpx:TrackPointExtension>
        </extensions>
      </trkpt>
      <trkpt lat="30.477868357750687" lon="104.01537648593288">
        <ele>481.96594539191574</ele>
        <time>1970-01-01T00:06:16Z</time>
        <extensions>
          <gpxtpx:TrackPointExtension>
            <gpxtpx:hr>176</gpxtpx:hr>
          </gpxtpx:TrackPointExtension>
        </extensions>
      </trkpt>
      <trkpt lat="30.47783595224831" lon="104.01538132040703">
        <ele>481.97394078131765</ele>
        <time>1970-01-01T00:06:17Z</time>
        <extensions>
          <gpxtpx:TrackPointExtension>
            <gpxtpx:hr>175</gpxtpx:hr>
          </gpxtpx:TrackPointExtension>
        </extensions>
      </trkpt>
      <trkpt lat="30.477803554838996" lon="104.0153836722885">
        <ele>481.98851572629064</ele>
        <time>1970-01-01T00:06:18Z</time>
        <extensions>
          <gpxtpx:TrackPointExtension>
            <gpxtpx:hr>175</gpxtpx:hr>
          </gpxtpx:TrackPointExtension>
        </extensions>
      </trkpt>
      <trkpt lat="30.477771084604537" lon="104.0153838897066">
        <ele>482.00911735370755</ele>
        <time>1970-01-01T00:06:19Z</time>
        <extensions>
          <gpxtpx:TrackPointExtension>
            <gpxtpx:hr>175</gpxtpx:hr>
          </gpxtpx:TrackPointExtension>
        </extensions>
      </trkpt>
      <trkpt lat="30.477738498111368" lon="104.0153829748463">
        <ele>482.034891538322</ele>
        <time>1970-01-01T00:06:20Z</time>
        <extensions>
          <gpxtpx:TrackPointExtension>
            <gpxtpx:hr>175</gpxtpx:hr>
          </gpxtpx:TrackPointExtension>
        </extensions>
      </trkpt>
      <trkpt lat="30.477705789224988" lon="104.01538178711778">
        <ele>482.0644276877865</ele>
        <time>1970-01-01T00:06:21Z</time>
        <extensions>
          <gpxtpx:TrackPointExtension>
            <gpxtpx:hr>175</gpxtpx:hr>
          </gpxtpx:TrackPointExtension>
        </extensions>
      </trkpt>
      <trkpt lat="30.477674137962463" lon="104.0153814419565">
        <ele>482.0958637846634</ele>
        <time>1970-01-01T00:06:22Z</time>
        <extensions>
          <gpxtpx:TrackPointExtension>
            <gpxtpx:hr>175</gpxtpx:hr>
          </gpxtpx:TrackPointExtension>
        </extensions>
      </trkpt>
      <trkpt lat="30.477643592912468" lon="104.01538286880279">
        <ele>482.1270130071789</ele>
        <time>1970-01-01T00:06:23Z</time>
        <extensions>
          <gpxtpx:TrackPointExtension>
            <gpxtpx:hr>177</gpxtpx:hr>
          </gpxtpx:TrackPointExtension>
        </extensions>
      </trkpt>
      <trkpt lat="30.477613320732953" lon="104.01538553313462">
        <ele>482.15556300152093</ele>
        <time>1970-01-01T00:06:24Z</time>
        <extensions>
          <gpxtpx:TrackPointExtension>
            <gpxtpx:hr>177</gpxtpx:hr>
          </gpxtpx:TrackPointExtension>
        </extensions>
      </trkpt>
      <trkpt lat="30.47758290160719" lon="104.01538853018302">
        <ele>482.17933223210275</ele>
        <time>1970-01-01T00:06:25Z</time>
        <extensions>
          <gpxtpx:TrackPointExtension>
            <gpxtpx:hr>177</gpxtpx:hr>
          </gpxtpx:TrackPointExtension>
        </extensions>
      </trkpt>
      <trkpt lat="30.477551349425937" lon="104.01539196592378">
        <ele>482.1965600643307</ele>
        <time>1970-01-01T00:06:26Z</time>
        <extensions>
          <gpxtpx:TrackPointExtension>
            <gpxtpx:hr>177</gpxtpx:hr>
          </gpxtpx:TrackPointExtension>
        </extensions>
      </trkpt>
      <trkpt lat="30.47751892268966" lon="104.01539640513225">
        <ele>482.2060838388279</ele>
        <time>1970-01-01T00:06:27Z</time>
        <extensions>
          <gpxtpx:TrackPointExtension>
            <gpxtpx:hr>177</gpxtpx:hr>
          </gpxtpx:TrackPointExtension>
        </extensions>
      </trkpt>
      <trkpt lat="30.47748643427447" lon="104.01540211666396">
        <ele>482.2074853796512</ele>
        <time>1970-01-01T00:06:28Z</time>
        <extensions>
          <gpxtpx:TrackPointExtension>
            <gpxtpx:hr>177</gpxtpx:hr>
          </gpxtpx:TrackPointExtension>
        </extensions>
      </trkpt>
      <trkpt lat="30.47745506697073" lon="104.01540937564559">
        <ele>482.2010791702196</ele>
        <time>1970-01-01T00:06:29Z</time>
        <extensions>
          <gpxtpx:TrackPointExtension>
            <gpxtpx:hr>177</gpxtpx:hr>
          </gpxtpx:TrackPointExtension>
        </extensions>
      </trkpt>
      <trkpt lat="30.477424907493553" lon="104.01541890801012">
        <ele>482.18774132989347</ele>
        <time>1970-01-01T00:06:30Z</time>
        <extensions>
          <gpxtpx:TrackPointExtension>
            <gpxtpx:hr>177</gpxtpx:hr>
          </gpxtpx:TrackPointExtension>
        </extensions>
      </trkpt>
      <trkpt lat="30.477395835245257" lon="104.01543101228812">
        <ele>482.1686704661697</ele>
        <time>1970-01-01T00:06:31Z</time>
        <extensions>
          <gpxtpx:TrackPointExtension>
            <gpxtpx:hr>177</gpxtpx:hr>
          </gpxtpx:TrackPointExtension>
        </extensions>
      </trkpt>
      <trkpt lat="30.47736755997972" lon="104.0154458564003">
        <ele>482.1451567206532</ele>
        <time>1970-01-01T00:06:32Z</time>
        <extensions>
          <gpxtpx:TrackPointExtension>
            <gpxtpx:hr>177</gpxtpx:hr>
          </gpxtpx:TrackPointExtension>
        </extensions>
      </trkpt>
      <trkpt lat="30.477339959909447" lon="104.01546319911411">
        <ele>482.11826211959124</ele>
        <time>1970-01-01T00:06:33Z</time>
        <extensions>
          <gpxtpx:TrackPointExtension>
            <gpxtpx:hr>178</gpxtpx:hr>
          </gpxtpx:TrackPointExtension>
        </extensions>
      </trkpt>
      <trkpt lat="30.477313164890443" lon="104.01548270275397">
        <ele>482.0890874536708</ele>
        <time>1970-01-01T00:06:34Z</time>
        <extensions>
          <gpxtpx:TrackPointExtension>
            <gpxtpx:hr>178</gpxtpx:hr>
          </gpxtpx:TrackPointExtension>
        </extensions>
      </trkpt>
      <trkpt lat="30.477287461265103" lon="104.01550398321005">
        <ele>482.0584932100028</ele>
        <time>1970-01-01T00:06:35Z</time>
        <extensions>
          <gpxtpx:TrackPointExtension>
            <gpxtpx:hr>178</gpxtpx:hr>
          </gpxtpx:TrackPointExtension>
        </extensions>
      </trkpt>
      <trkpt lat="30.47726269730227" lon="104.01552689318498">
        <ele>482.02717788890004</ele>
        <time>1970-01-01T00:06:36Z</time>
        <extensions>
          <gpxtpx:TrackPointExtension>
            <gpxtpx:hr>178</gpxtpx:hr>
          </gpxtpx:TrackPointExtension>
        </extensions>
      </trkpt>
      <trkpt lat="30.47723883868584" lon="104.01555077489961">
        <ele>481.9959693085402</ele>
        <time>1970-01-01T00:06:37Z</time>
        <extensions>
          <gpxtpx:TrackPointExtension>
            <gpxtpx:hr>178</gpxtpx:hr>
          </gpxtpx:TrackPointExtension>
        </extensions>
      </trkpt>
      <trkpt lat="30.477216205352974" lon="104.0155757367825">
        <ele>481.96564256213605</ele>
        <time>1970-01-01T00:06:38Z</time>
        <extensions>
          <gpxtpx:TrackPointExtension>
            <gpxtpx:hr>178</gpxtpx:hr>
          </gpxtpx:TrackPointExtension>
        </extensions>
      </trkpt>
      <trkpt lat="30.477195395725087" lon="104.0156019751846">
        <ele>481.93709323368967</ele>
        <time>1970-01-01T00:06:39Z</time>
        <extensions>
          <gpxtpx:TrackPointExtension>
            <gpxtpx:hr>178</gpxtpx:hr>
          </gpxtpx:TrackPointExtension>
        </extensions>
      </trkpt>
      <trkpt lat="30.477176172363393" lon="104.01562936137661">
        <ele>481.91134223807603</ele>
        <time>1970-01-01T00:06:40Z</time>
        <extensions>
          <gpxtpx:TrackPointExtension>
            <gpxtpx:hr>178</gpxtpx:hr>
          </gpxtpx:TrackPointExtension>
        </extensions>
      </trkpt>
      <trkpt lat="30.47715701720886" lon="104.01565803809639">
        <ele>481.88951199967414</ele>
        <time>1970-01-01T00:06:41Z</time>
        <extensions>
          <gpxtpx:TrackPointExtension>
            <gpxtpx:hr>178</gpxtpx:hr>
          </gpxtpx:TrackPointExtension>
        </extensions>
      </trkpt>
      <trkpt lat="30.47713778448977" lon="104.01568730522862">
        <ele>481.8726929454133</ele>
        <time>1970-01-01T00:06:42Z</time>
        <extensions>
          <gpxtpx:TrackPointExtension>
            <gpxtpx:hr>178</gpxtpx:hr>
          </gpxtpx:TrackPointExtension>
        </extensions>
      </trkpt>
      <trkpt lat="30.477118777895523" lon="104.01571641265821">
        <ele>481.861767151393</ele>
        <time>1970-01-01T00:06:43Z</time>
        <extensions>
          <gpxtpx:TrackPointExtension>
            <gpxtpx:hr>178</gpxtpx:hr>
          </gpxtpx:TrackPointExtension>
        </extensions>
      </trkpt>
      <trkpt lat="30.477099586187183" lon="104.01574492102476">
        <ele>481.85731170047075</ele>
        <time>1970-01-01T00:06:44Z</time>
        <extensions>
          <gpxtpx:TrackPointExtension>
            <gpxtpx:hr>178</gpxtpx:hr>
          </gpxtpx:TrackPointExtension>
        </extensions>
      </trkpt>
      <trkpt lat="30.477079917170904" lon="104.01577338163737">
        <ele>481.8595408741385</ele>
        <time>1970-01-01T00:06:45Z</time>
        <extensions>
          <gpxtpx:TrackPointExtension>
            <gpxtpx:hr>178</gpxtpx:hr>
          </gpxtpx:TrackPointExtension>
        </extensions>
      </trkpt>
      <trkpt lat="30.477060445232624" lon="104.01580104190059">
        <ele>481.86830864287913</ele>
        <time>1970-01-01T00:06:46Z</time>
        <extensions>
          <gpxtpx:TrackPointExtension>
            <gpxtpx:hr>178</gpxtpx:hr>
          </gpxtpx:TrackPointExtension>
        </extensions>
      </trkpt>
      <trkpt lat="30.477040838867012" lon="104.01582791657185">
        <ele>481.8829193143174</ele>
        <time>1970-01-01T00:06:47Z</time>
        <extensions>
          <gpxtpx:TrackPointExtension>
            <gpxtpx:hr>178</gpxtpx:hr>
          </gpxtpx:TrackPointExtension>
        </extensions>
      </trkpt>
      <trkpt lat="30.47701968340881" lon="104.01585355362866">
        <ele>481.90252999123186</ele>
        <time>1970-01-01T00:06:48Z</time>
        <extensions>
          <gpxtpx:TrackPointExtension>
            <gpxtpx:hr>178</gpxtpx:hr>
          </gpxtpx:TrackPointExtension>
        </extensions>
      </trkpt>
      <trkpt lat="30.476996835652127" lon="104.01587803345349">
        <ele>481.9260950079188</ele>
        <time>1970-01-01T00:06:49Z</time>
        <extensions>
          <gpxtpx:TrackPointExtension>
            <gpxtpx:hr>178</gpxtpx:hr>
          </gpxtpx:TrackPointExtension>
        </extensions>
      </trkpt>
      <trkpt lat="30.476974191862322" lon="104.01590209622823">
        <ele>481.95235036779195</ele>
        <time>1970-01-01T00:06:50Z</time>
        <extensions>
          <gpxtpx:TrackPointExtension>
            <gpxtpx:hr>178</gpxtpx:hr>
          </gpxtpx:TrackPointExtension>
        </extensions>
      </trkpt>
      <trkpt lat="30.476952307336738" lon="104.0159258058247">
        <ele>481.9802305577323</ele>
        <time>1970-01-01T00:06:51Z</time>
        <extensions>
          <gpxtpx:TrackPointExtension>
            <gpxtpx:hr>178</gpxtpx:hr>
          </gpxtpx:TrackPointExtension>
        </extensions>
      </trkpt>
      <trkpt lat="30.476929822220033" lon="104.01594953104717">
        <ele>482.0084764864296</ele>
        <time>1970-01-01T00:06:52Z</time>
        <extensions>
          <gpxtpx:TrackPointExtension>
            <gpxtpx:hr>178</gpxtpx:hr>
          </gpxtpx:TrackPointExtension>
        </extensions>
      </trkpt>
      <trkpt lat="30.47690674585509" lon="104.0159726989214">
        <ele>482.0357525832951</ele>
        <time>1970-01-01T00:06:53Z</time>
        <extensions>
          <gpxtpx:TrackPointExtension>
            <gpxtpx:hr>178</gpxtpx:hr>
          </gpxtpx:TrackPointExtension>
        </extensions>
      </trkpt>
      <trkpt lat="30.476883281315125" lon="104.01599502326616">
        <ele>482.0606142450124</ele>
        <time>1970-01-01T00:06:54Z</time>
        <extensions>
          <gpxtpx:TrackPointExtension>
            <gpxtpx:hr>178</gpxtpx:hr>
          </gpxtpx:TrackPointExtension>
        </extensions>
      </trkpt>
      <trkpt lat="30.47685915116518" lon="104.01601658680957">
        <ele>482.0815692450851</ele>
        <time>1970-01-01T00:06:55Z</time>
        <extensions>
          <gpxtpx:TrackPointExtension>
            <gpxtpx:hr>178</gpxtpx:hr>
          </gpxtpx:TrackPointExtension>
        </extensions>
      </trkpt>
      <trkpt lat="30.476834086258066" lon="104.01603850193017">
        <ele>482.0971565069631</ele>
        <time>1970-01-01T00:06:56Z</time>
        <extensions>
          <gpxtpx:TrackPointExtension>
            <gpxtpx:hr>178</gpxtpx:hr>
          </gpxtpx:TrackPointExtension>
        </extensions>
      </trkpt>
      <trkpt lat="30.47680893058946" lon="104.01606046276129">
        <ele>482.1062113875523</ele>
        <time>1970-01-01T00:06:57Z</time>
        <extensions>
          <gpxtpx:TrackPointExtension>
            <gpxtpx:hr>178</gpxtpx:hr>
          </gpxtpx:TrackPointExtension>
        </extensions>
      </trkpt>
      <trkpt lat="30.476784055410192" lon="104.0160819191816">
        <ele>482.107993548736</ele>
        <time>1970-01-01T00:06:58Z</time>
        <extensions>
          <gpxtpx:TrackPointExtension>
            <gpxtpx:hr>178</gpxtpx:hr>
          </gpxtpx:TrackPointExtension>
        </extensions>
      </trkpt>
      <trkpt lat="30.4767594432589" lon="104.0161020892371">
        <ele>482.1023226408288</ele>
        <time>1970-01-01T00:06:59Z</time>
        <extensions>
          <gpxtpx:TrackPointExtension>
            <gpxtpx:hr>178</gpxtpx:hr>
          </gpxtpx:TrackPointExtension>
        </extensions>
      </trkpt>
      <trkpt lat="30.476734349565344" lon="104.01612112855996">
        <ele>482.0895363157615</ele>
        <time>1970-01-01T00:07:00Z</time>
        <extensions>
          <gpxtpx:TrackPointExtension>
            <gpxtpx:hr>178</gpxtpx:hr>
          </gpxtpx:TrackPointExtension>
        </extensions>
      </trkpt>
      <trkpt lat="30.476708015830198" lon="104.01613985106044">
        <ele>482.07040083874017</ele>
        <time>1970-01-01T00:07:01Z</time>
        <extensions>
          <gpxtpx:TrackPointExtension>
            <gpxtpx:hr>178</gpxtpx:hr>
          </gpxtpx:TrackPointExtension>
        </extensions>
      </trkpt>
      <trkpt lat="30.476680587090986" lon="104.01615836341036">
        <ele>482.046188368462</ele>
        <time>1970-01-01T00:07:02Z</time>
        <extensions>
          <gpxtpx:TrackPointExtension>
            <gpxtpx:hr>177</gpxtpx:hr>
          </gpxtpx:TrackPointExtension>
        </extensions>
      </trkpt>
      <trkpt lat="30.476652386582913" lon="104.01617626246555">
        <ele>482.0184084838256</ele>
        <time>1970-01-01T00:07:03Z</time>
        <extensions>
          <gpxtpx:TrackPointExtension>
            <gpxtpx:hr>177</gpxtpx:hr>
          </gpxtpx:TrackPointExtension>
        </extensions>
      </trkpt>
      <trkpt lat="30.476623783802598" lon="104.01619283324322">
        <ele>481.9883432937786</ele>
        <time>1970-01-01T00:07:04Z</time>
        <extensions>
          <gpxtpx:TrackPointExtension>
            <gpxtpx:hr>177</gpxtpx:hr>
          </gpxtpx:TrackPointExtension>
        </extensions>
      </trkpt>
      <trkpt lat="30.476595133773415" lon="104.01620818120948">
        <ele>481.9574155313894</ele>
        <time>1970-01-01T00:07:05Z</time>
        <extensions>
          <gpxtpx:TrackPointExtension>
            <gpxtpx:hr>177</gpxtpx:hr>
          </gpxtpx:TrackPointExtension>
        </extensions>
      </trkpt>
      <trkpt lat="30.476567170491855" lon="104.01622331971978">
        <ele>481.92679260112345</ele>
        <time>1970-01-01T00:07:06Z</time>
        <extensions>
          <gpxtpx:TrackPointExtension>
            <gpxtpx:hr>177</gpxtpx:hr>
          </gpxtpx:TrackPointExtension>
        </extensions>
      </trkpt>
      <trkpt lat="30.476539515019688" lon="104.0162393969203">
        <ele>481.8975058021024</ele>
        <time>1970-01-01T00:07:07Z</time>
        <extensions>
          <gpxtpx:TrackPointExtension>
            <gpxtpx:hr>177</gpxtpx:hr>
          </gpxtpx:TrackPointExtension>
        </extensions>
      </trkpt>
      <trkpt lat="30.47651186035558" lon="104.01625626838964">
        <ele>481.87058695964515</ele>
        <time>1970-01-01T00:07:08Z</time>
        <extensions>
          <gpxtpx:TrackPointExtension>
            <gpxtpx:hr>178</gpxtpx:hr>
          </gpxtpx:TrackPointExtension>
        </extensions>
      </trkpt>
      <trkpt lat="30.47648399868682" lon="104.01627462208391">
        <ele>481.8471127618104</ele>
        <time>1970-01-01T00:07:09Z</time>
        <extensions>
          <gpxtpx:TrackPointExtension>
            <gpxtpx:hr>178</gpxtpx:hr>
          </gpxtpx:TrackPointExtension>
        </extensions>
      </trkpt>
      <trkpt lat="30.476456529616375" lon="104.01629495185212">
        <ele>481.82822499610484</ele>
        <time>1970-01-01T00:07:10Z</time>
        <extensions>
          <gpxtpx:TrackPointExtension>
            <gpxtpx:hr>178</gpxtpx:hr>
          </gpxtpx:TrackPointExtension>
        </extensions>
      </trkpt>
      <trkpt lat="30.476430160508457" lon="104.01631707425288">
        <ele>481.81500608753413</ele>
        <time>1970-01-01T00:07:11Z</time>
        <extensions>
          <gpxtpx:TrackPointExtension>
            <gpxtpx:hr>178</gpxtpx:hr>
          </gpxtpx:TrackPointExtension>
        </extensions>
      </trkpt>
      <trkpt lat="30.476405035560173" lon="104.01633993122978">
        <ele>481.80829779803753</ele>
        <time>1970-01-01T00:07:12Z</time>
        <extensions>
          <gpxtpx:TrackPointExtension>
            <gpxtpx:hr>178</gpxtpx:hr>
          </gpxtpx:TrackPointExtension>
        </extensions>
      </trkpt>
      <trkpt lat="30.47638053888751" lon="104.0163639825974">
        <ele>481.8085878267884</ele>
        <time>1970-01-01T00:07:13Z</time>
        <extensions>
          <gpxtpx:TrackPointExtension>
            <gpxtpx:hr>178</gpxtpx:hr>
          </gpxtpx:TrackPointExtension>
        </extensions>
      </trkpt>
      <trkpt lat="30.476356224278835" lon="104.01638971334627">
        <ele>481.81584936752915</ele>
        <time>1970-01-01T00:07:14Z</time>
        <extensions>
          <gpxtpx:TrackPointExtension>
            <gpxtpx:hr>178</gpxtpx:hr>
          </gpxtpx:TrackPointExtension>
        </extensions>
      </trkpt>
      <trkpt lat="30.4763321693349" lon="104.0164158916784">
        <ele>481.8296934487298</ele>
        <time>1970-01-01T00:07:15Z</time>
        <extensions>
          <gpxtpx:TrackPointExtension>
            <gpxtpx:hr>178</gpxtpx:hr>
          </gpxtpx:TrackPointExtension>
        </extensions>
      </trkpt>
      <trkpt lat="30.476308121466147" lon="104.0164414065892">
        <ele>481.84942848514766</ele>
        <time>1970-01-01T00:07:16Z</time>
        <extensions>
          <gpxtpx:TrackPointExtension>
            <gpxtpx:hr>178</gpxtpx:hr>
          </gpxtpx:TrackPointExtension>
        </extensions>
      </trkpt>
      <trkpt lat="30.47628485595538" lon="104.0164663827948">
        <ele>481.87420415878296</ele>
        <time>1970-01-01T00:07:17Z</time>
        <extensions>
          <gpxtpx:TrackPointExtension>
            <gpxtpx:hr>178</gpxtpx:hr>
          </gpxtpx:TrackPointExtension>
        </extensions>
      </trkpt>
      <trkpt lat="30.476263053223345" lon="104.01649181231258">
        <ele>481.9031514637172</ele>
        <time>1970-01-01T00:07:18Z</time>
        <extensions>
          <gpxtpx:TrackPointExtension>
            <gpxtpx:hr>178</gpxtpx:hr>
          </gpxtpx:TrackPointExtension>
        </extensions>
      </trkpt>
      <trkpt lat="30.476242905883602" lon="104.01651795404997">
        <ele>481.93566390592605</ele>
        <time>1970-01-01T00:07:19Z</time>
        <extensions>
          <gpxtpx:TrackPointExtension>
            <gpxtpx:hr>178</gpxtpx:hr>
          </gpxtpx:TrackPointExtension>
        </extensions>
      </trkpt>
      <trkpt lat="30.476223849228987" lon="104.01654557213615">
        <ele>481.97106632683426</ele>
        <time>1970-01-01T00:07:20Z</time>
        <extensions>
          <gpxtpx:TrackPointExtension>
            <gpxtpx:hr>178</gpxtpx:hr>
          </gpxtpx:TrackPointExtension>
        </extensions>
      </trkpt>
      <trkpt lat="30.47620459496824" lon="104.01657386340044">
        <ele>482.008682818152</ele>
        <time>1970-01-01T00:07:21Z</time>
        <extensions>
          <gpxtpx:TrackPointExtension>
            <gpxtpx:hr>178</gpxtpx:hr>
          </gpxtpx:TrackPointExtension>
        </extensions>
      </trkpt>
      <trkpt lat="30.476184219909204" lon="104.01660186468368">
        <ele>482.0480408873409</ele>
        <time>1970-01-01T00:07:22Z</time>
        <extensions>
          <gpxtpx:TrackPointExtension>
            <gpxtpx:hr>178</gpxtpx:hr>
          </gpxtpx:TrackPointExtension>
        </extensions>
      </trkpt>
      <trkpt lat="30.4761633470598" lon="104.01662903503258">
        <ele>482.0884079998359</ele>
        <time>1970-01-01T00:07:23Z</time>
        <extensions>
          <gpxtpx:TrackPointExtension>
            <gpxtpx:hr>178</gpxtpx:hr>
          </gpxtpx:TrackPointExtension>
        </extensions>
      </trkpt>
      <trkpt lat="30.476142314426916" lon="104.0166563375751">
        <ele>482.12893745675683</ele>
        <time>1970-01-01T00:07:24Z</time>
        <extensions>
          <gpxtpx:TrackPointExtension>
            <gpxtpx:hr>178</gpxtpx:hr>
          </gpxtpx:TrackPointExtension>
        </extensions>
      </trkpt>
      <trkpt lat="30.476120804867726" lon="104.01668420672439">
        <ele>482.16844851896167</ele>
        <time>1970-01-01T00:07:25Z</time>
        <extensions>
          <gpxtpx:TrackPointExtension>
            <gpxtpx:hr>178</gpxtpx:hr>
          </gpxtpx:TrackPointExtension>
        </extensions>
      </trkpt>
      <trkpt lat="30.4760987297041" lon="104.01671239925864">
        <ele>482.2053856803104</ele>
        <time>1970-01-01T00:07:26Z</time>
        <extensions>
          <gpxtpx:TrackPointExtension>
            <gpxtpx:hr>178</gpxtpx:hr>
          </gpxtpx:TrackPointExtension>
        </extensions>
      </trkpt>
      <trkpt lat="30.476076642248465" lon="104.01674076133871">
        <ele>482.23798083979636</ele>
        <time>1970-01-01T00:07:27Z</time>
        <extensions>
          <gpxtpx:TrackPointExtension>
            <gpxtpx:hr>178</gpxtpx:hr>
          </gpxtpx:TrackPointExtension>
        </extensions>
      </trkpt>
      <trkpt lat="30.476054906533726" lon="104.01676846288555">
        <ele>482.26459544245154</ele>
        <time>1970-01-01T00:07:28Z</time>
        <extensions>
          <gpxtpx:TrackPointExtension>
            <gpxtpx:hr>178</gpxtpx:hr>
          </gpxtpx:TrackPointExtension>
        </extensions>
      </trkpt>
      <trkpt lat="30.476033097743638" lon="104.01679556176603">
        <ele>482.2838662508875</ele>
        <time>1970-01-01T00:07:29Z</time>
        <extensions>
          <gpxtpx:TrackPointExtension>
            <gpxtpx:hr>178</gpxtpx:hr>
          </gpxtpx:TrackPointExtension>
        </extensions>
      </trkpt>
      <trkpt lat="30.476011843154684" lon="104.01682274082502">
        <ele>482.29501595068723</ele>
        <time>1970-01-01T00:07:30Z</time>
        <extensions>
          <gpxtpx:TrackPointExtension>
            <gpxtpx:hr>178</gpxtpx:hr>
          </gpxtpx:TrackPointExtension>
        </extensions>
      </trkpt>
      <trkpt lat="30.475991645360804" lon="104.01685116517005">
        <ele>482.29801343474537</ele>
        <time>1970-01-01T00:07:31Z</time>
        <extensions>
          <gpxtpx:TrackPointExtension>
            <gpxtpx:hr>178</gpxtpx:hr>
          </gpxtpx:TrackPointExtension>
        </extensions>
      </trkpt>
      <trkpt lat="30.475972571386947" lon="104.01688046475937">
        <ele>482.29325669817626</ele>
        <time>1970-01-01T00:07:32Z</time>
        <extensions>
          <gpxtpx:TrackPointExtension>
            <gpxtpx:hr>178</gpxtpx:hr>
          </gpxtpx:TrackPointExtension>
        </extensions>
      </trkpt>
      <trkpt lat="30.475954593518043" lon="104.01691061406989">
        <ele>482.2819088557735</ele>
        <time>1970-01-01T00:07:33Z</time>
        <extensions>
          <gpxtpx:TrackPointExtension>
            <gpxtpx:hr>178</gpxtpx:hr>
          </gpxtpx:TrackPointExtension>
        </extensions>
      </trkpt>
      <trkpt lat="30.475937302590733" lon="104.01694141604867">
        <ele>482.2656077211723</ele>
        <time>1970-01-01T00:07:34Z</time>
        <extensions>
          <gpxtpx:TrackPointExtension>
            <gpxtpx:hr>178</gpxtpx:hr>
          </gpxtpx:TrackPointExtension>
        </extensions>
      </trkpt>
      <trkpt lat="30.475920481966202" lon="104.01697241379843">
        <ele>482.24628585670143</ele>
        <time>1970-01-01T00:07:35Z</time>
        <extensions>
          <gpxtpx:TrackPointExtension>
            <gpxtpx:hr>178</gpxtpx:hr>
          </gpxtpx:TrackPointExtension>
        </extensions>
      </trkpt>
      <trkpt lat="30.475904743785186" lon="104.01700327621896">
        <ele>482.22582238167524</ele>
        <time>1970-01-01T00:07:36Z</time>
        <extensions>
          <gpxtpx:TrackPointExtension>
            <gpxtpx:hr>178</gpxtpx:hr>
          </gpxtpx:TrackPointExtension>
        </extensions>
      </trkpt>
      <trkpt lat="30.475890105018404" lon="104.0170349577173">
        <ele>482.20608703047037</ele>
        <time>1970-01-01T00:07:37Z</time>
        <extensions>
          <gpxtpx:TrackPointExtension>
            <gpxtpx:hr>178</gpxtpx:hr>
          </gpxtpx:TrackPointExtension>
        </extensions>
      </trkpt>
      <trkpt lat="30.47587572159041" lon="104.01706783903677">
        <ele>482.1885626995936</ele>
        <time>1970-01-01T00:07:38Z</time>
        <extensions>
          <gpxtpx:TrackPointExtension>
            <gpxtpx:hr>178</gpxtpx:hr>
          </gpxtpx:TrackPointExtension>
        </extensions>
      </trkpt>
      <trkpt lat="30.475861013917875" lon="104.01710111496746">
        <ele>482.17428305372596</ele>
        <time>1970-01-01T00:07:39Z</time>
        <extensions>
          <gpxtpx:TrackPointExtension>
            <gpxtpx:hr>178</gpxtpx:hr>
          </gpxtpx:TrackPointExtension>
        </extensions>
      </trkpt>
      <trkpt lat="30.475845800401007" lon="104.01713398038935">
        <ele>482.1637940676883</ele>
        <time>1970-01-01T00:07:40Z</time>
        <extensions>
          <gpxtpx:TrackPointExtension>
            <gpxtpx:hr>178</gpxtpx:hr>
          </gpxtpx:TrackPointExtension>
        </extensions>
      </trkpt>
      <trkpt lat="30.475829880223195" lon="104.01716570540444">
        <ele>482.157198920846</ele>
        <time>1970-01-01T00:07:41Z</time>
        <extensions>
          <gpxtpx:TrackPointExtension>
            <gpxtpx:hr>178</gpxtpx:hr>
          </gpxtpx:TrackPointExtension>
        </extensions>
      </trkpt>
      <trkpt lat="30.475812883523197" lon="104.01719668279507">
        <ele>482.15400812774897</ele>
        <time>1970-01-01T00:07:42Z</time>
        <extensions>
          <gpxtpx:TrackPointExtension>
            <gpxtpx:hr>178</gpxtpx:hr>
          </gpxtpx:TrackPointExtension>
        </extensions>
      </trkpt>
      <trkpt lat="30.475795378561042" lon="104.01722697356607">
        <ele>482.1532124374062</ele>
        <time>1970-01-01T00:07:43Z</time>
        <extensions>
          <gpxtpx:TrackPointExtension>
            <gpxtpx:hr>178</gpxtpx:hr>
          </gpxtpx:TrackPointExtension>
        </extensions>
      </trkpt>
      <trkpt lat="30.47577814093756" lon="104.0172571099129">
        <ele>482.1535483589396</ele>
        <time>1970-01-01T00:07:44Z</time>
        <extensions>
          <gpxtpx:TrackPointExtension>
            <gpxtpx:hr>178</gpxtpx:hr>
          </gpxtpx:TrackPointExtension>
        </extensions>
      </trkpt>
      <trkpt lat="30.475761515949362" lon="104.01728670975676">
        <ele>482.1538899503648</ele>
        <time>1970-01-01T00:07:45Z</time>
        <extensions>
          <gpxtpx:TrackPointExtension>
            <gpxtpx:hr>178</gpxtpx:hr>
          </gpxtpx:TrackPointExtension>
        </extensions>
      </trkpt>
      <trkpt lat="30.47574480474849" lon="104.01731587330657">
        <ele>482.1533403210342</ele>
        <time>1970-01-01T00:07:46Z</time>
        <extensions>
          <gpxtpx:TrackPointExtension>
            <gpxtpx:hr>178</gpxtpx:hr>
          </gpxtpx:TrackPointExtension>
        </extensions>
      </trkpt>
      <trkpt lat="30.47572719627773" lon="104.01734497930093">
        <ele>482.1514167711139</ele>
        <time>1970-01-01T00:07:47Z</time>
        <extensions>
          <gpxtpx:TrackPointExtension>
            <gpxtpx:hr>178</gpxtpx:hr>
          </gpxtpx:TrackPointExtension>
        </extensions>
      </trkpt>
      <trkpt lat="30.475708300195784" lon="104.01737396747461">
        <ele>482.14807446021587</ele>
        <time>1970-01-01T00:07:48Z</time>
        <extensions>
          <gpxtpx:TrackPointExtension>
            <gpxtpx:hr>178</gpxtpx:hr>
          </gpxtpx:TrackPointExtension>
        </extensions>
      </trkpt>
      <trkpt lat="30.47568809816838" lon="104.01740146301388">
        <ele>482.1436291728169</ele>
        <time>1970-01-01T00:07:49Z</time>
        <extensions>
          <gpxtpx:TrackPointExtension>
            <gpxtpx:hr>178</gpxtpx:hr>
          </gpxtpx:TrackPointExtension>
        </extensions>
      </trkpt>
      <trkpt lat="30.475666817686058" lon="104.01742630533968">
        <ele>482.1384620061144</ele>
        <time>1970-01-01T00:07:50Z</time>
        <extensions>
          <gpxtpx:TrackPointExtension>
            <gpxtpx:hr>178</gpxtpx:hr>
          </gpxtpx:TrackPointExtension>
        </extensions>
      </trkpt>
      <trkpt lat="30.47564475117395" lon="104.01744934970961">
        <ele>482.1329503208399</ele>
        <time>1970-01-01T00:07:51Z</time>
        <extensions>
          <gpxtpx:TrackPointExtension>
            <gpxtpx:hr>178</gpxtpx:hr>
          </gpxtpx:TrackPointExtension>
        </extensions>
      </trkpt>
      <trkpt lat="30.475621914213637" lon="104.01747178271809">
        <ele>482.12735382374376</ele>
        <time>1970-01-01T00:07:52Z</time>
        <extensions>
          <gpxtpx:TrackPointExtension>
            <gpxtpx:hr>178</gpxtpx:hr>
          </gpxtpx:TrackPointExtension>
        </extensions>
      </trkpt>
      <trkpt lat="30.47559828639899" lon="104.01749425693444">
        <ele>482.12180230394006</ele>
        <time>1970-01-01T00:07:53Z</time>
        <extensions>
          <gpxtpx:TrackPointExtension>
            <gpxtpx:hr>178</gpxtpx:hr>
          </gpxtpx:TrackPointExtension>
        </extensions>
      </trkpt>
      <trkpt lat="30.475574848683355" lon="104.01751679809864">
        <ele>482.11642245482653</ele>
        <time>1970-01-01T00:07:54Z</time>
        <extensions>
          <gpxtpx:TrackPointExtension>
            <gpxtpx:hr>178</gpxtpx:hr>
          </gpxtpx:TrackPointExtension>
        </extensions>
      </trkpt>
      <trkpt lat="30.475551892755732" lon="104.01753965162897">
        <ele>482.11137558240443</ele>
        <time>1970-01-01T00:07:55Z</time>
        <extensions>
          <gpxtpx:TrackPointExtension>
            <gpxtpx:hr>178</gpxtpx:hr>
          </gpxtpx:TrackPointExtension>
        </extensions>
      </trkpt>
      <trkpt lat="30.475528741445757" lon="104.01756276361226">
        <ele>482.1069768425077</ele>
        <time>1970-01-01T00:07:56Z</time>
        <extensions>
          <gpxtpx:TrackPointExtension>
            <gpxtpx:hr>178</gpxtpx:hr>
          </gpxtpx:TrackPointExtension>
        </extensions>
      </trkpt>
      <trkpt lat="30.475504874028946" lon="104.01758628549463">
        <ele>482.103642096743</ele>
        <time>1970-01-01T00:07:57Z</time>
        <extensions>
          <gpxtpx:TrackPointExtension>
            <gpxtpx:hr>178</gpxtpx:hr>
          </gpxtpx:TrackPointExtension>
        </extensions>
      </trkpt>
      <trkpt lat="30.475481138197402" lon="104.01760958242308">
        <ele>482.1017665406689</ele>
        <time>1970-01-01T00:07:58Z</time>
        <extensions>
          <gpxtpx:TrackPointExtension>
            <gpxtpx:hr>178</gpxtpx:hr>
          </gpxtpx:TrackPointExtension>
        </extensions>
      </trkpt>
      <trkpt lat="30.475457976051512" lon="104.01763254074606">
        <ele>482.1017028875649</ele>
        <time>1970-01-01T00:07:59Z</time>
        <extensions>
          <gpxtpx:TrackPointExtension>
            <gpxtpx:hr>178</gpxtpx:hr>
          </gpxtpx:TrackPointExtension>
        </extensions>
      </trkpt>
      <trkpt lat="30.47543480744186" lon="104.0176550230253">
        <ele>482.103777452372</ele>
        <time>1970-01-01T00:08:00Z</time>
        <extensions>
          <gpxtpx:TrackPointExtension>
            <gpxtpx:hr>178</gpxtpx:hr>
          </gpxtpx:TrackPointExtension>
        </extensions>
      </trkpt>
      <trkpt lat="30.475410919800144" lon="104.01767793825397">
        <ele>482.10811022110283</ele>
        <time>1970-01-01T00:08:01Z</time>
        <extensions>
          <gpxtpx:TrackPointExtension>
            <gpxtpx:hr>178</gpxtpx:hr>
          </gpxtpx:TrackPointExtension>
        </extensions>
      </trkpt>
      <trkpt lat="30.475387055721257" lon="104.01770217448767">
        <ele>482.1145685389638</ele>
        <time>1970-01-01T00:08:02Z</time>
        <extensions>
          <gpxtpx:TrackPointExtension>
            <gpxtpx:hr>178</gpxtpx:hr>
          </gpxtpx:TrackPointExtension>
        </extensions>
      </trkpt>
      <trkpt lat="30.475364138827462" lon="104.01772752010177">
        <ele>482.12285885121673</ele>
        <time>1970-01-01T00:08:03Z</time>
        <extensions>
          <gpxtpx:TrackPointExtension>
            <gpxtpx:hr>178</gpxtpx:hr>
          </gpxtpx:TrackPointExtension>
        </extensions>
      </trkpt>
      <trkpt lat="30.475342292248925" lon="104.01775425359413">
        <ele>482.1326254941523</ele>
        <time>1970-01-01T00:08:04Z</time>
        <extensions>
          <gpxtpx:TrackPointExtension>
            <gpxtpx:hr>178</gpxtpx:hr>
          </gpxtpx:TrackPointExtension>
        </extensions>
      </trkpt>
      <trkpt lat="30.475322898266377" lon="104.01778302989612">
        <ele>482.14334664307535</ele>
        <time>1970-01-01T00:08:05Z</time>
        <extensions>
          <gpxtpx:TrackPointExtension>
            <gpxtpx:hr>178</gpxtpx:hr>
          </gpxtpx:TrackPointExtension>
        </extensions>
      </trkpt>
      <trkpt lat="30.475306735113097" lon="104.0178146890973">
        <ele>482.15443445555866</ele>
        <time>1970-01-01T00:08:06Z</time>
        <extensions>
          <gpxtpx:TrackPointExtension>
            <gpxtpx:hr>178</gpxtpx:hr>
          </gpxtpx:TrackPointExtension>
        </extensions>
      </trkpt>
      <trkpt lat="30.47529307816726" lon="104.0178481114408">
        <ele>482.16540310904384</ele>
        <time>1970-01-01T00:08:07Z</time>
        <extensions>
          <gpxtpx:TrackPointExtension>
            <gpxtpx:hr>178</gpxtpx:hr>
          </gpxtpx:TrackPointExtension>
        </extensions>
      </trkpt>
      <trkpt lat="30.47528094102062" lon="104.01788247017222">
        <ele>482.17583210393786</ele>
        <time>1970-01-01T00:08:08Z</time>
        <extensions>
          <gpxtpx:TrackPointExtension>
            <gpxtpx:hr>178</gpxtpx:hr>
          </gpxtpx:TrackPointExtension>
        </extensions>
      </trkpt>
      <trkpt lat="30.47526990598244" lon="104.01791755081868">
        <ele>482.1853059483692</ele>
        <time>1970-01-01T00:08:09Z</time>
        <extensions>
          <gpxtpx:TrackPointExtension>
            <gpxtpx:hr>178</gpxtpx:hr>
          </gpxtpx:TrackPointExtension>
        </extensions>
      </trkpt>
      <trkpt lat="30.475259347083206" lon="104.0179535593194">
        <ele>482.19364354386926</ele>
        <time>1970-01-01T00:08:10Z</time>
        <extensions>
          <gpxtpx:TrackPointExtension>
            <gpxtpx:hr>178</gpxtpx:hr>
          </gpxtpx:TrackPointExtension>
        </extensions>
      </trkpt>
      <trkpt lat="30.47524794560442" lon="104.01798965294707">
        <ele>482.2010467033833</ele>
        <time>1970-01-01T00:08:11Z</time>
        <extensions>
          <gpxtpx:TrackPointExtension>
            <gpxtpx:hr>178</gpxtpx:hr>
          </gpxtpx:TrackPointExtension>
        </extensions>
      </trkpt>
      <trkpt lat="30.47523588287025" lon="104.01802488969216">
        <ele>482.2080370532349</ele>
        <time>1970-01-01T00:08:12Z</time>
        <extensions>
          <gpxtpx:TrackPointExtension>
            <gpxtpx:hr>178</gpxtpx:hr>
          </gpxtpx:TrackPointExtension>
        </extensions>
      </trkpt>
      <trkpt lat="30.475224883812068" lon="104.01805937257213">
        <ele>482.21529994066805</ele>
        <time>1970-01-01T00:08:13Z</time>
        <extensions>
          <gpxtpx:TrackPointExtension>
            <gpxtpx:hr>178</gpxtpx:hr>
          </gpxtpx:TrackPointExtension>
        </extensions>
      </trkpt>
      <trkpt lat="30.475215634395465" lon="104.01809355597831">
        <ele>482.2233773134649</ele>
        <time>1970-01-01T00:08:14Z</time>
        <extensions>
          <gpxtpx:TrackPointExtension>
            <gpxtpx:hr>178</gpxtpx:hr>
          </gpxtpx:TrackPointExtension>
        </extensions>
      </trkpt>
      <trkpt lat="30.475207796219504" lon="104.01812759528512">
        <ele>482.2325194766745</ele>
        <time>1970-01-01T00:08:15Z</time>
        <extensions>
          <gpxtpx:TrackPointExtension>
            <gpxtpx:hr>178</gpxtpx:hr>
          </gpxtpx:TrackPointExtension>
        </extensions>
      </trkpt>
      <trkpt lat="30.4752018846598" lon="104.01816089823427">
        <ele>482.2425560057163</ele>
        <time>1970-01-01T00:08:16Z</time>
        <extensions>
          <gpxtpx:TrackPointExtension>
            <gpxtpx:hr>178</gpxtpx:hr>
          </gpxtpx:TrackPointExtension>
        </extensions>
      </trkpt>
      <trkpt lat="30.475199137326307" lon="104.01819394134847">
        <ele>482.2531970143318</ele>
        <time>1970-01-01T00:08:17Z</time>
        <extensions>
          <gpxtpx:TrackPointExtension>
            <gpxtpx:hr>178</gpxtpx:hr>
          </gpxtpx:TrackPointExtension>
        </extensions>
      </trkpt>
      <trkpt lat="30.47520017897294" lon="104.01822737241613">
        <ele>482.26410237699747</ele>
        <time>1970-01-01T00:08:18Z</time>
        <extensions>
          <gpxtpx:TrackPointExtension>
            <gpxtpx:hr>178</gpxtpx:hr>
          </gpxtpx:TrackPointExtension>
        </extensions>
      </trkpt>
      <trkpt lat="30.475205081925317" lon="104.01826233551463">
        <ele>482.2749213511124</ele>
        <time>1970-01-01T00:08:19Z</time>
        <extensions>
          <gpxtpx:TrackPointExtension>
            <gpxtpx:hr>178</gpxtpx:hr>
          </gpxtpx:TrackPointExtension>
        </extensions>
      </trkpt>
      <trkpt lat="30.475213165120756" lon="104.01829771849147">
        <ele>482.28532749414444</ele>
        <time>1970-01-01T00:08:20Z</time>
        <extensions>
          <gpxtpx:TrackPointExtension>
            <gpxtpx:hr>178</gpxtpx:hr>
          </gpxtpx:TrackPointExtension>
        </extensions>
      </trkpt>
      <trkpt lat="30.47522346243324" lon="104.01833267940822">
        <ele>482.29522351454943</ele>
        <time>1970-01-01T00:08:21Z</time>
        <extensions>
          <gpxtpx:TrackPointExtension>
            <gpxtpx:hr>178</gpxtpx:hr>
          </gpxtpx:TrackPointExtension>
        </extensions>
      </trkpt>
      <trkpt lat="30.475234813774833" lon="104.01836725872955">
        <ele>482.3044212311506</ele>
        <time>1970-01-01T00:08:22Z</time>
        <extensions>
          <gpxtpx:TrackPointExtension>
            <gpxtpx:hr>178</gpxtpx:hr>
          </gpxtpx:TrackPointExtension>
        </extensions>
      </trkpt>
      <trkpt lat="30.47524692093629" lon="104.01840072959155">
        <ele>482.31277821492404</ele>
        <time>1970-01-01T00:08:23Z</time>
        <extensions>
          <gpxtpx:TrackPointExtension>
            <gpxtpx:hr>178</gpxtpx:hr>
          </gpxtpx:TrackPointExtension>
        </extensions>
      </trkpt>
      <trkpt lat="30.475259996126738" lon="104.01843354140945">
        <ele>482.32021273858845</ele>
        <time>1970-01-01T00:08:24Z</time>
        <extensions>
          <gpxtpx:TrackPointExtension>
            <gpxtpx:hr>178</gpxtpx:hr>
          </gpxtpx:TrackPointExtension>
        </extensions>
      </trkpt>
      <trkpt lat="30.475273738232566" lon="104.01846668404662">
        <ele>482.3266757633537</ele>
        <time>1970-01-01T00:08:25Z</time>
        <extensions>
          <gpxtpx:TrackPointExtension>
            <gpxtpx:hr>178</gpxtpx:hr>
          </gpxtpx:TrackPointExtension>
        </extensions>
      </trkpt>
      <trkpt lat="30.475287568601907" lon="104.01850054997891">
        <ele>482.3318925658241</ele>
        <time>1970-01-01T00:08:26Z</time>
        <extensions>
          <gpxtpx:TrackPointExtension>
            <gpxtpx:hr>178</gpxtpx:hr>
          </gpxtpx:TrackPointExtension>
        </extensions>
      </trkpt>
      <trkpt lat="30.475300742960172" lon="104.01853457262398">
        <ele>482.3353633331135</ele>
        <time>1970-01-01T00:08:27Z</time>
        <extensions>
          <gpxtpx:TrackPointExtension>
            <gpxtpx:hr>178</gpxtpx:hr>
          </gpxtpx:TrackPointExtension>
        </extensions>
      </trkpt>
      <trkpt lat="30.47531316094668" lon="104.01856873508501">
        <ele>482.33652567956597</ele>
        <time>1970-01-01T00:08:28Z</time>
        <extensions>
          <gpxtpx:TrackPointExtension>
            <gpxtpx:hr>178</gpxtpx:hr>
          </gpxtpx:TrackPointExtension>
        </extensions>
      </trkpt>
      <trkpt lat="30.475324832124716" lon="104.01860250930038">
        <ele>482.33502635359764</ele>
        <time>1970-01-01T00:08:29Z</time>
        <extensions>
          <gpxtpx:TrackPointExtension>
            <gpxtpx:hr>178</gpxtpx:hr>
          </gpxtpx:TrackPointExtension>
        </extensions>
      </trkpt>
      <trkpt lat="30.47533595790057" lon="104.01863594191961">
        <ele>482.3310087826103</ele>
        <time>1970-01-01T00:08:30Z</time>
        <extensions>
          <gpxtpx:TrackPointExtension>
            <gpxtpx:hr>178</gpxtpx:hr>
          </gpxtpx:TrackPointExtension>
        </extensions>
      </trkpt>
      <trkpt lat="30.475346008487087" lon="104.01866932827033">
        <ele>482.3249881034717</ele>
        <time>1970-01-01T00:08:31Z</time>
        <extensions>
          <gpxtpx:TrackPointExtension>
            <gpxtpx:hr>178</gpxtpx:hr>
          </gpxtpx:TrackPointExtension>
        </extensions>
      </trkpt>
      <trkpt lat="30.475355316761682" lon="104.01870247385757">
        <ele>482.3178259106353</ele>
        <time>1970-01-01T00:08:32Z</time>
        <extensions>
          <gpxtpx:TrackPointExtension>
            <gpxtpx:hr>176</gpxtpx:hr>
          </gpxtpx:TrackPointExtension>
        </extensions>
      </trkpt>
      <trkpt lat="30.475365019667265" lon="104.01873550922686">
        <ele>482.3105501225218</ele>
        <time>1970-01-01T00:08:33Z</time>
        <extensions>
          <gpxtpx:TrackPointExtension>
            <gpxtpx:hr>176</gpxtpx:hr>
          </gpxtpx:TrackPointExtension>
        </extensions>
      </trkpt>
      <trkpt lat="30.47537509860313" lon="104.01876903789962">
        <ele>482.3041741186753</ele>
        <time>1970-01-01T00:08:34Z</time>
        <extensions>
          <gpxtpx:TrackPointExtension>
            <gpxtpx:hr>176</gpxtpx:hr>
          </gpxtpx:TrackPointExtension>
        </extensions>
      </trkpt>
      <trkpt lat="30.475384644317742" lon="104.01880348943664">
        <ele>482.2993075372651</ele>
        <time>1970-01-01T00:08:35Z</time>
        <extensions>
          <gpxtpx:TrackPointExtension>
            <gpxtpx:hr>176</gpxtpx:hr>
          </gpxtpx:TrackPointExtension>
        </extensions>
      </trkpt>
      <trkpt lat="30.475393074673715" lon="104.01883813554373">
        <ele>482.2963207960129</ele>
        <time>1970-01-01T00:08:36Z</time>
        <extensions>
          <gpxtpx:TrackPointExtension>
            <gpxtpx:hr>176</gpxtpx:hr>
          </gpxtpx:TrackPointExtension>
        </extensions>
      </trkpt>
      <trkpt lat="30.475401053350712" lon="104.01887276791206">
        <ele>482.2954474100843</ele>
        <time>1970-01-01T00:08:37Z</time>
        <extensions>
          <gpxtpx:TrackPointExtension>
            <gpxtpx:hr>176</gpxtpx:hr>
          </gpxtpx:TrackPointExtension>
        </extensions>
      </trkpt>
      <trkpt lat="30.47540874530404" lon="104.01890697133987">
        <ele>482.2967711435631</ele>
        <time>1970-01-01T00:08:38Z</time>
        <extensions>
          <gpxtpx:TrackPointExtension>
            <gpxtpx:hr>176</gpxtpx:hr>
          </gpxtpx:TrackPointExtension>
        </extensions>
      </trkpt>
      <trkpt lat="30.475416428595924" lon="104.01894154467199">
        <ele>482.3001016676426</ele>
        <time>1970-01-01T00:08:39Z</time>
        <extensions>
          <gpxtpx:TrackPointExtension>
            <gpxtpx:hr>177</gpxtpx:hr>
          </gpxtpx:TrackPointExtension>
        </extensions>
      </trkpt>
      <trkpt lat="30.47542389033715" lon="104.01897666431162">
        <ele>482.3049952154979</ele>
        <time>1970-01-01T00:08:40Z</time>
        <extensions>
          <gpxtpx:TrackPointExtension>
            <gpxtpx:hr>177</gpxtpx:hr>
          </gpxtpx:TrackPointExtension>
        </extensions>
      </trkpt>
      <trkpt lat="30.475431254144354" lon="104.01901115930585">
        <ele>482.31088699027896</ele>
        <time>1970-01-01T00:08:41Z</time>
        <extensions>
          <gpxtpx:TrackPointExtension>
            <gpxtpx:hr>177</gpxtpx:hr>
          </gpxtpx:TrackPointExtension>
        </extensions>
      </trkpt>
      <trkpt lat="30.475439540848217" lon="104.0190451642732">
        <ele>482.3171681994572</ele>
        <time>1970-01-01T00:08:42Z</time>
        <extensions>
          <gpxtpx:TrackPointExtension>
            <gpxtpx:hr>177</gpxtpx:hr>
          </gpxtpx:TrackPointExtension>
        </extensions>
      </trkpt>
      <trkpt lat="30.47544933398046" lon="104.01907977928899">
        <ele>482.32324570510536</ele>
        <time>1970-01-01T00:08:43Z</time>
        <extensions>
          <gpxtpx:TrackPointExtension>
            <gpxtpx:hr>177</gpxtpx:hr>
          </gpxtpx:TrackPointExtension>
        </extensions>
      </trkpt>
      <trkpt lat="30.475459975871292" lon="104.01911480898802">
        <ele>482.3287835055962</ele>
        <time>1970-01-01T00:08:44Z</time>
        <extensions>
          <gpxtpx:TrackPointExtension>
            <gpxtpx:hr>177</gpxtpx:hr>
          </gpxtpx:TrackPointExtension>
        </extensions>
      </trkpt>
      <trkpt lat="30.47547093144288" lon="104.0191483323477">
        <ele>482.3337425077334</ele>
        <time>1970-01-01T00:08:45Z</time>
        <extensions>
          <gpxtpx:TrackPointExtension>
            <gpxtpx:hr>177</gpxtpx:hr>
          </gpxtpx:TrackPointExtension>
        </extensions>
      </trkpt>
      <trkpt lat="30.475483472824674" lon="104.01918035060022">
        <ele>482.3381764050573</ele>
        <time>1970-01-01T00:08:46Z</time>
        <extensions>
          <gpxtpx:TrackPointExtension>
            <gpxtpx:hr>177</gpxtpx:hr>
          </gpxtpx:TrackPointExtension>
        </extensions>
      </trkpt>
      <trkpt lat="30.475498486249855" lon="104.01921169516972">
        <ele>482.34204981289804</ele>
        <time>1970-01-01T00:08:47Z</time>
        <extensions>
          <gpxtpx:TrackPointExtension>
            <gpxtpx:hr>177</gpxtpx:hr>
          </gpxtpx:TrackPointExtension>
        </extensions>
      </trkpt>
      <trkpt lat="30.47551597514456" lon="104.01924237833023">
        <ele>482.3453731192276</ele>
        <time>1970-01-01T00:08:48Z</time>
        <extensions>
          <gpxtpx:TrackPointExtension>
            <gpxtpx:hr>177</gpxtpx:hr>
          </gpxtpx:TrackPointExtension>
        </extensions>
      </trkpt>
      <trkpt lat="30.475534823054907" lon="104.019271625355">
        <ele>482.3480475936085</ele>
        <time>1970-01-01T00:08:49Z</time>
        <extensions>
          <gpxtpx:TrackPointExtension>
            <gpxtpx:hr>178</gpxtpx:hr>
          </gpxtpx:TrackPointExtension>
        </extensions>
      </trkpt>
      <trkpt lat="30.475554985549223" lon="104.01929949122021">
        <ele>482.35000180639327</ele>
        <time>1970-01-01T00:08:50Z</time>
        <extensions>
          <gpxtpx:TrackPointExtension>
            <gpxtpx:hr>178</gpxtpx:hr>
          </gpxtpx:TrackPointExtension>
        </extensions>
      </trkpt>
      <trkpt lat="30.475575867832887" lon="104.01932687458692">
        <ele>482.35132783837616</ele>
        <time>1970-01-01T00:08:51Z</time>
        <extensions>
          <gpxtpx:TrackPointExtension>
            <gpxtpx:hr>178</gpxtpx:hr>
          </gpxtpx:TrackPointExtension>
        </extensions>
      </trkpt>
      <trkpt lat="30.47559595537215" lon="104.0193535139518">
        <ele>482.35245621949434</ele>
        <time>1970-01-01T00:08:52Z</time>
        <extensions>
          <gpxtpx:TrackPointExtension>
            <gpxtpx:hr>178</gpxtpx:hr>
          </gpxtpx:TrackPointExtension>
        </extensions>
      </trkpt>
      <trkpt lat="30.475615352570035" lon="104.0193791260732">
        <ele>482.3537194458768</ele>
        <time>1970-01-01T00:08:53Z</time>
        <extensions>
          <gpxtpx:TrackPointExtension>
            <gpxtpx:hr>178</gpxtpx:hr>
          </gpxtpx:TrackPointExtension>
        </extensions>
      </trkpt>
      <trkpt lat="30.475635088122278" lon="104.01940451764509">
        <ele>482.3556615803391</ele>
        <time>1970-01-01T00:08:54Z</time>
        <extensions>
          <gpxtpx:TrackPointExtension>
            <gpxtpx:hr>178</gpxtpx:hr>
          </gpxtpx:TrackPointExtension>
        </extensions>
      </trkpt>
      <trkpt lat="30.47565569310114" lon="104.01943053846078">
        <ele>482.35865973494947</ele>
        <time>1970-01-01T00:08:55Z</time>
        <extensions>
          <gpxtpx:TrackPointExtension>
            <gpxtpx:hr>178</gpxtpx:hr>
          </gpxtpx:TrackPointExtension>
        </extensions>
      </trkpt>
      <trkpt lat="30.475676767053162" lon="104.019456430876">
        <ele>482.36272176820785</ele>
        <time>1970-01-01T00:08:56Z</time>
        <extensions>
          <gpxtpx:TrackPointExtension>
            <gpxtpx:hr>178</gpxtpx:hr>
          </gpxtpx:TrackPointExtension>
        </extensions>
      </trkpt>
      <trkpt lat="30.475698967843986" lon="104.0194808210783">
        <ele>482.3673940002918</ele>
        <time>1970-01-01T00:08:57Z</time>
        <extensions>
          <gpxtpx:TrackPointExtension>
            <gpxtpx:hr>178</gpxtpx:hr>
          </gpxtpx:TrackPointExtension>
        </extensions>
      </trkpt>
      <trkpt lat="30.475722893098126" lon="104.01950335749338">
        <ele>482.37182598467916</ele>
        <time>1970-01-01T00:08:58Z</time>
        <extensions>
          <gpxtpx:TrackPointExtension>
            <gpxtpx:hr>178</gpxtpx:hr>
          </gpxtpx:TrackPointExtension>
        </extensions>
      </trkpt>
      <trkpt lat="30.475749056188036" lon="104.01952324083845">
        <ele>482.37476534582675</ele>
        <time>1970-01-01T00:08:59Z</time>
        <extensions>
          <gpxtpx:TrackPointExtension>
            <gpxtpx:hr>178</gpxtpx:hr>
          </gpxtpx:TrackPointExtension>
        </extensions>
      </trkpt>
      <trkpt lat="30.475777491432453" lon="104.01954007211269">
        <ele>482.3747780723497</ele>
        <time>1970-01-01T00:09:00Z</time>
        <extensions>
          <gpxtpx:TrackPointExtension>
            <gpxtpx:hr>178</gpxtpx:hr>
          </gpxtpx:TrackPointExtension>
        </extensions>
      </trkpt>
      <trkpt lat="30.475807277433052" lon="104.01955440821179">
        <ele>482.3705288860947</ele>
        <time>1970-01-01T00:09:01Z</time>
        <extensions>
          <gpxtpx:TrackPointExtension>
            <gpxtpx:hr>178</gpxtpx:hr>
          </gpxtpx:TrackPointExtension>
        </extensions>
      </trkpt>
      <trkpt lat="30.47583699252588" lon="104.01956533626586">
        <ele>482.3610423337668</ele>
        <time>1970-01-01T00:09:02Z</time>
        <extensions>
          <gpxtpx:TrackPointExtension>
            <gpxtpx:hr>178</gpxtpx:hr>
          </gpxtpx:TrackPointExtension>
        </extensions>
      </trkpt>
      <trkpt lat="30.475866917356576" lon="104.01957219057459">
        <ele>482.34597094357014</ele>
        <time>1970-01-01T00:09:03Z</time>
        <extensions>
          <gpxtpx:TrackPointExtension>
            <gpxtpx:hr>178</gpxtpx:hr>
          </gpxtpx:TrackPointExtension>
        </extensions>
      </trkpt>
      <trkpt lat="30.475897585490245" lon="104.01957615777124">
        <ele>482.325563069433</ele>
        <time>1970-01-01T00:09:04Z</time>
        <extensions>
          <gpxtpx:TrackPointExtension>
            <gpxtpx:hr>178</gpxtpx:hr>
          </gpxtpx:TrackPointExtension>
        </extensions>
      </trkpt>
      <trkpt lat="30.475928541697005" lon="104.01957887561427">
        <ele>482.3005969505757</ele>
        <time>1970-01-01T00:09:05Z</time>
        <extensions>
          <gpxtpx:TrackPointExtension>
            <gpxtpx:hr>178</gpxtpx:hr>
          </gpxtpx:TrackPointExtension>
        </extensions>
      </trkpt>
      <trkpt lat="30.475958795274483" lon="104.01958096586034">
        <ele>482.2723270356655</ele>
        <time>1970-01-01T00:09:06Z</time>
        <extensions>
          <gpxtpx:TrackPointExtension>
            <gpxtpx:hr>178</gpxtpx:hr>
          </gpxtpx:TrackPointExtension>
        </extensions>
      </trkpt>
      <trkpt lat="30.475988515956203" lon="104.019581993531">
        <ele>482.2420650245622</ele>
        <time>1970-01-01T00:09:07Z</time>
        <extensions>
          <gpxtpx:TrackPointExtension>
            <gpxtpx:hr>178</gpxtpx:hr>
          </gpxtpx:TrackPointExtension>
        </extensions>
      </trkpt>
      <trkpt lat="30.47601817355258" lon="104.01958269923692">
        <ele>482.2110646869987</ele>
        <time>1970-01-01T00:09:08Z</time>
        <extensions>
          <gpxtpx:TrackPointExtension>
            <gpxtpx:hr>178</gpxtpx:hr>
          </gpxtpx:TrackPointExtension>
        </extensions>
      </trkpt>
      <trkpt lat="30.476048351015955" lon="104.01958469591068">
        <ele>482.1804193276912</ele>
        <time>1970-01-01T00:09:09Z</time>
        <extensions>
          <gpxtpx:TrackPointExtension>
            <gpxtpx:hr>177</gpxtpx:hr>
          </gpxtpx:TrackPointExtension>
        </extensions>
      </trkpt>
      <trkpt lat="30.476079183977845" lon="104.01958898207573">
        <ele>482.15104212705046</ele>
        <time>1970-01-01T00:09:10Z</time>
        <extensions>
          <gpxtpx:TrackPointExtension>
            <gpxtpx:hr>177</gpxtpx:hr>
          </gpxtpx:TrackPointExtension>
        </extensions>
      </trkpt>
      <trkpt lat="30.476110254974152" lon="104.01959524185547">
        <ele>482.1235381439328</ele>
        <time>1970-01-01T00:09:11Z</time>
        <extensions>
          <gpxtpx:TrackPointExtension>
            <gpxtpx:hr>177</gpxtpx:hr>
          </gpxtpx:TrackPointExtension>
        </extensions>
      </trkpt>
      <trkpt lat="30.476141132980526" lon="104.01960227491514">
        <ele>482.09831433184445</ele>
        <time>1970-01-01T00:09:12Z</time>
        <extensions>
          <gpxtpx:TrackPointExtension>
            <gpxtpx:hr>177</gpxtpx:hr>
          </gpxtpx:TrackPointExtension>
        </extensions>
      </trkpt>
      <trkpt lat="30.47617111270198" lon="104.01960900197275">
        <ele>482.0756744313985</ele>
        <time>1970-01-01T00:09:13Z</time>
        <extensions>
          <gpxtpx:TrackPointExtension>
            <gpxtpx:hr>178</gpxtpx:hr>
          </gpxtpx:TrackPointExtension>
        </extensions>
      </trkpt>
      <trkpt lat="30.47620086137226" lon="104.01961497167785">
        <ele>482.05580917559564</ele>
        <time>1970-01-01T00:09:14Z</time>
        <extensions>
          <gpxtpx:TrackPointExtension>
            <gpxtpx:hr>178</gpxtpx:hr>
          </gpxtpx:TrackPointExtension>
        </extensions>
      </trkpt>
      <trkpt lat="30.476231169593184" lon="104.01962039719618">
        <ele>482.03869036212564</ele>
        <time>1970-01-01T00:09:15Z</time>
        <extensions>
          <gpxtpx:TrackPointExtension>
            <gpxtpx:hr>178</gpxtpx:hr>
          </gpxtpx:TrackPointExtension>
        </extensions>
      </trkpt>
      <trkpt lat="30.476262135786847" lon="104.01962505330995">
        <ele>482.02412955183536</ele>
        <time>1970-01-01T00:09:16Z</time>
        <extensions>
          <gpxtpx:TrackPointExtension>
            <gpxtpx:hr>178</gpxtpx:hr>
          </gpxtpx:TrackPointExtension>
        </extensions>
      </trkpt>
      <trkpt lat="30.476292729826014" lon="104.01962849028926">
        <ele>482.0117466598749</ele>
        <time>1970-01-01T00:09:17Z</time>
        <extensions>
          <gpxtpx:TrackPointExtension>
            <gpxtpx:hr>178</gpxtpx:hr>
          </gpxtpx:TrackPointExtension>
        </extensions>
      </trkpt>
      <trkpt lat="30.476322890811108" lon="104.0196309099562">
        <ele>482.0011163139716</ele>
        <time>1970-01-01T00:09:18Z</time>
        <extensions>
          <gpxtpx:TrackPointExtension>
            <gpxtpx:hr>178</gpxtpx:hr>
          </gpxtpx:TrackPointExtension>
        </extensions>
      </trkpt>
      <trkpt lat="30.47635254186869" lon="104.01963287384731">
        <ele>481.99194423668087</ele>
        <time>1970-01-01T00:09:19Z</time>
        <extensions>
          <gpxtpx:TrackPointExtension>
            <gpxtpx:hr>178</gpxtpx:hr>
          </gpxtpx:TrackPointExtension>
        </extensions>
      </trkpt>
      <trkpt lat="30.476382116710717" lon="104.01963381587704">
        <ele>481.9841608554125</ele>
        <time>1970-01-01T00:09:20Z</time>
        <extensions>
          <gpxtpx:TrackPointExtension>
            <gpxtpx:hr>178</gpxtpx:hr>
          </gpxtpx:TrackPointExtension>
        </extensions>
      </trkpt>
      <trkpt lat="30.476411763098646" lon="104.01963280767234">
        <ele>481.9778143176809</ele>
        <time>1970-01-01T00:09:21Z</time>
        <extensions>
          <gpxtpx:TrackPointExtension>
            <gpxtpx:hr>178</gpxtpx:hr>
          </gpxtpx:TrackPointExtension>
        </extensions>
      </trkpt>
      <trkpt lat="30.476442093164007" lon="104.01962911535368">
        <ele>481.973093630746</ele>
        <time>1970-01-01T00:09:22Z</time>
        <extensions>
          <gpxtpx:TrackPointExtension>
            <gpxtpx:hr>178</gpxtpx:hr>
          </gpxtpx:TrackPointExtension>
        </extensions>
      </trkpt>
      <trkpt lat="30.476473256923413" lon="104.01962324099172">
        <ele>481.970197128132</ele>
        <time>1970-01-01T00:09:23Z</time>
        <extensions>
          <gpxtpx:TrackPointExtension>
            <gpxtpx:hr>178</gpxtpx:hr>
          </gpxtpx:TrackPointExtension>
        </extensions>
      </trkpt>
      <trkpt lat="30.47650428388507" lon="104.01961606432202">
        <ele>481.9691656725481</ele>
        <time>1970-01-01T00:09:24Z</time>
        <extensions>
          <gpxtpx:TrackPointExtension>
            <gpxtpx:hr>178</gpxtpx:hr>
          </gpxtpx:TrackPointExtension>
        </extensions>
      </trkpt>
      <trkpt lat="30.476534242525762" lon="104.01960757904793">
        <ele>481.9698680480942</ele>
        <time>1970-01-01T00:09:25Z</time>
        <extensions>
          <gpxtpx:TrackPointExtension>
            <gpxtpx:hr>178</gpxtpx:hr>
          </gpxtpx:TrackPointExtension>
        </extensions>
      </trkpt>
      <trkpt lat="30.476563505701577" lon="104.0195977508193">
        <ele>481.9721755217761</ele>
        <time>1970-01-01T00:09:26Z</time>
        <extensions>
          <gpxtpx:TrackPointExtension>
            <gpxtpx:hr>178</gpxtpx:hr>
          </gpxtpx:TrackPointExtension>
        </extensions>
      </trkpt>
      <trkpt lat="30.47659305100935" lon="104.0195868664749">
        <ele>481.97584181651473</ele>
        <time>1970-01-01T00:09:27Z</time>
        <extensions>
          <gpxtpx:TrackPointExtension>
            <gpxtpx:hr>178</gpxtpx:hr>
          </gpxtpx:TrackPointExtension>
        </extensions>
      </trkpt>
      <trkpt lat="30.476622225918852" lon="104.01957520781396">
        <ele>481.98040573950857</ele>
        <time>1970-01-01T00:09:28Z</time>
        <extensions>
          <gpxtpx:TrackPointExtension>
            <gpxtpx:hr>178</gpxtpx:hr>
          </gpxtpx:TrackPointExtension>
        </extensions>
      </trkpt>
      <trkpt lat="30.47665055051997" lon="104.01956305248886">
        <ele>481.9854565290734</ele>
        <time>1970-01-01T00:09:29Z</time>
        <extensions>
          <gpxtpx:TrackPointExtension>
            <gpxtpx:hr>178</gpxtpx:hr>
          </gpxtpx:TrackPointExtension>
        </extensions>
      </trkpt>
      <trkpt lat="30.47667834482189" lon="104.01955065639258">
        <ele>481.99068308994174</ele>
        <time>1970-01-01T00:09:30Z</time>
        <extensions>
          <gpxtpx:TrackPointExtension>
            <gpxtpx:hr>178</gpxtpx:hr>
          </gpxtpx:TrackPointExtension>
        </extensions>
      </trkpt>
      <trkpt lat="30.476706906240494" lon="104.01953793835007">
        <ele>481.9959877617657</ele>
        <time>1970-01-01T00:09:31Z</time>
        <extensions>
          <gpxtpx:TrackPointExtension>
            <gpxtpx:hr>178</gpxtpx:hr>
          </gpxtpx:TrackPointExtension>
        </extensions>
      </trkpt>
      <trkpt lat="30.476736206081394" lon="104.01952679646851">
        <ele>482.0015388894826</ele>
        <time>1970-01-01T00:09:32Z</time>
        <extensions>
          <gpxtpx:TrackPointExtension>
            <gpxtpx:hr>178</gpxtpx:hr>
          </gpxtpx:TrackPointExtension>
        </extensions>
      </trkpt>
      <trkpt lat="30.476765355425965" lon="104.01951866409225">
        <ele>482.00786203704774</ele>
        <time>1970-01-01T00:09:33Z</time>
        <extensions>
          <gpxtpx:TrackPointExtension>
            <gpxtpx:hr>179</gpxtpx:hr>
          </gpxtpx:TrackPointExtension>
        </extensions>
      </trkpt>
      <trkpt lat="30.476794158213274" lon="104.01951218919794">
        <ele>482.0155135123059</ele>
        <time>1970-01-01T00:09:34Z</time>
        <extensions>
          <gpxtpx:TrackPointExtension>
            <gpxtpx:hr>179</gpxtpx:hr>
          </gpxtpx:TrackPointExtension>
        </extensions>
      </trkpt>
      <trkpt lat="30.476823453862295" lon="104.01950568891073">
        <ele>482.0250065969303</ele>
        <time>1970-01-01T00:09:35Z</time>
        <extensions>
          <gpxtpx:TrackPointExtension>
            <gpxtpx:hr>179</gpxtpx:hr>
          </gpxtpx:TrackPointExtension>
        </extensions>
      </trkpt>
      <trkpt lat="30.47685315572004" lon="104.0194989931717">
        <ele>482.0366260819137</ele>
        <time>1970-01-01T00:09:36Z</time>
        <extensions>
          <gpxtpx:TrackPointExtension>
            <gpxtpx:hr>179</gpxtpx:hr>
          </gpxtpx:TrackPointExtension>
        </extensions>
      </trkpt>
      <trkpt lat="30.476883007077056" lon="104.01949177167117">
        <ele>482.0503657562658</ele>
        <time>1970-01-01T00:09:37Z</time>
        <extensions>
          <gpxtpx:TrackPointExtension>
            <gpxtpx:hr>179</gpxtpx:hr>
          </gpxtpx:TrackPointExtension>
        </extensions>
      </trkpt>
      <trkpt lat="30.476912738833253" lon="104.0194843851701">
        <ele>482.0660252086818</ele>
        <time>1970-01-01T00:09:38Z</time>
        <extensions>
          <gpxtpx:TrackPointExtension>
            <gpxtpx:hr>178</gpxtpx:hr>
          </gpxtpx:TrackPointExtension>
        </extensions>
      </trkpt>
      <trkpt lat="30.47694239549669" lon="104.01947854167841">
        <ele>482.08282703347504</ele>
        <time>1970-01-01T00:09:39Z</time>
        <extensions>
          <gpxtpx:TrackPointExtension>
            <gpxtpx:hr>178</gpxtpx:hr>
          </gpxtpx:TrackPointExtension>
        </extensions>
      </trkpt>
      <trkpt lat="30.47697258690088" lon="104.01947514555252">
        <ele>482.09978539310396</ele>
        <time>1970-01-01T00:09:40Z</time>
        <extensions>
          <gpxtpx:TrackPointExtension>
            <gpxtpx:hr>178</gpxtpx:hr>
          </gpxtpx:TrackPointExtension>
        </extensions>
      </trkpt>
      <trkpt lat="30.477003238682535" lon="104.01947426180071">
        <ele>482.1159407021478</ele>
        <time>1970-01-01T00:09:41Z</time>
        <extensions>
          <gpxtpx:TrackPointExtension>
            <gpxtpx:hr>178</gpxtpx:hr>
          </gpxtpx:TrackPointExtension>
        </extensions>
      </trkpt>
      <trkpt lat="30.47703415141067" lon="104.01947537162893">
        <ele>482.1306027499959</ele>
        <time>1970-01-01T00:09:42Z</time>
        <extensions>
          <gpxtpx:TrackPointExtension>
            <gpxtpx:hr>179</gpxtpx:hr>
          </gpxtpx:TrackPointExtension>
        </extensions>
      </trkpt>
      <trkpt lat="30.4770646021936" lon="104.01947741267016">
        <ele>482.14326206129044</ele>
        <time>1970-01-01T00:09:43Z</time>
        <extensions>
          <gpxtpx:TrackPointExtension>
            <gpxtpx:hr>179</gpxtpx:hr>
          </gpxtpx:TrackPointExtension>
        </extensions>
      </trkpt>
      <trkpt lat="30.47709477906308" lon="104.01948008195411">
        <ele>482.1536299176514</ele>
        <time>1970-01-01T00:09:44Z</time>
        <extensions>
          <gpxtpx:TrackPointExtension>
            <gpxtpx:hr>179</gpxtpx:hr>
          </gpxtpx:TrackPointExtension>
        </extensions>
      </trkpt>
      <trkpt lat="30.47712514476648" lon="104.0194845646449">
        <ele>482.1615763204172</ele>
        <time>1970-01-01T00:09:45Z</time>
        <extensions>
          <gpxtpx:TrackPointExtension>
            <gpxtpx:hr>179</gpxtpx:hr>
          </gpxtpx:TrackPointExtension>
        </extensions>
      </trkpt>
      <trkpt lat="30.47715540072983" lon="104.01949121489788">
        <ele>482.1670718193054</ele>
        <time>1970-01-01T00:09:46Z</time>
        <extensions>
          <gpxtpx:TrackPointExtension>
            <gpxtpx:hr>179</gpxtpx:hr>
          </gpxtpx:TrackPointExtension>
        </extensions>
      </trkpt>
      <trkpt lat="30.477185494639198" lon="104.01949892690239">
        <ele>482.169990580529</ele>
        <time>1970-01-01T00:09:47Z</time>
        <extensions>
          <gpxtpx:TrackPointExtension>
            <gpxtpx:hr>179</gpxtpx:hr>
          </gpxtpx:TrackPointExtension>
        </extensions>
      </trkpt>
      <trkpt lat="30.477216525420197" lon="104.01950716883653">
        <ele>482.1703545888886</ele>
        <time>1970-01-01T00:09:48Z</time>
        <extensions>
          <gpxtpx:TrackPointExtension>
            <gpxtpx:hr>178</gpxtpx:hr>
          </gpxtpx:TrackPointExtension>
        </extensions>
      </trkpt>
      <trkpt lat="30.47724818506344" lon="104.01951615009447">
        <ele>482.1686052484438</ele>
        <time>1970-01-01T00:09:49Z</time>
        <extensions>
          <gpxtpx:TrackPointExtension>
            <gpxtpx:hr>178</gpxtpx:hr>
          </gpxtpx:TrackPointExtension>
        </extensions>
      </trkpt>
      <trkpt lat="30.477279392155193" lon="104.01952495224366">
        <ele>482.16543398424983</ele>
        <time>1970-01-01T00:09:50Z</time>
        <extensions>
          <gpxtpx:TrackPointExtension>
            <gpxtpx:hr>178</gpxtpx:hr>
          </gpxtpx:TrackPointExtension>
        </extensions>
      </trkpt>
      <trkpt lat="30.477309218766656" lon="104.01953346609784">
        <ele>482.16143979970366</ele>
        <time>1970-01-01T00:09:51Z</time>
        <extensions>
          <gpxtpx:TrackPointExtension>
            <gpxtpx:hr>178</gpxtpx:hr>
          </gpxtpx:TrackPointExtension>
        </extensions>
      </trkpt>
      <trkpt lat="30.47733789177155" lon="104.01954251833689">
        <ele>482.156940295361</ele>
        <time>1970-01-01T00:09:52Z</time>
        <extensions>
          <gpxtpx:TrackPointExtension>
            <gpxtpx:hr>177</gpxtpx:hr>
          </gpxtpx:TrackPointExtension>
        </extensions>
      </trkpt>
      <trkpt lat="30.47736639340623" lon="104.01955258778447">
        <ele>482.15208244137466</ele>
        <time>1970-01-01T00:09:53Z</time>
        <extensions>
          <gpxtpx:TrackPointExtension>
            <gpxtpx:hr>177</gpxtpx:hr>
          </gpxtpx:TrackPointExtension>
        </extensions>
      </trkpt>
      <trkpt lat="30.47739498977089" lon="104.01956381925767">
        <ele>482.1469149990007</ele>
        <time>1970-01-01T00:09:54Z</time>
        <extensions>
          <gpxtpx:TrackPointExtension>
            <gpxtpx:hr>177</gpxtpx:hr>
          </gpxtpx:TrackPointExtension>
        </extensions>
      </trkpt>
      <trkpt lat="30.477423595891477" lon="104.01957577776207">
        <ele>482.1414811750874</ele>
        <time>1970-01-01T00:09:55Z</time>
        <extensions>
          <gpxtpx:TrackPointExtension>
            <gpxtpx:hr>177</gpxtpx:hr>
          </gpxtpx:TrackPointExtension>
        </extensions>
      </trkpt>
      <trkpt lat="30.477451981665563" lon="104.01958852614884">
        <ele>482.1359901065007</ele>
        <time>1970-01-01T00:09:56Z</time>
        <extensions>
          <gpxtpx:TrackPointExtension>
            <gpxtpx:hr>177</gpxtpx:hr>
          </gpxtpx:TrackPointExtension>
        </extensions>
      </trkpt>
      <trkpt lat="30.4774797233713" lon="104.01960247840819">
        <ele>482.13077092170715</ele>
        <time>1970-01-01T00:09:57Z</time>
        <extensions>
          <gpxtpx:TrackPointExtension>
            <gpxtpx:hr>177</gpxtpx:hr>
          </gpxtpx:TrackPointExtension>
        </extensions>
      </trkpt>
      <trkpt lat="30.47750677881583" lon="104.01961809264117">
        <ele>482.12610684055835</ele>
        <time>1970-01-01T00:09:58Z</time>
        <extensions>
          <gpxtpx:TrackPointExtension>
            <gpxtpx:hr>178</gpxtpx:hr>
          </gpxtpx:TrackPointExtension>
        </extensions>
      </trkpt>
      <trkpt lat="30.47753352303918" lon="104.01963543787504">
        <ele>482.12203693855554</ele>
        <time>1970-01-01T00:09:59Z</time>
        <extensions>
          <gpxtpx:TrackPointExtension>
            <gpxtpx:hr>178</gpxtpx:hr>
          </gpxtpx:TrackPointExtension>
        </extensions>
      </trkpt>
      <trkpt lat="30.477559518449276" lon="104.01965379750423">
        <ele>482.118350667879</ele>
        <time>1970-01-01T00:10:00Z</time>
        <extensions>
          <gpxtpx:TrackPointExtension>
            <gpxtpx:hr>178</gpxtpx:hr>
          </gpxtpx:TrackPointExtension>
        </extensions>
      </trkpt>
      <trkpt lat="30.477585319195843" lon="104.01967270390531">
        <ele>482.1146466881037</ele>
        <time>1970-01-01T00:10:01Z</time>
        <extensions>
          <gpxtpx:TrackPointExtension>
            <gpxtpx:hr>178</gpxtpx:hr>
          </gpxtpx:TrackPointExtension>
        </extensions>
      </trkpt>
      <trkpt lat="30.477611148601746" lon="104.01969204788352">
        <ele>482.1106079230085</ele>
        <time>1970-01-01T00:10:02Z</time>
        <extensions>
          <gpxtpx:TrackPointExtension>
            <gpxtpx:hr>178</gpxtpx:hr>
          </gpxtpx:TrackPointExtension>
        </extensions>
      </trkpt>
      <trkpt lat="30.47763721162972" lon="104.01971195693046">
        <ele>482.10604463424534</ele>
        <time>1970-01-01T00:10:03Z</time>
        <extensions>
          <gpxtpx:TrackPointExtension>
            <gpxtpx:hr>178</gpxtpx:hr>
          </gpxtpx:TrackPointExtension>
        </extensions>
      </trkpt>
      <trkpt lat="30.477662985180523" lon="104.01973281242658">
        <ele>482.1009315857664</ele>
        <time>1970-01-01T00:10:04Z</time>
        <extensions>
          <gpxtpx:TrackPointExtension>
            <gpxtpx:hr>178</gpxtpx:hr>
          </gpxtpx:TrackPointExtension>
        </extensions>
      </trkpt>
      <trkpt lat="30.47768768207545" lon="104.01975493666191">
        <ele>482.0952952923253</ele>
        <time>1970-01-01T00:10:05Z</time>
        <extensions>
          <gpxtpx:TrackPointExtension>
            <gpxtpx:hr>178</gpxtpx:hr>
          </gpxtpx:TrackPointExtension>
        </extensions>
      </trkpt>
      <trkpt lat="30.47771112073024" lon="104.01977756394848">
        <ele>482.08929204475135</ele>
        <time>1970-01-01T00:10:06Z</time>
        <extensions>
          <gpxtpx:TrackPointExtension>
            <gpxtpx:hr>178</gpxtpx:hr>
          </gpxtpx:TrackPointExtension>
        </extensions>
      </trkpt>
      <trkpt lat="30.477733822735765" lon="104.01980033706862">
        <ele>482.08316991571337</ele>
        <time>1970-01-01T00:10:07Z</time>
        <extensions>
          <gpxtpx:TrackPointExtension>
            <gpxtpx:hr>178</gpxtpx:hr>
          </gpxtpx:TrackPointExtension>
        </extensions>
      </trkpt>
      <trkpt lat="30.477756188068216" lon="104.0198239771875">
        <ele>482.07719842065126</ele>
        <time>1970-01-01T00:10:08Z</time>
        <extensions>
          <gpxtpx:TrackPointExtension>
            <gpxtpx:hr>178</gpxtpx:hr>
          </gpxtpx:TrackPointExtension>
        </extensions>
      </trkpt>
      <trkpt lat="30.477778434980834" lon="104.01984920955651">
        <ele>482.07146828528494</ele>
        <time>1970-01-01T00:10:09Z</time>
        <extensions>
          <gpxtpx:TrackPointExtension>
            <gpxtpx:hr>178</gpxtpx:hr>
          </gpxtpx:TrackPointExtension>
        </extensions>
      </trkpt>
      <trkpt lat="30.477800675413835" lon="104.01987552842476">
        <ele>482.0663140248507</ele>
        <time>1970-01-01T00:10:10Z</time>
        <extensions>
          <gpxtpx:TrackPointExtension>
            <gpxtpx:hr>178</gpxtpx:hr>
          </gpxtpx:TrackPointExtension>
        </extensions>
      </trkpt>
      <trkpt lat="30.477822804747078" lon="104.01990231973446">
        <ele>482.06200180668384</ele>
        <time>1970-01-01T00:10:11Z</time>
        <extensions>
          <gpxtpx:TrackPointExtension>
            <gpxtpx:hr>178</gpxtpx:hr>
          </gpxtpx:TrackPointExtension>
        </extensions>
      </trkpt>
      <trkpt lat="30.477844553061146" lon="104.0199298064219">
        <ele>482.05860241502523</ele>
        <time>1970-01-01T00:10:12Z</time>
        <extensions>
          <gpxtpx:TrackPointExtension>
            <gpxtpx:hr>178</gpxtpx:hr>
          </gpxtpx:TrackPointExtension>
        </extensions>
      </trkpt>
      <trkpt lat="30.477865664141824" lon="104.01995827966812">
        <ele>482.05601232033223</ele>
        <time>1970-01-01T00:10:13Z</time>
        <extensions>
          <gpxtpx:TrackPointExtension>
            <gpxtpx:hr>178</gpxtpx:hr>
          </gpxtpx:TrackPointExtension>
        </extensions>
      </trkpt>
      <trkpt lat="30.477886219834225" lon="104.0199878976979">
        <ele>482.0542038474232</ele>
        <time>1970-01-01T00:10:14Z</time>
        <extensions>
          <gpxtpx:TrackPointExtension>
            <gpxtpx:hr>178</gpxtpx:hr>
          </gpxtpx:TrackPointExtension>
        </extensions>
      </trkpt>
      <trkpt lat="30.477905636932885" lon="104.02001775475718">
        <ele>482.053379772231</ele>
        <time>1970-01-01T00:10:15Z</time>
        <extensions>
          <gpxtpx:TrackPointExtension>
            <gpxtpx:hr>179</gpxtpx:hr>
          </gpxtpx:TrackPointExtension>
        </extensions>
      </trkpt>
      <trkpt lat="30.47792448812845" lon="104.02004738806296">
        <ele>482.0538559323177</ele>
        <time>1970-01-01T00:10:16Z</time>
        <extensions>
          <gpxtpx:TrackPointExtension>
            <gpxtpx:hr>179</gpxtpx:hr>
          </gpxtpx:TrackPointExtension>
        </extensions>
      </trkpt>
      <trkpt lat="30.477942760126304" lon="104.02007649672741">
        <ele>482.0559536581859</ele>
        <time>1970-01-01T00:10:17Z</time>
        <extensions>
          <gpxtpx:TrackPointExtension>
            <gpxtpx:hr>179</gpxtpx:hr>
          </gpxtpx:TrackPointExtension>
        </extensions>
      </trkpt>
      <trkpt lat="30.47796008058119" lon="104.02010576295862">
        <ele>482.0599046982825</ele>
        <time>1970-01-01T00:10:18Z</time>
        <extensions>
          <gpxtpx:TrackPointExtension>
            <gpxtpx:hr>178</gpxtpx:hr>
          </gpxtpx:TrackPointExtension>
        </extensions>
      </trkpt>
      <trkpt lat="30.477976373614766" lon="104.0201354880443">
        <ele>482.0656388429925</ele>
        <time>1970-01-01T00:10:19Z</time>
        <extensions>
          <gpxtpx:TrackPointExtension>
            <gpxtpx:hr>178</gpxtpx:hr>
          </gpxtpx:TrackPointExtension>
        </extensions>
      </trkpt>
      <trkpt lat="30.477992022965335" lon="104.02016610251532">
        <ele>482.0727202678099</ele>
        <time>1970-01-01T00:10:20Z</time>
        <extensions>
          <gpxtpx:TrackPointExtension>
            <gpxtpx:hr>178</gpxtpx:hr>
          </gpxtpx:TrackPointExtension>
        </extensions>
      </trkpt>
      <trkpt lat="30.478006480766076" lon="104.02019785754936">
        <ele>482.0806029429659</ele>
        <time>1970-01-01T00:10:21Z</time>
        <extensions>
          <gpxtpx:TrackPointExtension>
            <gpxtpx:hr>178</gpxtpx:hr>
          </gpxtpx:TrackPointExtension>
        </extensions>
      </trkpt>
      <trkpt lat="30.478018970004133" lon="104.02023008186652">
        <ele>482.0889400495216</ele>
        <time>1970-01-01T00:10:22Z</time>
        <extensions>
          <gpxtpx:TrackPointExtension>
            <gpxtpx:hr>178</gpxtpx:hr>
          </gpxtpx:TrackPointExtension>
        </extensions>
      </trkpt>
      <trkpt lat="30.478030543889506" lon="104.020262297232">
        <ele>482.0975534953177</ele>
        <time>1970-01-01T00:10:23Z</time>
        <extensions>
          <gpxtpx:TrackPointExtension>
            <gpxtpx:hr>178</gpxtpx:hr>
          </gpxtpx:TrackPointExtension>
        </extensions>
      </trkpt>
      <trkpt lat="30.47804216124411" lon="104.02029469449529">
        <ele>482.10642498452216</ele>
        <time>1970-01-01T00:10:24Z</time>
        <extensions>
          <gpxtpx:TrackPointExtension>
            <gpxtpx:hr>178</gpxtpx:hr>
          </gpxtpx:TrackPointExtension>
        </extensions>
      </trkpt>
      <trkpt lat="30.478053547353163" lon="104.02032802184242">
        <ele>482.1155566405505</ele>
        <time>1970-01-01T00:10:25Z</time>
        <extensions>
          <gpxtpx:TrackPointExtension>
            <gpxtpx:hr>178</gpxtpx:hr>
          </gpxtpx:TrackPointExtension>
        </extensions>
      </trkpt>
      <trkpt lat="30.47806411243614" lon="104.02036183267984">
        <ele>482.12488959543407</ele>
        <time>1970-01-01T00:10:26Z</time>
        <extensions>
          <gpxtpx:TrackPointExtension>
            <gpxtpx:hr>178</gpxtpx:hr>
          </gpxtpx:TrackPointExtension>
        </extensions>
      </trkpt>
      <trkpt lat="30.478073818013527" lon="104.02039583452024">
        <ele>482.13425361178815</ele>
        <time>1970-01-01T00:10:27Z</time>
        <extensions>
          <gpxtpx:TrackPointExtension>
            <gpxtpx:hr>178</gpxtpx:hr>
          </gpxtpx:TrackPointExtension>
        </extensions>
      </trkpt>
      <trkpt lat="30.47808213804577" lon="104.02043036364816">
        <ele>482.1433995049447</ele>
        <time>1970-01-01T00:10:28Z</time>
        <extensions>
          <gpxtpx:TrackPointExtension>
            <gpxtpx:hr>178</gpxtpx:hr>
          </gpxtpx:TrackPointExtension>
        </extensions>
      </trkpt>
      <trkpt lat="30.478088396146465" lon="104.02046624702615">
        <ele>482.15203986875713</ele>
        <time>1970-01-01T00:10:29Z</time>
        <extensions>
          <gpxtpx:TrackPointExtension>
            <gpxtpx:hr>178</gpxtpx:hr>
          </gpxtpx:TrackPointExtension>
        </extensions>
      </trkpt>
      <trkpt lat="30.478092332532473" lon="104.02050237710868">
        <ele>482.1598777184263</ele>
        <time>1970-01-01T00:10:30Z</time>
        <extensions>
          <gpxtpx:TrackPointExtension>
            <gpxtpx:hr>178</gpxtpx:hr>
          </gpxtpx:TrackPointExtension>
        </extensions>
      </trkpt>
      <trkpt lat="30.478094620600782" lon="104.020538831197">
        <ele>482.1666514798999</ele>
        <time>1970-01-01T00:10:31Z</time>
        <extensions>
          <gpxtpx:TrackPointExtension>
            <gpxtpx:hr>178</gpxtpx:hr>
          </gpxtpx:TrackPointExtension>
        </extensions>
      </trkpt>
      <trkpt lat="30.47809587124756" lon="104.02057634784595">
        <ele>482.1721968976781</ele>
        <time>1970-01-01T00:10:32Z</time>
        <extensions>
          <gpxtpx:TrackPointExtension>
            <gpxtpx:hr>177</gpxtpx:hr>
          </gpxtpx:TrackPointExtension>
        </extensions>
      </trkpt>
      <trkpt lat="30.478096802090647" lon="104.02061391211211">
        <ele>482.1765807280317</ele>
        <time>1970-01-01T00:10:33Z</time>
        <extensions>
          <gpxtpx:TrackPointExtension>
            <gpxtpx:hr>177</gpxtpx:hr>
          </gpxtpx:TrackPointExtension>
        </extensions>
      </trkpt>
      <trkpt lat="30.478097496070873" lon="104.0206506117508">
        <ele>482.1799846338108</ele>
        <time>1970-01-01T00:10:34Z</time>
        <extensions>
          <gpxtpx:TrackPointExtension>
            <gpxtpx:hr>177</gpxtpx:hr>
          </gpxtpx:TrackPointExtension>
        </extensions>
      </trkpt>
      <trkpt lat="30.47809739152149" lon="104.02068647114567">
        <ele>482.1826203223318</ele>
        <time>1970-01-01T00:10:35Z</time>
        <extensions>
          <gpxtpx:TrackPointExtension>
            <gpxtpx:hr>177</gpxtpx:hr>
          </gpxtpx:TrackPointExtension>
        </extensions>
      </trkpt>
      <trkpt lat="30.478096626122607" lon="104.02072164278793">
        <ele>482.18466103821993</ele>
        <time>1970-01-01T00:10:36Z</time>
        <extensions>
          <gpxtpx:TrackPointExtension>
            <gpxtpx:hr>177</gpxtpx:hr>
          </gpxtpx:TrackPointExtension>
        </extensions>
      </trkpt>
      <trkpt lat="30.478095505649208" lon="104.02075649868964">
        <ele>482.1862437175587</ele>
        <time>1970-01-01T00:10:37Z</time>
        <extensions>
          <gpxtpx:TrackPointExtension>
            <gpxtpx:hr>177</gpxtpx:hr>
          </gpxtpx:TrackPointExtension>
        </extensions>
      </trkpt>
      <trkpt lat="30.478093613915483" lon="104.02079146089118">
        <ele>482.18746678251773</ele>
        <time>1970-01-01T00:10:38Z</time>
        <extensions>
          <gpxtpx:TrackPointExtension>
            <gpxtpx:hr>177</gpxtpx:hr>
          </gpxtpx:TrackPointExtension>
        </extensions>
      </trkpt>
      <trkpt lat="30.478089997399636" lon="104.02082574770262">
        <ele>482.1884266398847</ele>
        <time>1970-01-01T00:10:39Z</time>
        <extensions>
          <gpxtpx:TrackPointExtension>
            <gpxtpx:hr>178</gpxtpx:hr>
          </gpxtpx:TrackPointExtension>
        </extensions>
      </trkpt>
      <trkpt lat="30.47808476685996" lon="104.02085965388265">
        <ele>482.18925361987203</ele>
        <time>1970-01-01T00:10:40Z</time>
        <extensions>
          <gpxtpx:TrackPointExtension>
            <gpxtpx:hr>178</gpxtpx:hr>
          </gpxtpx:TrackPointExtension>
        </extensions>
      </trkpt>
      <trkpt lat="30.478078461963147" lon="104.0208943802741">
        <ele>482.19006526004523</ele>
        <time>1970-01-01T00:10:41Z</time>
        <extensions>
          <gpxtpx:TrackPointExtension>
            <gpxtpx:hr>178</gpxtpx:hr>
          </gpxtpx:TrackPointExtension>
        </extensions>
      </trkpt>
      <trkpt lat="30.47807154786223" lon="104.02093014395382">
        <ele>482.19095337670296</ele>
        <time>1970-01-01T00:10:42Z</time>
        <extensions>
          <gpxtpx:TrackPointExtension>
            <gpxtpx:hr>178</gpxtpx:hr>
          </gpxtpx:TrackPointExtension>
        </extensions>
      </trkpt>
      <trkpt lat="30.47806421238922" lon="104.02096539054148">
        <ele>482.1918674390763</ele>
        <time>1970-01-01T00:10:43Z</time>
        <extensions>
          <gpxtpx:TrackPointExtension>
            <gpxtpx:hr>178</gpxtpx:hr>
          </gpxtpx:TrackPointExtension>
        </extensions>
      </trkpt>
      <trkpt lat="30.47805660988087" lon="104.02099998097071">
        <ele>482.1926489658654</ele>
        <time>1970-01-01T00:10:44Z</time>
        <extensions>
          <gpxtpx:TrackPointExtension>
            <gpxtpx:hr>178</gpxtpx:hr>
          </gpxtpx:TrackPointExtension>
        </extensions>
      </trkpt>
      <trkpt lat="30.478048858504692" lon="104.02103508640273">
        <ele>482.1931091109291</ele>
        <time>1970-01-01T00:10:45Z</time>
        <extensions>
          <gpxtpx:TrackPointExtension>
            <gpxtpx:hr>178</gpxtpx:hr>
          </gpxtpx:TrackPointExtension>
        </extensions>
      </trkpt>
      <trkpt lat="30.47804162339626" lon="104.02107055016296">
        <ele>482.19308455474675</ele>
        <time>1970-01-01T00:10:46Z</time>
        <extensions>
          <gpxtpx:TrackPointExtension>
            <gpxtpx:hr>178</gpxtpx:hr>
          </gpxtpx:TrackPointExtension>
        </extensions>
      </trkpt>
      <trkpt lat="30.478034971176832" lon="104.02110564461387">
        <ele>482.1924004042521</ele>
        <time>1970-01-01T00:10:47Z</time>
        <extensions>
          <gpxtpx:TrackPointExtension>
            <gpxtpx:hr>178</gpxtpx:hr>
          </gpxtpx:TrackPointExtension>
        </extensions>
      </trkpt>
      <trkpt lat="30.478028589385964" lon="104.02114070416114">
        <ele>482.19090450182557</ele>
        <time>1970-01-01T00:10:48Z</time>
        <extensions>
          <gpxtpx:TrackPointExtension>
            <gpxtpx:hr>178</gpxtpx:hr>
          </gpxtpx:TrackPointExtension>
        </extensions>
      </trkpt>
      <trkpt lat="30.478022742833257" lon="104.02117634264467">
        <ele>482.18849370256066</ele>
        <time>1970-01-01T00:10:49Z</time>
        <extensions>
          <gpxtpx:TrackPointExtension>
            <gpxtpx:hr>178</gpxtpx:hr>
          </gpxtpx:TrackPointExtension>
        </extensions>
      </trkpt>
      <trkpt lat="30.478018149210133" lon="104.02121206872715">
        <ele>482.1851525371894</ele>
        <time>1970-01-01T00:10:50Z</time>
        <extensions>
          <gpxtpx:TrackPointExtension>
            <gpxtpx:hr>178</gpxtpx:hr>
          </gpxtpx:TrackPointExtension>
        </extensions>
      </trkpt>
      <trkpt lat="30.478015148879678" lon="104.02124761266533">
        <ele>482.18084119074047</ele>
        <time>1970-01-01T00:10:51Z</time>
        <extensions>
          <gpxtpx:TrackPointExtension>
            <gpxtpx:hr>178</gpxtpx:hr>
          </gpxtpx:TrackPointExtension>
        </extensions>
      </trkpt>
      <trkpt lat="30.478012569463655" lon="104.02128284871975">
        <ele>482.1755892811343</ele>
        <time>1970-01-01T00:10:52Z</time>
        <extensions>
          <gpxtpx:TrackPointExtension>
            <gpxtpx:hr>178</gpxtpx:hr>
          </gpxtpx:TrackPointExtension>
        </extensions>
      </trkpt>
      <trkpt lat="30.47800973068749" lon="104.02131723384585">
        <ele>482.1695330198854</ele>
        <time>1970-01-01T00:10:53Z</time>
        <extensions>
          <gpxtpx:TrackPointExtension>
            <gpxtpx:hr>178</gpxtpx:hr>
          </gpxtpx:TrackPointExtension>
        </extensions>
      </trkpt>
      <trkpt lat="30.478006799274656" lon="104.02135120195673">
        <ele>482.1629317216575</ele>
        <time>1970-01-01T00:10:54Z</time>
        <extensions>
          <gpxtpx:TrackPointExtension>
            <gpxtpx:hr>178</gpxtpx:hr>
          </gpxtpx:TrackPointExtension>
        </extensions>
      </trkpt>
      <trkpt lat="30.478004321294488" lon="104.02138580158027">
        <ele>482.1560309147462</ele>
        <time>1970-01-01T00:10:55Z</time>
        <extensions>
          <gpxtpx:TrackPointExtension>
            <gpxtpx:hr>178</gpxtpx:hr>
          </gpxtpx:TrackPointExtension>
        </extensions>
      </trkpt>
      <trkpt lat="30.478002285337976" lon="104.02142090861156">
        <ele>482.14905982930213</ele>
        <time>1970-01-01T00:10:56Z</time>
        <extensions>
          <gpxtpx:TrackPointExtension>
            <gpxtpx:hr>178</gpxtpx:hr>
          </gpxtpx:TrackPointExtension>
        </extensions>
      </trkpt>
      <trkpt lat="30.47800022911475" lon="104.02145630270773">
        <ele>482.14217279851437</ele>
        <time>1970-01-01T00:10:57Z</time>
        <extensions>
          <gpxtpx:TrackPointExtension>
            <gpxtpx:hr>178</gpxtpx:hr>
          </gpxtpx:TrackPointExtension>
        </extensions>
      </trkpt>
      <trkpt lat="30.477997872083563" lon="104.02149262279707">
        <ele>482.13543716911227</ele>
        <time>1970-01-01T00:10:58Z</time>
        <extensions>
          <gpxtpx:TrackPointExtension>
            <gpxtpx:hr>178</gpxtpx:hr>
          </gpxtpx:TrackPointExtension>
        </extensions>
      </trkpt>
      <trkpt lat="30.477996402900125" lon="104.02152922982023">
        <ele>482.1289092078805</ele>
        <time>1970-01-01T00:10:59Z</time>
        <extensions>
          <gpxtpx:TrackPointExtension>
            <gpxtpx:hr>178</gpxtpx:hr>
          </gpxtpx:TrackPointExtension>
        </extensions>
      </trkpt>
      <trkpt lat="30.477996949154537" lon="104.02156538103605">
        <ele>482.12271879054606</ele>
        <time>1970-01-01T00:11:00Z</time>
        <extensions>
          <gpxtpx:TrackPointExtension>
            <gpxtpx:hr>178</gpxtpx:hr>
          </gpxtpx:TrackPointExtension>
        </extensions>
      </trkpt>
      <trkpt lat="30.477999459871864" lon="104.02160109166894">
        <ele>482.11705094762146</ele>
        <time>1970-01-01T00:11:01Z</time>
        <extensions>
          <gpxtpx:TrackPointExtension>
            <gpxtpx:hr>178</gpxtpx:hr>
          </gpxtpx:TrackPointExtension>
        </extensions>
      </trkpt>
      <trkpt lat="30.478002609722065" lon="104.0216360592597">
        <ele>482.1121124718338</ele>
        <time>1970-01-01T00:11:02Z</time>
        <extensions>
          <gpxtpx:TrackPointExtension>
            <gpxtpx:hr>178</gpxtpx:hr>
          </gpxtpx:TrackPointExtension>
        </extensions>
      </trkpt>
      <trkpt lat="30.47800565211674" lon="104.02167025113027">
        <ele>482.1080665877089</ele>
        <time>1970-01-01T00:11:03Z</time>
        <extensions>
          <gpxtpx:TrackPointExtension>
            <gpxtpx:hr>178</gpxtpx:hr>
          </gpxtpx:TrackPointExtension>
        </extensions>
      </trkpt>
      <trkpt lat="30.478010084073976" lon="104.02170346252065">
        <ele>482.1049766270444</ele>
        <time>1970-01-01T00:11:04Z</time>
        <extensions>
          <gpxtpx:TrackPointExtension>
            <gpxtpx:hr>178</gpxtpx:hr>
          </gpxtpx:TrackPointExtension>
        </extensions>
      </trkpt>
      <trkpt lat="30.47801683950345" lon="104.02173652461161">
        <ele>482.10282377898693</ele>
        <time>1970-01-01T00:11:05Z</time>
        <extensions>
          <gpxtpx:TrackPointExtension>
            <gpxtpx:hr>178</gpxtpx:hr>
          </gpxtpx:TrackPointExtension>
        </extensions>
      </trkpt>
      <trkpt lat="30.47802534026467" lon="104.02177016837646">
        <ele>482.10144967213273</ele>
        <time>1970-01-01T00:11:06Z</time>
        <extensions>
          <gpxtpx:TrackPointExtension>
            <gpxtpx:hr>178</gpxtpx:hr>
          </gpxtpx:TrackPointExtension>
        </extensions>
      </trkpt>
      <trkpt lat="30.47803477625518" lon="104.02180410674148">
        <ele>482.10055026970804</ele>
        <time>1970-01-01T00:11:07Z</time>
        <extensions>
          <gpxtpx:TrackPointExtension>
            <gpxtpx:hr>179</gpxtpx:hr>
          </gpxtpx:TrackPointExtension>
        </extensions>
      </trkpt>
      <trkpt lat="30.478044691457047" lon="104.02183866185463">
        <ele>482.0997018693015</ele>
        <time>1970-01-01T00:11:08Z</time>
        <extensions>
          <gpxtpx:TrackPointExtension>
            <gpxtpx:hr>179</gpxtpx:hr>
          </gpxtpx:TrackPointExtension>
        </extensions>
      </trkpt>
      <trkpt lat="30.47805469430014" lon="104.02187365910268">
        <ele>482.09855046495795</ele>
        <time>1970-01-01T00:11:09Z</time>
        <extensions>
          <gpxtpx:TrackPointExtension>
            <gpxtpx:hr>179</gpxtpx:hr>
          </gpxtpx:TrackPointExtension>
        </extensions>
      </trkpt>
      <trkpt lat="30.478065284592066" lon="104.02190874190394">
        <ele>482.0966972252354</ele>
        <time>1970-01-01T00:11:10Z</time>
        <extensions>
          <gpxtpx:TrackPointExtension>
            <gpxtpx:hr>179</gpxtpx:hr>
          </gpxtpx:TrackPointExtension>
        </extensions>
      </trkpt>
      <trkpt lat="30.47807634469328" lon="104.02194341909491">
        <ele>482.09389412403107</ele>
        <time>1970-01-01T00:11:11Z</time>
        <extensions>
          <gpxtpx:TrackPointExtension>
            <gpxtpx:hr>179</gpxtpx:hr>
          </gpxtpx:TrackPointExtension>
        </extensions>
      </trkpt>
      <trkpt lat="30.47808791458503" lon="104.02197686229398">
        <ele>482.09031471516937</ele>
        <time>1970-01-01T00:11:12Z</time>
        <extensions>
          <gpxtpx:TrackPointExtension>
            <gpxtpx:hr>179</gpxtpx:hr>
          </gpxtpx:TrackPointExtension>
        </extensions>
      </trkpt>
      <trkpt lat="30.478100394135303" lon="104.02200864136678">
        <ele>482.08639140892774</ele>
        <time>1970-01-01T00:11:13Z</time>
        <extensions>
          <gpxtpx:TrackPointExtension>
            <gpxtpx:hr>179</gpxtpx:hr>
          </gpxtpx:TrackPointExtension>
        </extensions>
      </trkpt>
      <trkpt lat="30.478113430147356" lon="104.02204006017666">
        <ele>482.0824774717912</ele>
        <time>1970-01-01T00:11:14Z</time>
        <extensions>
          <gpxtpx:TrackPointExtension>
            <gpxtpx:hr>179</gpxtpx:hr>
          </gpxtpx:TrackPointExtension>
        </extensions>
      </trkpt>
      <trkpt lat="30.478126483184504" lon="104.02207157027938">
        <ele>482.07905668299645</ele>
        <time>1970-01-01T00:11:15Z</time>
        <extensions>
          <gpxtpx:TrackPointExtension>
            <gpxtpx:hr>179</gpxtpx:hr>
          </gpxtpx:TrackPointExtension>
        </extensions>
      </trkpt>
      <trkpt lat="30.47813966475031" lon="104.02210309336226">
        <ele>482.0768109448254</ele>
        <time>1970-01-01T00:11:16Z</time>
        <extensions>
          <gpxtpx:TrackPointExtension>
            <gpxtpx:hr>178</gpxtpx:hr>
          </gpxtpx:TrackPointExtension>
        </extensions>
      </trkpt>
      <trkpt lat="30.4781523865939" lon="104.02213490968718">
        <ele>482.0764918541536</ele>
        <time>1970-01-01T00:11:17Z</time>
        <extensions>
          <gpxtpx:TrackPointExtension>
            <gpxtpx:hr>178</gpxtpx:hr>
          </gpxtpx:TrackPointExtension>
        </extensions>
      </trkpt>
      <trkpt lat="30.47816406857363" lon="104.02216767223094">
        <ele>482.0787895862013</ele>
        <time>1970-01-01T00:11:18Z</time>
        <extensions>
          <gpxtpx:TrackPointExtension>
            <gpxtpx:hr>178</gpxtpx:hr>
          </gpxtpx:TrackPointExtension>
        </extensions>
      </trkpt>
      <trkpt lat="30.478174656648367" lon="104.02220158061944">
        <ele>482.0841198824346</ele>
        <time>1970-01-01T00:11:19Z</time>
        <extensions>
          <gpxtpx:TrackPointExtension>
            <gpxtpx:hr>178</gpxtpx:hr>
          </gpxtpx:TrackPointExtension>
        </extensions>
      </trkpt>
      <trkpt lat="30.478184766135296" lon="104.02223570877142">
        <ele>482.092446282506</ele>
        <time>1970-01-01T00:11:20Z</time>
        <extensions>
          <gpxtpx:TrackPointExtension>
            <gpxtpx:hr>178</gpxtpx:hr>
          </gpxtpx:TrackPointExtension>
        </extensions>
      </trkpt>
      <trkpt lat="30.478195642397967" lon="104.02226966717113">
        <ele>482.10312028136104</ele>
        <time>1970-01-01T00:11:21Z</time>
        <extensions>
          <gpxtpx:TrackPointExtension>
            <gpxtpx:hr>178</gpxtpx:hr>
          </gpxtpx:TrackPointExtension>
        </extensions>
      </trkpt>
      <trkpt lat="30.478207673880856" lon="104.02230376845927">
        <ele>482.1151674268767</ele>
        <time>1970-01-01T00:11:22Z</time>
        <extensions>
          <gpxtpx:TrackPointExtension>
            <gpxtpx:hr>178</gpxtpx:hr>
          </gpxtpx:TrackPointExtension>
        </extensions>
      </trkpt>
      <trkpt lat="30.47822045095619" lon="104.02233743949255">
        <ele>482.1275877645239</ele>
        <time>1970-01-01T00:11:23Z</time>
        <extensions>
          <gpxtpx:TrackPointExtension>
            <gpxtpx:hr>178</gpxtpx:hr>
          </gpxtpx:TrackPointExtension>
        </extensions>
      </trkpt>
      <trkpt lat="30.478233945287904" lon="104.02236986136276">
        <ele>482.139619205147</ele>
        <time>1970-01-01T00:11:24Z</time>
        <extensions>
          <gpxtpx:TrackPointExtension>
            <gpxtpx:hr>178</gpxtpx:hr>
          </gpxtpx:TrackPointExtension>
        </extensions>
      </trkpt>
      <trkpt lat="30.47824848535627" lon="104.0224025406942">
        <ele>482.1508015030995</ele>
        <time>1970-01-01T00:11:25Z</time>
        <extensions>
          <gpxtpx:TrackPointExtension>
            <gpxtpx:hr>178</gpxtpx:hr>
          </gpxtpx:TrackPointExtension>
        </extensions>
      </trkpt>
      <trkpt lat="30.47826333984061" lon="104.02243644461561">
        <ele>482.1610354799777</ele>
        <time>1970-01-01T00:11:26Z</time>
        <extensions>
          <gpxtpx:TrackPointExtension>
            <gpxtpx:hr>178</gpxtpx:hr>
          </gpxtpx:TrackPointExtension>
        </extensions>
      </trkpt>
      <trkpt lat="30.478278420431153" lon="104.02247073585336">
        <ele>482.1703505581245</ele>
        <time>1970-01-01T00:11:27Z</time>
        <extensions>
          <gpxtpx:TrackPointExtension>
            <gpxtpx:hr>178</gpxtpx:hr>
          </gpxtpx:TrackPointExtension>
        </extensions>
      </trkpt>
      <trkpt lat="30.478294416487195" lon="104.0225031537399">
        <ele>482.1788485869765</ele>
        <time>1970-01-01T00:11:28Z</time>
        <extensions>
          <gpxtpx:TrackPointExtension>
            <gpxtpx:hr>178</gpxtpx:hr>
          </gpxtpx:TrackPointExtension>
        </extensions>
      </trkpt>
      <trkpt lat="30.478312188665427" lon="104.02253389501242">
        <ele>482.18665809277445</ele>
        <time>1970-01-01T00:11:29Z</time>
        <extensions>
          <gpxtpx:TrackPointExtension>
            <gpxtpx:hr>178</gpxtpx:hr>
          </gpxtpx:TrackPointExtension>
        </extensions>
      </trkpt>
      <trkpt lat="30.478331153565403" lon="104.02256453574876">
        <ele>482.19393301196396</ele>
        <time>1970-01-01T00:11:30Z</time>
        <extensions>
          <gpxtpx:TrackPointExtension>
            <gpxtpx:hr>178</gpxtpx:hr>
          </gpxtpx:TrackPointExtension>
        </extensions>
      </trkpt>
      <trkpt lat="30.47835058290827" lon="104.02259425652993">
        <ele>482.20068690367043</ele>
        <time>1970-01-01T00:11:31Z</time>
        <extensions>
          <gpxtpx:TrackPointExtension>
            <gpxtpx:hr>178</gpxtpx:hr>
          </gpxtpx:TrackPointExtension>
        </extensions>
      </trkpt>
      <trkpt lat="30.478370141944183" lon="104.02262230512301">
        <ele>482.20668764412403</ele>
        <time>1970-01-01T00:11:32Z</time>
        <extensions>
          <gpxtpx:TrackPointExtension>
            <gpxtpx:hr>178</gpxtpx:hr>
          </gpxtpx:TrackPointExtension>
        </extensions>
      </trkpt>
      <trkpt lat="30.478389829576763" lon="104.02264970860172">
        <ele>482.2116526430473</ele>
        <time>1970-01-01T00:11:33Z</time>
        <extensions>
          <gpxtpx:TrackPointExtension>
            <gpxtpx:hr>178</gpxtpx:hr>
          </gpxtpx:TrackPointExtension>
        </extensions>
      </trkpt>
      <trkpt lat="30.47840985152447" lon="104.02267683394173">
        <ele>482.2154450053349</ele>
        <time>1970-01-01T00:11:34Z</time>
        <extensions>
          <gpxtpx:TrackPointExtension>
            <gpxtpx:hr>178</gpxtpx:hr>
          </gpxtpx:TrackPointExtension>
        </extensions>
      </trkpt>
      <trkpt lat="30.478430171082383" lon="104.02270324449313">
        <ele>482.21815971750766</ele>
        <time>1970-01-01T00:11:35Z</time>
        <extensions>
          <gpxtpx:TrackPointExtension>
            <gpxtpx:hr>178</gpxtpx:hr>
          </gpxtpx:TrackPointExtension>
        </extensions>
      </trkpt>
      <trkpt lat="30.478451472459817" lon="104.02272919163805">
        <ele>482.22006256505847</ele>
        <time>1970-01-01T00:11:36Z</time>
        <extensions>
          <gpxtpx:TrackPointExtension>
            <gpxtpx:hr>178</gpxtpx:hr>
          </gpxtpx:TrackPointExtension>
        </extensions>
      </trkpt>
      <trkpt lat="30.47847365323975" lon="104.02275492617932">
        <ele>482.22158533893526</ele>
        <time>1970-01-01T00:11:37Z</time>
        <extensions>
          <gpxtpx:TrackPointExtension>
            <gpxtpx:hr>178</gpxtpx:hr>
          </gpxtpx:TrackPointExtension>
        </extensions>
      </trkpt>
      <trkpt lat="30.47849651682964" lon="104.02278088302697">
        <ele>482.22316542081535</ele>
        <time>1970-01-01T00:11:38Z</time>
        <extensions>
          <gpxtpx:TrackPointExtension>
            <gpxtpx:hr>178</gpxtpx:hr>
          </gpxtpx:TrackPointExtension>
        </extensions>
      </trkpt>
      <trkpt lat="30.47851945344971" lon="104.02280710468001">
        <ele>482.22510743606836</ele>
        <time>1970-01-01T00:11:39Z</time>
        <extensions>
          <gpxtpx:TrackPointExtension>
            <gpxtpx:hr>178</gpxtpx:hr>
          </gpxtpx:TrackPointExtension>
        </extensions>
      </trkpt>
      <trkpt lat="30.47854234115949" lon="104.02283374472921">
        <ele>482.22743715997785</ele>
        <time>1970-01-01T00:11:40Z</time>
        <extensions>
          <gpxtpx:TrackPointExtension>
            <gpxtpx:hr>178</gpxtpx:hr>
          </gpxtpx:TrackPointExtension>
        </extensions>
      </trkpt>
      <trkpt lat="30.478565299897088" lon="104.02285943042139">
        <ele>482.2300945855677</ele>
        <time>1970-01-01T00:11:41Z</time>
        <extensions>
          <gpxtpx:TrackPointExtension>
            <gpxtpx:hr>178</gpxtpx:hr>
          </gpxtpx:TrackPointExtension>
        </extensions>
      </trkpt>
      <trkpt lat="30.47858879233923" lon="104.02288308444352">
        <ele>482.23303745966405</ele>
        <time>1970-01-01T00:11:42Z</time>
        <extensions>
          <gpxtpx:TrackPointExtension>
            <gpxtpx:hr>178</gpxtpx:hr>
          </gpxtpx:TrackPointExtension>
        </extensions>
      </trkpt>
      <trkpt lat="30.47861273694658" lon="104.02290570801698">
        <ele>482.23625790234655</ele>
        <time>1970-01-01T00:11:43Z</time>
        <extensions>
          <gpxtpx:TrackPointExtension>
            <gpxtpx:hr>178</gpxtpx:hr>
          </gpxtpx:TrackPointExtension>
        </extensions>
      </trkpt>
      <trkpt lat="30.47863754843387" lon="104.02292879132318">
        <ele>482.2397665483877</ele>
        <time>1970-01-01T00:11:44Z</time>
        <extensions>
          <gpxtpx:TrackPointExtension>
            <gpxtpx:hr>178</gpxtpx:hr>
          </gpxtpx:TrackPointExtension>
        </extensions>
      </trkpt>
      <trkpt lat="30.47866324568044" lon="104.02295271748321">
        <ele>482.24348837602884</ele>
        <time>1970-01-01T00:11:45Z</time>
        <extensions>
          <gpxtpx:TrackPointExtension>
            <gpxtpx:hr>178</gpxtpx:hr>
          </gpxtpx:TrackPointExtension>
        </extensions>
      </trkpt>
      <trkpt lat="30.478689582866917" lon="104.02297651866134">
        <ele>482.24729107972234</ele>
        <time>1970-01-01T00:11:46Z</time>
        <extensions>
          <gpxtpx:TrackPointExtension>
            <gpxtpx:hr>178</gpxtpx:hr>
          </gpxtpx:TrackPointExtension>
        </extensions>
      </trkpt>
      <trkpt lat="30.47871664112218" lon="104.02299893898616">
        <ele>482.2509406711906</ele>
        <time>1970-01-01T00:11:47Z</time>
        <extensions>
          <gpxtpx:TrackPointExtension>
            <gpxtpx:hr>178</gpxtpx:hr>
          </gpxtpx:TrackPointExtension>
        </extensions>
      </trkpt>
      <trkpt lat="30.47874408607383" lon="104.02301962896702">
        <ele>482.2540892139077</ele>
        <time>1970-01-01T00:11:48Z</time>
        <extensions>
          <gpxtpx:TrackPointExtension>
            <gpxtpx:hr>178</gpxtpx:hr>
          </gpxtpx:TrackPointExtension>
        </extensions>
      </trkpt>
      <trkpt lat="30.47877189965071" lon="104.02303904224046">
        <ele>482.2563872402534</ele>
        <time>1970-01-01T00:11:49Z</time>
        <extensions>
          <gpxtpx:TrackPointExtension>
            <gpxtpx:hr>179</gpxtpx:hr>
          </gpxtpx:TrackPointExtension>
        </extensions>
      </trkpt>
      <trkpt lat="30.47880019374414" lon="104.02305744657856">
        <ele>482.25762064848095</ele>
        <time>1970-01-01T00:11:50Z</time>
        <extensions>
          <gpxtpx:TrackPointExtension>
            <gpxtpx:hr>179</gpxtpx:hr>
          </gpxtpx:TrackPointExtension>
        </extensions>
      </trkpt>
      <trkpt lat="30.478829267392555" lon="104.02307543031301">
        <ele>482.257641996257</ele>
        <time>1970-01-01T00:11:51Z</time>
        <extensions>
          <gpxtpx:TrackPointExtension>
            <gpxtpx:hr>179</gpxtpx:hr>
          </gpxtpx:TrackPointExtension>
        </extensions>
      </trkpt>
      <trkpt lat="30.478858234888573" lon="104.02309271723789">
        <ele>482.2563322726637</ele>
        <time>1970-01-01T00:11:52Z</time>
        <extensions>
          <gpxtpx:TrackPointExtension>
            <gpxtpx:hr>179</gpxtpx:hr>
          </gpxtpx:TrackPointExtension>
        </extensions>
      </trkpt>
      <trkpt lat="30.4788865029332" lon="104.02310903732817">
        <ele>482.2536725308746</ele>
        <time>1970-01-01T00:11:53Z</time>
        <extensions>
          <gpxtpx:TrackPointExtension>
            <gpxtpx:hr>179</gpxtpx:hr>
          </gpxtpx:TrackPointExtension>
        </extensions>
      </trkpt>
      <trkpt lat="30.478913810058458" lon="104.02312505718862">
        <ele>482.24965865630656</ele>
        <time>1970-01-01T00:11:54Z</time>
        <extensions>
          <gpxtpx:TrackPointExtension>
            <gpxtpx:hr>179</gpxtpx:hr>
          </gpxtpx:TrackPointExtension>
        </extensions>
      </trkpt>
      <trkpt lat="30.478940700053823" lon="104.0231413259427">
        <ele>482.2444458883256</ele>
        <time>1970-01-01T00:11:55Z</time>
        <extensions>
          <gpxtpx:TrackPointExtension>
            <gpxtpx:hr>179</gpxtpx:hr>
          </gpxtpx:TrackPointExtension>
        </extensions>
      </trkpt>
      <trkpt lat="30.478967312606212" lon="104.02315788526309">
        <ele>482.2383664045483</ele>
        <time>1970-01-01T00:11:56Z</time>
        <extensions>
          <gpxtpx:TrackPointExtension>
            <gpxtpx:hr>179</gpxtpx:hr>
          </gpxtpx:TrackPointExtension>
        </extensions>
      </trkpt>
      <trkpt lat="30.478994153815268" lon="104.02317427655504">
        <ele>482.23197135329247</ele>
        <time>1970-01-01T00:11:57Z</time>
        <extensions>
          <gpxtpx:TrackPointExtension>
            <gpxtpx:hr>179</gpxtpx:hr>
          </gpxtpx:TrackPointExtension>
        </extensions>
      </trkpt>
      <trkpt lat="30.479021312464646" lon="104.02318978237025">
        <ele>482.22571291122586</ele>
        <time>1970-01-01T00:11:58Z</time>
        <extensions>
          <gpxtpx:TrackPointExtension>
            <gpxtpx:hr>179</gpxtpx:hr>
          </gpxtpx:TrackPointExtension>
        </extensions>
      </trkpt>
      <trkpt lat="30.47904876390432" lon="104.02320439767186">
        <ele>482.2200694140047</ele>
        <time>1970-01-01T00:11:59Z</time>
        <extensions>
          <gpxtpx:TrackPointExtension>
            <gpxtpx:hr>179</gpxtpx:hr>
          </gpxtpx:TrackPointExtension>
        </extensions>
      </trkpt>
      <trkpt lat="30.479076977006468" lon="104.02321837131814">
        <ele>482.2153967283666</ele>
        <time>1970-01-01T00:12:00Z</time>
        <extensions>
          <gpxtpx:TrackPointExtension>
            <gpxtpx:hr>179</gpxtpx:hr>
          </gpxtpx:TrackPointExtension>
        </extensions>
      </trkpt>
      <trkpt lat="30.47910625911844" lon="104.02323160546764">
        <ele>482.2118537025526</ele>
        <time>1970-01-01T00:12:01Z</time>
        <extensions>
          <gpxtpx:TrackPointExtension>
            <gpxtpx:hr>179</gpxtpx:hr>
          </gpxtpx:TrackPointExtension>
        </extensions>
      </trkpt>
      <trkpt lat="30.479136329545096" lon="104.02324403081994">
        <ele>482.2094048578292</ele>
        <time>1970-01-01T00:12:02Z</time>
        <extensions>
          <gpxtpx:TrackPointExtension>
            <gpxtpx:hr>179</gpxtpx:hr>
          </gpxtpx:TrackPointExtension>
        </extensions>
      </trkpt>
      <trkpt lat="30.479166413032548" lon="104.02325595591032">
        <ele>482.2077091252431</ele>
        <time>1970-01-01T00:12:03Z</time>
        <extensions>
          <gpxtpx:TrackPointExtension>
            <gpxtpx:hr>179</gpxtpx:hr>
          </gpxtpx:TrackPointExtension>
        </extensions>
      </trkpt>
      <trkpt lat="30.479196549951457" lon="104.02326737759161">
        <ele>482.20618168078363</ele>
        <time>1970-01-01T00:12:04Z</time>
        <extensions>
          <gpxtpx:TrackPointExtension>
            <gpxtpx:hr>179</gpxtpx:hr>
          </gpxtpx:TrackPointExtension>
        </extensions>
      </trkpt>
      <trkpt lat="30.479226595142862" lon="104.02327798819427">
        <ele>482.20406018104404</ele>
        <time>1970-01-01T00:12:05Z</time>
        <extensions>
          <gpxtpx:TrackPointExtension>
            <gpxtpx:hr>179</gpxtpx:hr>
          </gpxtpx:TrackPointExtension>
        </extensions>
      </trkpt>
      <trkpt lat="30.47925686941015" lon="104.0232876686515">
        <ele>482.20055886078626</ele>
        <time>1970-01-01T00:12:06Z</time>
        <extensions>
          <gpxtpx:TrackPointExtension>
            <gpxtpx:hr>179</gpxtpx:hr>
          </gpxtpx:TrackPointExtension>
        </extensions>
      </trkpt>
      <trkpt lat="30.47928717993799" lon="104.02329620087929">
        <ele>482.1949852388352</ele>
        <time>1970-01-01T00:12:07Z</time>
        <extensions>
          <gpxtpx:TrackPointExtension>
            <gpxtpx:hr>180</gpxtpx:hr>
          </gpxtpx:TrackPointExtension>
        </extensions>
      </trkpt>
      <trkpt lat="30.479317535098655" lon="104.02330343245846">
        <ele>482.1871128715575</ele>
        <time>1970-01-01T00:12:08Z</time>
        <extensions>
          <gpxtpx:TrackPointExtension>
            <gpxtpx:hr>180</gpxtpx:hr>
          </gpxtpx:TrackPointExtension>
        </extensions>
      </trkpt>
      <trkpt lat="30.47934766155044" lon="104.02330880937097">
        <ele>482.17701349873096</ele>
        <time>1970-01-01T00:12:09Z</time>
        <extensions>
          <gpxtpx:TrackPointExtension>
            <gpxtpx:hr>180</gpxtpx:hr>
          </gpxtpx:TrackPointExtension>
        </extensions>
      </trkpt>
      <trkpt lat="30.47937833019619" lon="104.02331226512779">
        <ele>482.1649689329788</ele>
        <time>1970-01-01T00:12:10Z</time>
        <extensions>
          <gpxtpx:TrackPointExtension>
            <gpxtpx:hr>180</gpxtpx:hr>
          </gpxtpx:TrackPointExtension>
        </extensions>
      </trkpt>
      <trkpt lat="30.479410121939566" lon="104.02331626947586">
        <ele>482.15153183508664</ele>
        <time>1970-01-01T00:12:11Z</time>
        <extensions>
          <gpxtpx:TrackPointExtension>
            <gpxtpx:hr>180</gpxtpx:hr>
          </gpxtpx:TrackPointExtension>
        </extensions>
      </trkpt>
      <trkpt lat="30.479442351368487" lon="104.0233229891859">
        <ele>482.137423671782</ele>
        <time>1970-01-01T00:12:12Z</time>
        <extensions>
          <gpxtpx:TrackPointExtension>
            <gpxtpx:hr>180</gpxtpx:hr>
          </gpxtpx:TrackPointExtension>
        </extensions>
      </trkpt>
      <trkpt lat="30.47947410688266" lon="104.02333219017153">
        <ele>482.1234325058758</ele>
        <time>1970-01-01T00:12:13Z</time>
        <extensions>
          <gpxtpx:TrackPointExtension>
            <gpxtpx:hr>180</gpxtpx:hr>
          </gpxtpx:TrackPointExtension>
        </extensions>
      </trkpt>
      <trkpt lat="30.47950519754916" lon="104.02334314401797">
        <ele>482.11037342995405</ele>
        <time>1970-01-01T00:12:14Z</time>
        <extensions>
          <gpxtpx:TrackPointExtension>
            <gpxtpx:hr>180</gpxtpx:hr>
          </gpxtpx:TrackPointExtension>
        </extensions>
      </trkpt>
      <trkpt lat="30.47953625708305" lon="104.02335513134089">
        <ele>482.09902640990913</ele>
        <time>1970-01-01T00:12:15Z</time>
        <extensions>
          <gpxtpx:TrackPointExtension>
            <gpxtpx:hr>180</gpxtpx:hr>
          </gpxtpx:TrackPointExtension>
        </extensions>
      </trkpt>
      <trkpt lat="30.47956688420722" lon="104.02336700184289">
        <ele>482.090047435835</ele>
        <time>1970-01-01T00:12:16Z</time>
        <extensions>
          <gpxtpx:TrackPointExtension>
            <gpxtpx:hr>180</gpxtpx:hr>
          </gpxtpx:TrackPointExtension>
        </extensions>
      </trkpt>
      <trkpt lat="30.479596868109628" lon="104.02337730747581">
        <ele>482.0838699126616</ele>
        <time>1970-01-01T00:12:17Z</time>
        <extensions>
          <gpxtpx:TrackPointExtension>
            <gpxtpx:hr>180</gpxtpx:hr>
          </gpxtpx:TrackPointExtension>
        </extensions>
      </trkpt>
      <trkpt lat="30.47962637523754" lon="104.023385833794">
        <ele>482.080607092008</ele>
        <time>1970-01-01T00:12:18Z</time>
        <extensions>
          <gpxtpx:TrackPointExtension>
            <gpxtpx:hr>180</gpxtpx:hr>
          </gpxtpx:TrackPointExtension>
        </extensions>
      </trkpt>
      <trkpt lat="30.47965641477161" lon="104.02339338208748">
        <ele>482.0800642427057</ele>
        <time>1970-01-01T00:12:19Z</time>
        <extensions>
          <gpxtpx:TrackPointExtension>
            <gpxtpx:hr>180</gpxtpx:hr>
          </gpxtpx:TrackPointExtension>
        </extensions>
      </trkpt>
      <trkpt lat="30.479686855760953" lon="104.02340039195697">
        <ele>482.081818328239</ele>
        <time>1970-01-01T00:12:20Z</time>
        <extensions>
          <gpxtpx:TrackPointExtension>
            <gpxtpx:hr>180</gpxtpx:hr>
          </gpxtpx:TrackPointExtension>
        </extensions>
      </trkpt>
      <trkpt lat="30.479717099797945" lon="104.02340734356211">
        <ele>482.08525529224426</ele>
        <time>1970-01-01T00:12:21Z</time>
        <extensions>
          <gpxtpx:TrackPointExtension>
            <gpxtpx:hr>179</gpxtpx:hr>
          </gpxtpx:TrackPointExtension>
        </extensions>
      </trkpt>
      <trkpt lat="30.479746921706575" lon="104.02341417703465">
        <ele>482.08968359511346</ele>
        <time>1970-01-01T00:12:22Z</time>
        <extensions>
          <gpxtpx:TrackPointExtension>
            <gpxtpx:hr>179</gpxtpx:hr>
          </gpxtpx:TrackPointExtension>
        </extensions>
      </trkpt>
      <trkpt lat="30.479777075229034" lon="104.02342011694961">
        <ele>482.0945609966293</ele>
        <time>1970-01-01T00:12:23Z</time>
        <extensions>
          <gpxtpx:TrackPointExtension>
            <gpxtpx:hr>179</gpxtpx:hr>
          </gpxtpx:TrackPointExtension>
        </extensions>
      </trkpt>
      <trkpt lat="30.479807834560585" lon="104.02342498357793">
        <ele>482.09964553732425</ele>
        <time>1970-01-01T00:12:24Z</time>
        <extensions>
          <gpxtpx:TrackPointExtension>
            <gpxtpx:hr>179</gpxtpx:hr>
          </gpxtpx:TrackPointExtension>
        </extensions>
      </trkpt>
      <trkpt lat="30.479838694966308" lon="104.02342850276985">
        <ele>482.1048582494259</ele>
        <time>1970-01-01T00:12:25Z</time>
        <extensions>
          <gpxtpx:TrackPointExtension>
            <gpxtpx:hr>179</gpxtpx:hr>
          </gpxtpx:TrackPointExtension>
        </extensions>
      </trkpt>
      <trkpt lat="30.47986943703045" lon="104.02343025490114">
        <ele>482.1102142492309</ele>
        <time>1970-01-01T00:12:26Z</time>
        <extensions>
          <gpxtpx:TrackPointExtension>
            <gpxtpx:hr>179</gpxtpx:hr>
          </gpxtpx:TrackPointExtension>
        </extensions>
      </trkpt>
      <trkpt lat="30.479900020810348" lon="104.02343072529104">
        <ele>482.1159076485783</ele>
        <time>1970-01-01T00:12:27Z</time>
        <extensions>
          <gpxtpx:TrackPointExtension>
            <gpxtpx:hr>179</gpxtpx:hr>
          </gpxtpx:TrackPointExtension>
        </extensions>
      </trkpt>
      <trkpt lat="30.47993085929001" lon="104.02343126185662">
        <ele>482.12226731237024</ele>
        <time>1970-01-01T00:12:28Z</time>
        <extensions>
          <gpxtpx:TrackPointExtension>
            <gpxtpx:hr>179</gpxtpx:hr>
          </gpxtpx:TrackPointExtension>
        </extensions>
      </trkpt>
      <trkpt lat="30.479962085748213" lon="104.02343271614538">
        <ele>482.1294077327475</ele>
        <time>1970-01-01T00:12:29Z</time>
        <extensions>
          <gpxtpx:TrackPointExtension>
            <gpxtpx:hr>179</gpxtpx:hr>
          </gpxtpx:TrackPointExtension>
        </extensions>
      </trkpt>
      <trkpt lat="30.479993695745165" lon="104.02343472221848">
        <ele>482.13746004831046</ele>
        <time>1970-01-01T00:12:30Z</time>
        <extensions>
          <gpxtpx:TrackPointExtension>
            <gpxtpx:hr>179</gpxtpx:hr>
          </gpxtpx:TrackPointExtension>
        </extensions>
      </trkpt>
      <trkpt lat="30.480025543796874" lon="104.02343710147127">
        <ele>482.1465012524277</ele>
        <time>1970-01-01T00:12:31Z</time>
        <extensions>
          <gpxtpx:TrackPointExtension>
            <gpxtpx:hr>179</gpxtpx:hr>
          </gpxtpx:TrackPointExtension>
        </extensions>
      </trkpt>
      <trkpt lat="30.480057942902906" lon="104.0234394745855">
        <ele>482.156367094256</ele>
        <time>1970-01-01T00:12:32Z</time>
        <extensions>
          <gpxtpx:TrackPointExtension>
            <gpxtpx:hr>179</gpxtpx:hr>
          </gpxtpx:TrackPointExtension>
        </extensions>
      </trkpt>
      <trkpt lat="30.480090240562923" lon="104.02344109157434">
        <ele>482.1664382778108</ele>
        <time>1970-01-01T00:12:33Z</time>
        <extensions>
          <gpxtpx:TrackPointExtension>
            <gpxtpx:hr>179</gpxtpx:hr>
          </gpxtpx:TrackPointExtension>
        </extensions>
      </trkpt>
      <trkpt lat="30.480122128164645" lon="104.02344145659428">
        <ele>482.1760331466794</ele>
        <time>1970-01-01T00:12:34Z</time>
        <extensions>
          <gpxtpx:TrackPointExtension>
            <gpxtpx:hr>179</gpxtpx:hr>
          </gpxtpx:TrackPointExtension>
        </extensions>
      </trkpt>
      <trkpt lat="30.480153862349702" lon="104.02344035624702">
        <ele>482.1842610742897</ele>
        <time>1970-01-01T00:12:35Z</time>
        <extensions>
          <gpxtpx:TrackPointExtension>
            <gpxtpx:hr>179</gpxtpx:hr>
          </gpxtpx:TrackPointExtension>
        </extensions>
      </trkpt>
      <trkpt lat="30.48018596832978" lon="104.02343692807678">
        <ele>482.19039530772716</ele>
        <time>1970-01-01T00:12:36Z</time>
        <extensions>
          <gpxtpx:TrackPointExtension>
            <gpxtpx:hr>179</gpxtpx:hr>
          </gpxtpx:TrackPointExtension>
        </extensions>
      </trkpt>
      <trkpt lat="30.48021804956435" lon="104.02343118968022">
        <ele>482.1941297510639</ele>
        <time>1970-01-01T00:12:37Z</time>
        <extensions>
          <gpxtpx:TrackPointExtension>
            <gpxtpx:hr>179</gpxtpx:hr>
          </gpxtpx:TrackPointExtension>
        </extensions>
      </trkpt>
      <trkpt lat="30.480249664254618" lon="104.02342485055804">
        <ele>482.1958949221298</ele>
        <time>1970-01-01T00:12:38Z</time>
        <extensions>
          <gpxtpx:TrackPointExtension>
            <gpxtpx:hr>179</gpxtpx:hr>
          </gpxtpx:TrackPointExtension>
        </extensions>
      </trkpt>
      <trkpt lat="30.48028086164009" lon="104.02341942500216">
        <ele>482.1963985469192</ele>
        <time>1970-01-01T00:12:39Z</time>
        <extensions>
          <gpxtpx:TrackPointExtension>
            <gpxtpx:hr>179</gpxtpx:hr>
          </gpxtpx:TrackPointExtension>
        </extensions>
      </trkpt>
      <trkpt lat="30.48031131967801" lon="104.0234149139966">
        <ele>482.1967496201396</ele>
        <time>1970-01-01T00:12:40Z</time>
        <extensions>
          <gpxtpx:TrackPointExtension>
            <gpxtpx:hr>179</gpxtpx:hr>
          </gpxtpx:TrackPointExtension>
        </extensions>
      </trkpt>
      <trkpt lat="30.480341497936454" lon="104.02340981799132">
        <ele>482.19813313987106</ele>
        <time>1970-01-01T00:12:41Z</time>
        <extensions>
          <gpxtpx:TrackPointExtension>
            <gpxtpx:hr>179</gpxtpx:hr>
          </gpxtpx:TrackPointExtension>
        </extensions>
      </trkpt>
      <trkpt lat="30.480372051538648" lon="104.02340383002915">
        <ele>482.2015196783468</ele>
        <time>1970-01-01T00:12:42Z</time>
        <extensions>
          <gpxtpx:TrackPointExtension>
            <gpxtpx:hr>179</gpxtpx:hr>
          </gpxtpx:TrackPointExtension>
        </extensions>
      </trkpt>
      <trkpt lat="30.480403355234145" lon="104.02339762807202">
        <ele>482.2073419485241</ele>
        <time>1970-01-01T00:12:43Z</time>
        <extensions>
          <gpxtpx:TrackPointExtension>
            <gpxtpx:hr>179</gpxtpx:hr>
          </gpxtpx:TrackPointExtension>
        </extensions>
      </trkpt>
      <trkpt lat="30.480434124809456" lon="104.0233909086709">
        <ele>482.2155478801578</ele>
        <time>1970-01-01T00:12:44Z</time>
        <extensions>
          <gpxtpx:TrackPointExtension>
            <gpxtpx:hr>179</gpxtpx:hr>
          </gpxtpx:TrackPointExtension>
        </extensions>
      </trkpt>
      <trkpt lat="30.480464091691548" lon="104.02338225954125">
        <ele>482.2255876073614</ele>
        <time>1970-01-01T00:12:45Z</time>
        <extensions>
          <gpxtpx:TrackPointExtension>
            <gpxtpx:hr>179</gpxtpx:hr>
          </gpxtpx:TrackPointExtension>
        </extensions>
      </trkpt>
      <trkpt lat="30.480493955742254" lon="104.023372031597">
        <ele>482.23656084015965</ele>
        <time>1970-01-01T00:12:46Z</time>
        <extensions>
          <gpxtpx:TrackPointExtension>
            <gpxtpx:hr>179</gpxtpx:hr>
          </gpxtpx:TrackPointExtension>
        </extensions>
      </trkpt>
      <trkpt lat="30.480523808188227" lon="104.02336146817485">
        <ele>482.24737731553614</ele>
        <time>1970-01-01T00:12:47Z</time>
        <extensions>
          <gpxtpx:TrackPointExtension>
            <gpxtpx:hr>179</gpxtpx:hr>
          </gpxtpx:TrackPointExtension>
        </extensions>
      </trkpt>
      <trkpt lat="30.480553703535875" lon="104.02335080727129">
        <ele>482.2572830924764</ele>
        <time>1970-01-01T00:12:48Z</time>
        <extensions>
          <gpxtpx:TrackPointExtension>
            <gpxtpx:hr>179</gpxtpx:hr>
          </gpxtpx:TrackPointExtension>
        </extensions>
      </trkpt>
      <trkpt lat="30.480583188387232" lon="104.02333953174325">
        <ele>482.2658371217549</ele>
        <time>1970-01-01T00:12:49Z</time>
        <extensions>
          <gpxtpx:TrackPointExtension>
            <gpxtpx:hr>179</gpxtpx:hr>
          </gpxtpx:TrackPointExtension>
        </extensions>
      </trkpt>
      <trkpt lat="30.480611894823603" lon="104.02332691616748">
        <ele>482.27291466947645</ele>
        <time>1970-01-01T00:12:50Z</time>
        <extensions>
          <gpxtpx:TrackPointExtension>
            <gpxtpx:hr>179</gpxtpx:hr>
          </gpxtpx:TrackPointExtension>
        </extensions>
      </trkpt>
      <trkpt lat="30.480640251610982" lon="104.02331350249109">
        <ele>482.27855749055743</ele>
        <time>1970-01-01T00:12:51Z</time>
        <extensions>
          <gpxtpx:TrackPointExtension>
            <gpxtpx:hr>179</gpxtpx:hr>
          </gpxtpx:TrackPointExtension>
        </extensions>
      </trkpt>
      <trkpt lat="30.480669055901778" lon="104.0233001035095">
        <ele>482.2828872622922</ele>
        <time>1970-01-01T00:12:52Z</time>
        <extensions>
          <gpxtpx:TrackPointExtension>
            <gpxtpx:hr>179</gpxtpx:hr>
          </gpxtpx:TrackPointExtension>
        </extensions>
      </trkpt>
      <trkpt lat="30.480697661632437" lon="104.02328709193249">
        <ele>482.28585544228554</ele>
        <time>1970-01-01T00:12:53Z</time>
        <extensions>
          <gpxtpx:TrackPointExtension>
            <gpxtpx:hr>179</gpxtpx:hr>
          </gpxtpx:TrackPointExtension>
        </extensions>
      </trkpt>
      <trkpt lat="30.480725964097555" lon="104.02327294088401">
        <ele>482.2871994096786</ele>
        <time>1970-01-01T00:12:54Z</time>
        <extensions>
          <gpxtpx:TrackPointExtension>
            <gpxtpx:hr>180</gpxtpx:hr>
          </gpxtpx:TrackPointExtension>
        </extensions>
      </trkpt>
      <trkpt lat="30.48075420519241" lon="104.02325703418549">
        <ele>482.28652906324714</ele>
        <time>1970-01-01T00:12:55Z</time>
        <extensions>
          <gpxtpx:TrackPointExtension>
            <gpxtpx:hr>180</gpxtpx:hr>
          </gpxtpx:TrackPointExtension>
        </extensions>
      </trkpt>
      <trkpt lat="30.48078169514768" lon="104.02323979216806">
        <ele>482.28357069101185</ele>
        <time>1970-01-01T00:12:56Z</time>
        <extensions>
          <gpxtpx:TrackPointExtension>
            <gpxtpx:hr>180</gpxtpx:hr>
          </gpxtpx:TrackPointExtension>
        </extensions>
      </trkpt>
      <trkpt lat="30.480807923185427" lon="104.02322137778759">
        <ele>482.27800860535353</ele>
        <time>1970-01-01T00:12:57Z</time>
        <extensions>
          <gpxtpx:TrackPointExtension>
            <gpxtpx:hr>180</gpxtpx:hr>
          </gpxtpx:TrackPointExtension>
        </extensions>
      </trkpt>
      <trkpt lat="30.480833479839678" lon="104.0232024051523">
        <ele>482.2697591204196</ele>
        <time>1970-01-01T00:12:58Z</time>
        <extensions>
          <gpxtpx:TrackPointExtension>
            <gpxtpx:hr>180</gpxtpx:hr>
          </gpxtpx:TrackPointExtension>
        </extensions>
      </trkpt>
      <trkpt lat="30.48085921551599" lon="104.02318317560162">
        <ele>482.25905316509306</ele>
        <time>1970-01-01T00:12:59Z</time>
        <extensions>
          <gpxtpx:TrackPointExtension>
            <gpxtpx:hr>180</gpxtpx:hr>
          </gpxtpx:TrackPointExtension>
        </extensions>
      </trkpt>
      <trkpt lat="30.480884790584927" lon="104.02316366673907">
        <ele>482.2463677544147</ele>
        <time>1970-01-01T00:13:00Z</time>
        <extensions>
          <gpxtpx:TrackPointExtension>
            <gpxtpx:hr>180</gpxtpx:hr>
          </gpxtpx:TrackPointExtension>
        </extensions>
      </trkpt>
      <trkpt lat="30.480909699378444" lon="104.02314323711282">
        <ele>482.23203437030315</ele>
        <time>1970-01-01T00:13:01Z</time>
        <extensions>
          <gpxtpx:TrackPointExtension>
            <gpxtpx:hr>180</gpxtpx:hr>
          </gpxtpx:TrackPointExtension>
        </extensions>
      </trkpt>
      <trkpt lat="30.48093359034164" lon="104.02312199147991">
        <ele>482.21652755793184</ele>
        <time>1970-01-01T00:13:02Z</time>
        <extensions>
          <gpxtpx:TrackPointExtension>
            <gpxtpx:hr>179</gpxtpx:hr>
          </gpxtpx:TrackPointExtension>
        </extensions>
      </trkpt>
      <trkpt lat="30.480957134594515" lon="104.02309924519827">
        <ele>482.2002042233944</ele>
        <time>1970-01-01T00:13:03Z</time>
        <extensions>
          <gpxtpx:TrackPointExtension>
            <gpxtpx:hr>179</gpxtpx:hr>
          </gpxtpx:TrackPointExtension>
        </extensions>
      </trkpt>
      <trkpt lat="30.480980556373442" lon="104.0230753330314">
        <ele>482.18333608377725</ele>
        <time>1970-01-01T00:13:04Z</time>
        <extensions>
          <gpxtpx:TrackPointExtension>
            <gpxtpx:hr>179</gpxtpx:hr>
          </gpxtpx:TrackPointExtension>
        </extensions>
      </trkpt>
      <trkpt lat="30.481003151274773" lon="104.0230514713686">
        <ele>482.1662674769759</ele>
        <time>1970-01-01T00:13:05Z</time>
        <extensions>
          <gpxtpx:TrackPointExtension>
            <gpxtpx:hr>179</gpxtpx:hr>
          </gpxtpx:TrackPointExtension>
        </extensions>
      </trkpt>
      <trkpt lat="30.481024503859633" lon="104.02302789152755">
        <ele>482.1496334038675</ele>
        <time>1970-01-01T00:13:06Z</time>
        <extensions>
          <gpxtpx:TrackPointExtension>
            <gpxtpx:hr>179</gpxtpx:hr>
          </gpxtpx:TrackPointExtension>
        </extensions>
      </trkpt>
      <trkpt lat="30.481045424823378" lon="104.02300426828955">
        <ele>482.1341746887192</ele>
        <time>1970-01-01T00:13:07Z</time>
        <extensions>
          <gpxtpx:TrackPointExtension>
            <gpxtpx:hr>179</gpxtpx:hr>
          </gpxtpx:TrackPointExtension>
        </extensions>
      </trkpt>
      <trkpt lat="30.4810671457957" lon="104.02298026950793">
        <ele>482.1206969199702</ele>
        <time>1970-01-01T00:13:08Z</time>
        <extensions>
          <gpxtpx:TrackPointExtension>
            <gpxtpx:hr>179</gpxtpx:hr>
          </gpxtpx:TrackPointExtension>
        </extensions>
      </trkpt>
      <trkpt lat="30.481089082213813" lon="104.02295582717585">
        <ele>482.10989389475435</ele>
        <time>1970-01-01T00:13:09Z</time>
        <extensions>
          <gpxtpx:TrackPointExtension>
            <gpxtpx:hr>179</gpxtpx:hr>
          </gpxtpx:TrackPointExtension>
        </extensions>
      </trkpt>
      <trkpt lat="30.48111062088934" lon="104.02292962714941">
        <ele>482.10239406023175</ele>
        <time>1970-01-01T00:13:10Z</time>
        <extensions>
          <gpxtpx:TrackPointExtension>
            <gpxtpx:hr>179</gpxtpx:hr>
          </gpxtpx:TrackPointExtension>
        </extensions>
      </trkpt>
      <trkpt lat="30.481131480910424" lon="104.02290147448943">
        <ele>482.0984528437257</ele>
        <time>1970-01-01T00:13:11Z</time>
        <extensions>
          <gpxtpx:TrackPointExtension>
            <gpxtpx:hr>179</gpxtpx:hr>
          </gpxtpx:TrackPointExtension>
        </extensions>
      </trkpt>
      <trkpt lat="30.481151622729957" lon="104.02287178547215">
        <ele>482.0978068653494</ele>
        <time>1970-01-01T00:13:12Z</time>
        <extensions>
          <gpxtpx:TrackPointExtension>
            <gpxtpx:hr>179</gpxtpx:hr>
          </gpxtpx:TrackPointExtension>
        </extensions>
      </trkpt>
      <trkpt lat="30.481170780691162" lon="104.02284124229908">
        <ele>482.0997949531302</ele>
        <time>1970-01-01T00:13:13Z</time>
        <extensions>
          <gpxtpx:TrackPointExtension>
            <gpxtpx:hr>179</gpxtpx:hr>
          </gpxtpx:TrackPointExtension>
        </extensions>
      </trkpt>
      <trkpt lat="30.481188948248516" lon="104.02280979299347">
        <ele>482.10366542544216</ele>
        <time>1970-01-01T00:13:14Z</time>
        <extensions>
          <gpxtpx:TrackPointExtension>
            <gpxtpx:hr>179</gpxtpx:hr>
          </gpxtpx:TrackPointExtension>
        </extensions>
      </trkpt>
      <trkpt lat="30.481206666926028" lon="104.02277725629601">
        <ele>482.1084945593029</ele>
        <time>1970-01-01T00:13:15Z</time>
        <extensions>
          <gpxtpx:TrackPointExtension>
            <gpxtpx:hr>179</gpxtpx:hr>
          </gpxtpx:TrackPointExtension>
        </extensions>
      </trkpt>
      <trkpt lat="30.481224520194385" lon="104.02274432377544">
        <ele>482.11354405991733</ele>
        <time>1970-01-01T00:13:16Z</time>
        <extensions>
          <gpxtpx:TrackPointExtension>
            <gpxtpx:hr>179</gpxtpx:hr>
          </gpxtpx:TrackPointExtension>
        </extensions>
      </trkpt>
      <trkpt lat="30.48124266137132" lon="104.02271156732884">
        <ele>482.11842107307166</ele>
        <time>1970-01-01T00:13:17Z</time>
        <extensions>
          <gpxtpx:TrackPointExtension>
            <gpxtpx:hr>179</gpxtpx:hr>
          </gpxtpx:TrackPointExtension>
        </extensions>
      </trkpt>
      <trkpt lat="30.48126000924223" lon="104.02267966307339">
        <ele>482.1230036960915</ele>
        <time>1970-01-01T00:13:18Z</time>
        <extensions>
          <gpxtpx:TrackPointExtension>
            <gpxtpx:hr>180</gpxtpx:hr>
          </gpxtpx:TrackPointExtension>
        </extensions>
      </trkpt>
      <trkpt lat="30.481276060739972" lon="104.02264832646755">
        <ele>482.1272025378421</ele>
        <time>1970-01-01T00:13:19Z</time>
        <extensions>
          <gpxtpx:TrackPointExtension>
            <gpxtpx:hr>180</gpxtpx:hr>
          </gpxtpx:TrackPointExtension>
        </extensions>
      </trkpt>
      <trkpt lat="30.48129080450656" lon="104.02261738805015">
        <ele>482.13066640496254</ele>
        <time>1970-01-01T00:13:20Z</time>
        <extensions>
          <gpxtpx:TrackPointExtension>
            <gpxtpx:hr>180</gpxtpx:hr>
          </gpxtpx:TrackPointExtension>
        </extensions>
      </trkpt>
      <trkpt lat="30.481304364396504" lon="104.02258568428684">
        <ele>482.1329212607816</ele>
        <time>1970-01-01T00:13:21Z</time>
        <extensions>
          <gpxtpx:TrackPointExtension>
            <gpxtpx:hr>181</gpxtpx:hr>
          </gpxtpx:TrackPointExtension>
        </extensions>
      </trkpt>
      <trkpt lat="30.481317436674846" lon="104.02255361990517">
        <ele>482.1335399625823</ele>
        <time>1970-01-01T00:13:22Z</time>
        <extensions>
          <gpxtpx:TrackPointExtension>
            <gpxtpx:hr>181</gpxtpx:hr>
          </gpxtpx:TrackPointExtension>
        </extensions>
      </trkpt>
      <trkpt lat="30.481330964196914" lon="104.02252221897663">
        <ele>482.13231812324375</ele>
        <time>1970-01-01T00:13:23Z</time>
        <extensions>
          <gpxtpx:TrackPointExtension>
            <gpxtpx:hr>181</gpxtpx:hr>
          </gpxtpx:TrackPointExtension>
        </extensions>
      </trkpt>
      <trkpt lat="30.481344864347978" lon="104.02249054445954">
        <ele>482.12927435990423</ele>
        <time>1970-01-01T00:13:24Z</time>
        <extensions>
          <gpxtpx:TrackPointExtension>
            <gpxtpx:hr>181</gpxtpx:hr>
          </gpxtpx:TrackPointExtension>
        </extensions>
      </trkpt>
      <trkpt lat="30.48135746253417" lon="104.0224579447081">
        <ele>482.124650798738</ele>
        <time>1970-01-01T00:13:25Z</time>
        <extensions>
          <gpxtpx:TrackPointExtension>
            <gpxtpx:hr>181</gpxtpx:hr>
          </gpxtpx:TrackPointExtension>
        </extensions>
      </trkpt>
      <trkpt lat="30.48136780882245" lon="104.02242399763463">
        <ele>482.11880583595484</ele>
        <time>1970-01-01T00:13:26Z</time>
        <extensions>
          <gpxtpx:TrackPointExtension>
            <gpxtpx:hr>181</gpxtpx:hr>
          </gpxtpx:TrackPointExtension>
        </extensions>
      </trkpt>
      <trkpt lat="30.481376219174262" lon="104.02238955187926">
        <ele>482.112079708837</ele>
        <time>1970-01-01T00:13:27Z</time>
        <extensions>
          <gpxtpx:TrackPointExtension>
            <gpxtpx:hr>181</gpxtpx:hr>
          </gpxtpx:TrackPointExtension>
        </extensions>
      </trkpt>
      <trkpt lat="30.481383591888527" lon="104.02235454329566">
        <ele>482.10470328014344</ele>
        <time>1970-01-01T00:13:28Z</time>
        <extensions>
          <gpxtpx:TrackPointExtension>
            <gpxtpx:hr>180</gpxtpx:hr>
          </gpxtpx:TrackPointExtension>
        </extensions>
      </trkpt>
      <trkpt lat="30.48139091814327" lon="104.02231953458227">
        <ele>482.09684519376606</ele>
        <time>1970-01-01T00:13:29Z</time>
        <extensions>
          <gpxtpx:TrackPointExtension>
            <gpxtpx:hr>180</gpxtpx:hr>
          </gpxtpx:TrackPointExtension>
        </extensions>
      </trkpt>
      <trkpt lat="30.481398229911264" lon="104.02228546769533">
        <ele>482.08881684578955</ele>
        <time>1970-01-01T00:13:30Z</time>
        <extensions>
          <gpxtpx:TrackPointExtension>
            <gpxtpx:hr>180</gpxtpx:hr>
          </gpxtpx:TrackPointExtension>
        </extensions>
      </trkpt>
      <trkpt lat="30.481404762392174" lon="104.0222518700198">
        <ele>482.0810052799061</ele>
        <time>1970-01-01T00:13:31Z</time>
        <extensions>
          <gpxtpx:TrackPointExtension>
            <gpxtpx:hr>180</gpxtpx:hr>
          </gpxtpx:TrackPointExtension>
        </extensions>
      </trkpt>
      <trkpt lat="30.48141030825727" lon="104.02221817340342">
        <ele>482.0737259509042</ele>
        <time>1970-01-01T00:13:32Z</time>
        <extensions>
          <gpxtpx:TrackPointExtension>
            <gpxtpx:hr>180</gpxtpx:hr>
          </gpxtpx:TrackPointExtension>
        </extensions>
      </trkpt>
      <trkpt lat="30.4814154799993" lon="104.02218354889591">
        <ele>482.0671054618433</ele>
        <time>1970-01-01T00:13:33Z</time>
        <extensions>
          <gpxtpx:TrackPointExtension>
            <gpxtpx:hr>180</gpxtpx:hr>
          </gpxtpx:TrackPointExtension>
        </extensions>
      </trkpt>
      <trkpt lat="30.481419871995918" lon="104.0221486522609">
        <ele>482.0612357603386</ele>
        <time>1970-01-01T00:13:34Z</time>
        <extensions>
          <gpxtpx:TrackPointExtension>
            <gpxtpx:hr>180</gpxtpx:hr>
          </gpxtpx:TrackPointExtension>
        </extensions>
      </trkpt>
      <trkpt lat="30.48142273343219" lon="104.02211440678366">
        <ele>482.0561711238697</ele>
        <time>1970-01-01T00:13:35Z</time>
        <extensions>
          <gpxtpx:TrackPointExtension>
            <gpxtpx:hr>180</gpxtpx:hr>
          </gpxtpx:TrackPointExtension>
        </extensions>
      </trkpt>
      <trkpt lat="30.481423821302073" lon="104.02208090854789">
        <ele>482.0519241653383</ele>
        <time>1970-01-01T00:13:36Z</time>
        <extensions>
          <gpxtpx:TrackPointExtension>
            <gpxtpx:hr>178</gpxtpx:hr>
          </gpxtpx:TrackPointExtension>
        </extensions>
      </trkpt>
      <trkpt lat="30.481423067967746" lon="104.02204604663439">
        <ele>482.048531640321</ele>
        <time>1970-01-01T00:13:37Z</time>
        <extensions>
          <gpxtpx:TrackPointExtension>
            <gpxtpx:hr>178</gpxtpx:hr>
          </gpxtpx:TrackPointExtension>
        </extensions>
      </trkpt>
      <trkpt lat="30.481421647366144" lon="104.02200969692883">
        <ele>482.0460597872734</ele>
        <time>1970-01-01T00:13:38Z</time>
        <extensions>
          <gpxtpx:TrackPointExtension>
            <gpxtpx:hr>178</gpxtpx:hr>
          </gpxtpx:TrackPointExtension>
        </extensions>
      </trkpt>
      <trkpt lat="30.481421288195115" lon="104.02197388788989">
        <ele>482.04443578235805</ele>
        <time>1970-01-01T00:13:39Z</time>
        <extensions>
          <gpxtpx:TrackPointExtension>
            <gpxtpx:hr>178</gpxtpx:hr>
          </gpxtpx:TrackPointExtension>
        </extensions>
      </trkpt>
      <trkpt lat="30.481422213456177" lon="104.02193887174448">
        <ele>482.04337123408914</ele>
        <time>1970-01-01T00:13:40Z</time>
        <extensions>
          <gpxtpx:TrackPointExtension>
            <gpxtpx:hr>178</gpxtpx:hr>
          </gpxtpx:TrackPointExtension>
        </extensions>
      </trkpt>
      <trkpt lat="30.481423425555427" lon="104.0219039547947">
        <ele>482.04247568547726</ele>
        <time>1970-01-01T00:13:41Z</time>
        <extensions>
          <gpxtpx:TrackPointExtension>
            <gpxtpx:hr>178</gpxtpx:hr>
          </gpxtpx:TrackPointExtension>
        </extensions>
      </trkpt>
      <trkpt lat="30.481423908268546" lon="104.02186869978927">
        <ele>482.0413372516632</ele>
        <time>1970-01-01T00:13:42Z</time>
        <extensions>
          <gpxtpx:TrackPointExtension>
            <gpxtpx:hr>178</gpxtpx:hr>
          </gpxtpx:TrackPointExtension>
        </extensions>
      </trkpt>
      <trkpt lat="30.481423151696927" lon="104.02183334440086">
        <ele>482.0396178942174</ele>
        <time>1970-01-01T00:13:43Z</time>
        <extensions>
          <gpxtpx:TrackPointExtension>
            <gpxtpx:hr>178</gpxtpx:hr>
          </gpxtpx:TrackPointExtension>
        </extensions>
      </trkpt>
      <trkpt lat="30.48142079021352" lon="104.02179794305121">
        <ele>482.0371727338061</ele>
        <time>1970-01-01T00:13:44Z</time>
        <extensions>
          <gpxtpx:TrackPointExtension>
            <gpxtpx:hr>178</gpxtpx:hr>
          </gpxtpx:TrackPointExtension>
        </extensions>
      </trkpt>
      <trkpt lat="30.481416432948794" lon="104.02176288027424">
        <ele>482.0341245960444</ele>
        <time>1970-01-01T00:13:45Z</time>
        <extensions>
          <gpxtpx:TrackPointExtension>
            <gpxtpx:hr>178</gpxtpx:hr>
          </gpxtpx:TrackPointExtension>
        </extensions>
      </trkpt>
      <trkpt lat="30.48141065015822" lon="104.02172663375458">
        <ele>482.03067555464804</ele>
        <time>1970-01-01T00:13:46Z</time>
        <extensions>
          <gpxtpx:TrackPointExtension>
            <gpxtpx:hr>178</gpxtpx:hr>
          </gpxtpx:TrackPointExtension>
        </extensions>
      </trkpt>
      <trkpt lat="30.481404961120507" lon="104.02168943487177">
        <ele>482.0270468406379</ele>
        <time>1970-01-01T00:13:47Z</time>
        <extensions>
          <gpxtpx:TrackPointExtension>
            <gpxtpx:hr>178</gpxtpx:hr>
          </gpxtpx:TrackPointExtension>
        </extensions>
      </trkpt>
      <trkpt lat="30.48140015874222" lon="104.02165302444944">
        <ele>482.0235102875158</ele>
        <time>1970-01-01T00:13:48Z</time>
        <extensions>
          <gpxtpx:TrackPointExtension>
            <gpxtpx:hr>179</gpxtpx:hr>
          </gpxtpx:TrackPointExtension>
        </extensions>
      </trkpt>
      <trkpt lat="30.481395173845645" lon="104.02161750762664">
        <ele>482.0202801236883</ele>
        <time>1970-01-01T00:13:49Z</time>
        <extensions>
          <gpxtpx:TrackPointExtension>
            <gpxtpx:hr>179</gpxtpx:hr>
          </gpxtpx:TrackPointExtension>
        </extensions>
      </trkpt>
      <trkpt lat="30.48138892696697" lon="104.02158304630417">
        <ele>482.01739859208465</ele>
        <time>1970-01-01T00:13:50Z</time>
        <extensions>
          <gpxtpx:TrackPointExtension>
            <gpxtpx:hr>179</gpxtpx:hr>
          </gpxtpx:TrackPointExtension>
        </extensions>
      </trkpt>
      <trkpt lat="30.48138131622363" lon="104.02154913099154">
        <ele>482.0147061944008</ele>
        <time>1970-01-01T00:13:51Z</time>
        <extensions>
          <gpxtpx:TrackPointExtension>
            <gpxtpx:hr>179</gpxtpx:hr>
          </gpxtpx:TrackPointExtension>
        </extensions>
      </trkpt>
      <trkpt lat="30.4813731458403" lon="104.02151518517448">
        <ele>482.0119827631861</ele>
        <time>1970-01-01T00:13:52Z</time>
        <extensions>
          <gpxtpx:TrackPointExtension>
            <gpxtpx:hr>179</gpxtpx:hr>
          </gpxtpx:TrackPointExtension>
        </extensions>
      </trkpt>
      <trkpt lat="30.4813652895123" lon="104.02148069143425">
        <ele>482.0090681826696</ele>
        <time>1970-01-01T00:13:53Z</time>
        <extensions>
          <gpxtpx:TrackPointExtension>
            <gpxtpx:hr>180</gpxtpx:hr>
          </gpxtpx:TrackPointExtension>
        </extensions>
      </trkpt>
      <trkpt lat="30.48135774137231" lon="104.02144682232479">
        <ele>482.00593548826873</ele>
        <time>1970-01-01T00:13:54Z</time>
        <extensions>
          <gpxtpx:TrackPointExtension>
            <gpxtpx:hr>180</gpxtpx:hr>
          </gpxtpx:TrackPointExtension>
        </extensions>
      </trkpt>
      <trkpt lat="30.48135013570455" lon="104.02141278221576">
        <ele>482.0027471324429</ele>
        <time>1970-01-01T00:13:55Z</time>
        <extensions>
          <gpxtpx:TrackPointExtension>
            <gpxtpx:hr>180</gpxtpx:hr>
          </gpxtpx:TrackPointExtension>
        </extensions>
      </trkpt>
      <trkpt lat="30.481342637367536" lon="104.02137801462995">
        <ele>481.9998162025586</ele>
        <time>1970-01-01T00:13:56Z</time>
        <extensions>
          <gpxtpx:TrackPointExtension>
            <gpxtpx:hr>180</gpxtpx:hr>
          </gpxtpx:TrackPointExtension>
        </extensions>
      </trkpt>
      <trkpt lat="30.481334989238043" lon="104.02134408730767">
        <ele>481.99744230974466</ele>
        <time>1970-01-01T00:13:57Z</time>
        <extensions>
          <gpxtpx:TrackPointExtension>
            <gpxtpx:hr>181</gpxtpx:hr>
          </gpxtpx:TrackPointExtension>
        </extensions>
      </trkpt>
      <trkpt lat="30.48132640756895" lon="104.02131124355013">
        <ele>481.9957604557276</ele>
        <time>1970-01-01T00:13:58Z</time>
        <extensions>
          <gpxtpx:TrackPointExtension>
            <gpxtpx:hr>181</gpxtpx:hr>
          </gpxtpx:TrackPointExtension>
        </extensions>
      </trkpt>
      <trkpt lat="30.481317040816187" lon="104.02127904923253">
        <ele>481.9947512270883</ele>
        <time>1970-01-01T00:13:59Z</time>
        <extensions>
          <gpxtpx:TrackPointExtension>
            <gpxtpx:hr>181</gpxtpx:hr>
          </gpxtpx:TrackPointExtension>
        </extensions>
      </trkpt>
      <trkpt lat="30.48130777831052" lon="104.02124642702667">
        <ele>481.99431728664786</ele>
        <time>1970-01-01T00:14:00Z</time>
        <extensions>
          <gpxtpx:TrackPointExtension>
            <gpxtpx:hr>181</gpxtpx:hr>
          </gpxtpx:TrackPointExtension>
        </extensions>
      </trkpt>
      <trkpt lat="30.48129883735976" lon="104.02121332932316">
        <ele>481.9943251609802</ele>
        <time>1970-01-01T00:14:01Z</time>
        <extensions>
          <gpxtpx:TrackPointExtension>
            <gpxtpx:hr>181</gpxtpx:hr>
          </gpxtpx:TrackPointExtension>
        </extensions>
      </trkpt>
      <trkpt lat="30.481289719760046" lon="104.02117992930594">
        <ele>481.99467809218913</ele>
        <time>1970-01-01T00:14:02Z</time>
        <extensions>
          <gpxtpx:TrackPointExtension>
            <gpxtpx:hr>182</gpxtpx:hr>
          </gpxtpx:TrackPointExtension>
        </extensions>
      </trkpt>
      <trkpt lat="30.48128076063705" lon="104.02114612234942">
        <ele>481.9953374201432</ele>
        <time>1970-01-01T00:14:03Z</time>
        <extensions>
          <gpxtpx:TrackPointExtension>
            <gpxtpx:hr>182</gpxtpx:hr>
          </gpxtpx:TrackPointExtension>
        </extensions>
      </trkpt>
      <trkpt lat="30.481272030078852" lon="104.02111184044232">
        <ele>481.99618061445653</ele>
        <time>1970-01-01T00:14:04Z</time>
        <extensions>
          <gpxtpx:TrackPointExtension>
            <gpxtpx:hr>182</gpxtpx:hr>
          </gpxtpx:TrackPointExtension>
        </extensions>
      </trkpt>
      <trkpt lat="30.481263347926692" lon="104.02107814351372">
        <ele>481.99703919235617</ele>
        <time>1970-01-01T00:14:05Z</time>
        <extensions>
          <gpxtpx:TrackPointExtension>
            <gpxtpx:hr>182</gpxtpx:hr>
          </gpxtpx:TrackPointExtension>
        </extensions>
      </trkpt>
      <trkpt lat="30.48125402746024" lon="104.02104514417957">
        <ele>481.99782422650605</ele>
        <time>1970-01-01T00:14:06Z</time>
        <extensions>
          <gpxtpx:TrackPointExtension>
            <gpxtpx:hr>182</gpxtpx:hr>
          </gpxtpx:TrackPointExtension>
        </extensions>
      </trkpt>
      <trkpt lat="30.481244229714655" lon="104.0210123728208">
        <ele>481.99847558978945</ele>
        <time>1970-01-01T00:14:07Z</time>
        <extensions>
          <gpxtpx:TrackPointExtension>
            <gpxtpx:hr>179</gpxtpx:hr>
          </gpxtpx:TrackPointExtension>
        </extensions>
      </trkpt>
      <trkpt lat="30.481234006451782" lon="104.02097950746513">
        <ele>481.99889297038317</ele>
        <time>1970-01-01T00:14:08Z</time>
        <extensions>
          <gpxtpx:TrackPointExtension>
            <gpxtpx:hr>179</gpxtpx:hr>
          </gpxtpx:TrackPointExtension>
        </extensions>
      </trkpt>
      <trkpt lat="30.48122319475697" lon="104.02094629038906">
        <ele>481.9988953862339</ele>
        <time>1970-01-01T00:14:09Z</time>
        <extensions>
          <gpxtpx:TrackPointExtension>
            <gpxtpx:hr>179</gpxtpx:hr>
          </gpxtpx:TrackPointExtension>
        </extensions>
      </trkpt>
      <trkpt lat="30.481212694346365" lon="104.02091283373782">
        <ele>481.9983706623316</ele>
        <time>1970-01-01T00:14:10Z</time>
        <extensions>
          <gpxtpx:TrackPointExtension>
            <gpxtpx:hr>179</gpxtpx:hr>
          </gpxtpx:TrackPointExtension>
        </extensions>
      </trkpt>
      <trkpt lat="30.481202751591976" lon="104.02087935914508">
        <ele>481.9972247919068</ele>
        <time>1970-01-01T00:14:11Z</time>
        <extensions>
          <gpxtpx:TrackPointExtension>
            <gpxtpx:hr>179</gpxtpx:hr>
          </gpxtpx:TrackPointExtension>
        </extensions>
      </trkpt>
      <trkpt lat="30.481193021969432" lon="104.02084684472761">
        <ele>481.9953808579594</ele>
        <time>1970-01-01T00:14:12Z</time>
        <extensions>
          <gpxtpx:TrackPointExtension>
            <gpxtpx:hr>179</gpxtpx:hr>
          </gpxtpx:TrackPointExtension>
        </extensions>
      </trkpt>
      <trkpt lat="30.481182593651255" lon="104.02081478583517">
        <ele>481.99284514877945</ele>
        <time>1970-01-01T00:14:13Z</time>
        <extensions>
          <gpxtpx:TrackPointExtension>
            <gpxtpx:hr>179</gpxtpx:hr>
          </gpxtpx:TrackPointExtension>
        </extensions>
      </trkpt>
      <trkpt lat="30.48117197674637" lon="104.0207826335541">
        <ele>481.98984629288316</ele>
        <time>1970-01-01T00:14:14Z</time>
        <extensions>
          <gpxtpx:TrackPointExtension>
            <gpxtpx:hr>179</gpxtpx:hr>
          </gpxtpx:TrackPointExtension>
        </extensions>
      </trkpt>
      <trkpt lat="30.481162206730914" lon="104.0207499627038">
        <ele>481.98650734499097</ele>
        <time>1970-01-01T00:14:15Z</time>
        <extensions>
          <gpxtpx:TrackPointExtension>
            <gpxtpx:hr>179</gpxtpx:hr>
          </gpxtpx:TrackPointExtension>
        </extensions>
      </trkpt>
      <trkpt lat="30.48115296390958" lon="104.02071784827">
        <ele>481.98278288543224</ele>
        <time>1970-01-01T00:14:16Z</time>
        <extensions>
          <gpxtpx:TrackPointExtension>
            <gpxtpx:hr>179</gpxtpx:hr>
          </gpxtpx:TrackPointExtension>
        </extensions>
      </trkpt>
      <trkpt lat="30.48114271540452" lon="104.02068668718124">
        <ele>481.97864574566483</ele>
        <time>1970-01-01T00:14:17Z</time>
        <extensions>
          <gpxtpx:TrackPointExtension>
            <gpxtpx:hr>179</gpxtpx:hr>
          </gpxtpx:TrackPointExtension>
        </extensions>
      </trkpt>
      <trkpt lat="30.48113108916929" lon="104.02065551020776">
        <ele>481.97407139092684</ele>
        <time>1970-01-01T00:14:18Z</time>
        <extensions>
          <gpxtpx:TrackPointExtension>
            <gpxtpx:hr>179</gpxtpx:hr>
          </gpxtpx:TrackPointExtension>
        </extensions>
      </trkpt>
      <trkpt lat="30.481118817108502" lon="104.02062399575577">
        <ele>481.9690561685711</ele>
        <time>1970-01-01T00:14:19Z</time>
        <extensions>
          <gpxtpx:TrackPointExtension>
            <gpxtpx:hr>179</gpxtpx:hr>
          </gpxtpx:TrackPointExtension>
        </extensions>
      </trkpt>
      <trkpt lat="30.481106430353893" lon="104.02059176716175">
        <ele>481.96383204031736</ele>
        <time>1970-01-01T00:14:20Z</time>
        <extensions>
          <gpxtpx:TrackPointExtension>
            <gpxtpx:hr>179</gpxtpx:hr>
          </gpxtpx:TrackPointExtension>
        </extensions>
      </trkpt>
      <trkpt lat="30.481094048810384" lon="104.02055993936352">
        <ele>481.95896556507796</ele>
        <time>1970-01-01T00:14:21Z</time>
        <extensions>
          <gpxtpx:TrackPointExtension>
            <gpxtpx:hr>179</gpxtpx:hr>
          </gpxtpx:TrackPointExtension>
        </extensions>
      </trkpt>
      <trkpt lat="30.481081324762805" lon="104.02052931049627">
        <ele>481.955070624128</ele>
        <time>1970-01-01T00:14:22Z</time>
        <extensions>
          <gpxtpx:TrackPointExtension>
            <gpxtpx:hr>179</gpxtpx:hr>
          </gpxtpx:TrackPointExtension>
        </extensions>
      </trkpt>
      <trkpt lat="30.4810683667964" lon="104.02049899575324">
        <ele>481.9527568137273</ele>
        <time>1970-01-01T00:14:23Z</time>
        <extensions>
          <gpxtpx:TrackPointExtension>
            <gpxtpx:hr>179</gpxtpx:hr>
          </gpxtpx:TrackPointExtension>
        </extensions>
      </trkpt>
      <trkpt lat="30.481054992550547" lon="104.02046786307181">
        <ele>481.9524421626702</ele>
        <time>1970-01-01T00:14:24Z</time>
        <extensions>
          <gpxtpx:TrackPointExtension>
            <gpxtpx:hr>179</gpxtpx:hr>
          </gpxtpx:TrackPointExtension>
        </extensions>
      </trkpt>
      <trkpt lat="30.481041518926837" lon="104.02043679654581">
        <ele>481.95418959483504</ele>
        <time>1970-01-01T00:14:25Z</time>
        <extensions>
          <gpxtpx:TrackPointExtension>
            <gpxtpx:hr>179</gpxtpx:hr>
          </gpxtpx:TrackPointExtension>
        </extensions>
      </trkpt>
      <trkpt lat="30.48102734369581" lon="104.02040612709219">
        <ele>481.95757846161723</ele>
        <time>1970-01-01T00:14:26Z</time>
        <extensions>
          <gpxtpx:TrackPointExtension>
            <gpxtpx:hr>179</gpxtpx:hr>
          </gpxtpx:TrackPointExtension>
        </extensions>
      </trkpt>
      <trkpt lat="30.481012588558016" lon="104.02037608340848">
        <ele>481.9618401778862</ele>
        <time>1970-01-01T00:14:27Z</time>
        <extensions>
          <gpxtpx:TrackPointExtension>
            <gpxtpx:hr>179</gpxtpx:hr>
          </gpxtpx:TrackPointExtension>
        </extensions>
      </trkpt>
      <trkpt lat="30.480998396981175" lon="104.02034697916811">
        <ele>481.9660533964634</ele>
        <time>1970-01-01T00:14:28Z</time>
        <extensions>
          <gpxtpx:TrackPointExtension>
            <gpxtpx:hr>179</gpxtpx:hr>
          </gpxtpx:TrackPointExtension>
        </extensions>
      </trkpt>
      <trkpt lat="30.480984657553385" lon="104.02031776129608">
        <ele>481.96938968636096</ele>
        <time>1970-01-01T00:14:29Z</time>
        <extensions>
          <gpxtpx:TrackPointExtension>
            <gpxtpx:hr>179</gpxtpx:hr>
          </gpxtpx:TrackPointExtension>
        </extensions>
      </trkpt>
      <trkpt lat="30.48097115094974" lon="104.0202877358078">
        <ele>481.9712712019682</ele>
        <time>1970-01-01T00:14:30Z</time>
        <extensions>
          <gpxtpx:TrackPointExtension>
            <gpxtpx:hr>179</gpxtpx:hr>
          </gpxtpx:TrackPointExtension>
        </extensions>
      </trkpt>
      <trkpt lat="30.480958455395648" lon="104.02025675544425">
        <ele>481.97147164680064</ele>
        <time>1970-01-01T00:14:31Z</time>
        <extensions>
          <gpxtpx:TrackPointExtension>
            <gpxtpx:hr>179</gpxtpx:hr>
          </gpxtpx:TrackPointExtension>
        </extensions>
      </trkpt>
      <trkpt lat="30.480947478282914" lon="104.02022492586178">
        <ele>481.97017736453563</ele>
        <time>1970-01-01T00:14:32Z</time>
        <extensions>
          <gpxtpx:TrackPointExtension>
            <gpxtpx:hr>180</gpxtpx:hr>
          </gpxtpx:TrackPointExtension>
        </extensions>
      </trkpt>
      <trkpt lat="30.48093725167417" lon="104.02019250020881">
        <ele>481.9677833914757</ele>
        <time>1970-01-01T00:14:33Z</time>
        <extensions>
          <gpxtpx:TrackPointExtension>
            <gpxtpx:hr>180</gpxtpx:hr>
          </gpxtpx:TrackPointExtension>
        </extensions>
      </trkpt>
      <trkpt lat="30.48092603664302" lon="104.02016084354096">
        <ele>481.96473816689104</ele>
        <time>1970-01-01T00:14:34Z</time>
        <extensions>
          <gpxtpx:TrackPointExtension>
            <gpxtpx:hr>180</gpxtpx:hr>
          </gpxtpx:TrackPointExtension>
        </extensions>
      </trkpt>
      <trkpt lat="30.48091232745677" lon="104.02013067658044">
        <ele>481.96148181986064</ele>
        <time>1970-01-01T00:14:35Z</time>
        <extensions>
          <gpxtpx:TrackPointExtension>
            <gpxtpx:hr>180</gpxtpx:hr>
          </gpxtpx:TrackPointExtension>
        </extensions>
      </trkpt>
      <trkpt lat="30.480896104647933" lon="104.02010163642306">
        <ele>481.95836183894426</ele>
        <time>1970-01-01T00:14:36Z</time>
        <extensions>
          <gpxtpx:TrackPointExtension>
            <gpxtpx:hr>180</gpxtpx:hr>
          </gpxtpx:TrackPointExtension>
        </extensions>
      </trkpt>
      <trkpt lat="30.48087883850106" lon="104.02007173389507">
        <ele>481.955597512424</ele>
        <time>1970-01-01T00:14:37Z</time>
        <extensions>
          <gpxtpx:TrackPointExtension>
            <gpxtpx:hr>180</gpxtpx:hr>
          </gpxtpx:TrackPointExtension>
        </extensions>
      </trkpt>
      <trkpt lat="30.48086282765582" lon="104.02004036379073">
        <ele>481.95334226079285</ele>
        <time>1970-01-01T00:14:38Z</time>
        <extensions>
          <gpxtpx:TrackPointExtension>
            <gpxtpx:hr>180</gpxtpx:hr>
          </gpxtpx:TrackPointExtension>
        </extensions>
      </trkpt>
      <trkpt lat="30.48084900164925" lon="104.02000848184802">
        <ele>481.9517414709553</ele>
        <time>1970-01-01T00:14:39Z</time>
        <extensions>
          <gpxtpx:TrackPointExtension>
            <gpxtpx:hr>180</gpxtpx:hr>
          </gpxtpx:TrackPointExtension>
        </extensions>
      </trkpt>
      <trkpt lat="30.480836277567427" lon="104.01997613253808">
        <ele>481.9509358610958</ele>
        <time>1970-01-01T00:14:40Z</time>
        <extensions>
          <gpxtpx:TrackPointExtension>
            <gpxtpx:hr>180</gpxtpx:hr>
          </gpxtpx:TrackPointExtension>
        </extensions>
      </trkpt>
      <trkpt lat="30.480824162015804" lon="104.01994386758673">
        <ele>481.95110546052456</ele>
        <time>1970-01-01T00:14:41Z</time>
        <extensions>
          <gpxtpx:TrackPointExtension>
            <gpxtpx:hr>180</gpxtpx:hr>
          </gpxtpx:TrackPointExtension>
        </extensions>
      </trkpt>
      <trkpt lat="30.48081209717848" lon="104.01991162941432">
        <ele>481.9522536220029</ele>
        <time>1970-01-01T00:14:42Z</time>
        <extensions>
          <gpxtpx:TrackPointExtension>
            <gpxtpx:hr>180</gpxtpx:hr>
          </gpxtpx:TrackPointExtension>
        </extensions>
      </trkpt>
      <trkpt lat="30.48079995049069" lon="104.01988048842658">
        <ele>481.95421311445534</ele>
        <time>1970-01-01T00:14:43Z</time>
        <extensions>
          <gpxtpx:TrackPointExtension>
            <gpxtpx:hr>181</gpxtpx:hr>
          </gpxtpx:TrackPointExtension>
        </extensions>
      </trkpt>
      <trkpt lat="30.48078751175677" lon="104.01984976415713">
        <ele>481.9566510710865</ele>
        <time>1970-01-01T00:14:44Z</time>
        <extensions>
          <gpxtpx:TrackPointExtension>
            <gpxtpx:hr>181</gpxtpx:hr>
          </gpxtpx:TrackPointExtension>
        </extensions>
      </trkpt>
      <trkpt lat="30.48077482059922" lon="104.01981860491877">
        <ele>481.9592709373683</ele>
        <time>1970-01-01T00:14:45Z</time>
        <extensions>
          <gpxtpx:TrackPointExtension>
            <gpxtpx:hr>181</gpxtpx:hr>
          </gpxtpx:TrackPointExtension>
        </extensions>
      </trkpt>
      <trkpt lat="30.48076119931041" lon="104.01978757400208">
        <ele>481.961664583534</ele>
        <time>1970-01-01T00:14:46Z</time>
        <extensions>
          <gpxtpx:TrackPointExtension>
            <gpxtpx:hr>181</gpxtpx:hr>
          </gpxtpx:TrackPointExtension>
        </extensions>
      </trkpt>
      <trkpt lat="30.480745829178282" lon="104.01975690071401">
        <ele>481.9635030301288</ele>
        <time>1970-01-01T00:14:47Z</time>
        <extensions>
          <gpxtpx:TrackPointExtension>
            <gpxtpx:hr>181</gpxtpx:hr>
          </gpxtpx:TrackPointExtension>
        </extensions>
      </trkpt>
      <trkpt lat="30.4807293969596" lon="104.0197269096732">
        <ele>481.9646123778075</ele>
        <time>1970-01-01T00:14:48Z</time>
        <extensions>
          <gpxtpx:TrackPointExtension>
            <gpxtpx:hr>181</gpxtpx:hr>
          </gpxtpx:TrackPointExtension>
        </extensions>
      </trkpt>
      <trkpt lat="30.480713115965806" lon="104.01969726319457">
        <ele>481.96501541882753</ele>
        <time>1970-01-01T00:14:49Z</time>
        <extensions>
          <gpxtpx:TrackPointExtension>
            <gpxtpx:hr>180</gpxtpx:hr>
          </gpxtpx:TrackPointExtension>
        </extensions>
      </trkpt>
      <trkpt lat="30.480697236313276" lon="104.01966829466888">
        <ele>481.9646848104894</ele>
        <time>1970-01-01T00:14:50Z</time>
        <extensions>
          <gpxtpx:TrackPointExtension>
            <gpxtpx:hr>180</gpxtpx:hr>
          </gpxtpx:TrackPointExtension>
        </extensions>
      </trkpt>
      <trkpt lat="30.480680588453676" lon="104.01963981254795">
        <ele>481.96383648365736</ele>
        <time>1970-01-01T00:14:51Z</time>
        <extensions>
          <gpxtpx:TrackPointExtension>
            <gpxtpx:hr>180</gpxtpx:hr>
          </gpxtpx:TrackPointExtension>
        </extensions>
      </trkpt>
      <trkpt lat="30.48066305148598" lon="104.01961084247263">
        <ele>481.9629359403625</ele>
        <time>1970-01-01T00:14:52Z</time>
        <extensions>
          <gpxtpx:TrackPointExtension>
            <gpxtpx:hr>180</gpxtpx:hr>
          </gpxtpx:TrackPointExtension>
        </extensions>
      </trkpt>
      <trkpt lat="30.48064482728591" lon="104.01958080778445">
        <ele>481.96253782324493</ele>
        <time>1970-01-01T00:14:53Z</time>
        <extensions>
          <gpxtpx:TrackPointExtension>
            <gpxtpx:hr>180</gpxtpx:hr>
          </gpxtpx:TrackPointExtension>
        </extensions>
      </trkpt>
      <trkpt lat="30.480626051932493" lon="104.01955086467856">
        <ele>481.96310565806925</ele>
        <time>1970-01-01T00:14:54Z</time>
        <extensions>
          <gpxtpx:TrackPointExtension>
            <gpxtpx:hr>180</gpxtpx:hr>
          </gpxtpx:TrackPointExtension>
        </extensions>
      </trkpt>
      <trkpt lat="30.480607013497437" lon="104.01952223748883">
        <ele>481.9648434780538</ele>
        <time>1970-01-01T00:14:55Z</time>
        <extensions>
          <gpxtpx:TrackPointExtension>
            <gpxtpx:hr>180</gpxtpx:hr>
          </gpxtpx:TrackPointExtension>
        </extensions>
      </trkpt>
      <trkpt lat="30.480588568547617" lon="104.01949514245426">
        <ele>481.96760113257915</ele>
        <time>1970-01-01T00:14:56Z</time>
        <extensions>
          <gpxtpx:TrackPointExtension>
            <gpxtpx:hr>180</gpxtpx:hr>
          </gpxtpx:TrackPointExtension>
        </extensions>
      </trkpt>
      <trkpt lat="30.480570260342535" lon="104.01946853771544">
        <ele>481.97087147831917</ele>
        <time>1970-01-01T00:14:57Z</time>
        <extensions>
          <gpxtpx:TrackPointExtension>
            <gpxtpx:hr>180</gpxtpx:hr>
          </gpxtpx:TrackPointExtension>
        </extensions>
      </trkpt>
      <trkpt lat="30.480550758960263" lon="104.01944161344667">
        <ele>481.9739384204149</ele>
        <time>1970-01-01T00:14:58Z</time>
        <extensions>
          <gpxtpx:TrackPointExtension>
            <gpxtpx:hr>180</gpxtpx:hr>
          </gpxtpx:TrackPointExtension>
        </extensions>
      </trkpt>
      <trkpt lat="30.480529918582008" lon="104.0194155862044">
        <ele>481.97610391583294</ele>
        <time>1970-01-01T00:14:59Z</time>
        <extensions>
          <gpxtpx:TrackPointExtension>
            <gpxtpx:hr>180</gpxtpx:hr>
          </gpxtpx:TrackPointExtension>
        </extensions>
      </trkpt>
      <trkpt lat="30.48050762420095" lon="104.0193910718256">
        <ele>481.97693345788866</ele>
        <time>1970-01-01T00:15:00Z</time>
        <extensions>
          <gpxtpx:TrackPointExtension>
            <gpxtpx:hr>180</gpxtpx:hr>
          </gpxtpx:TrackPointExtension>
        </extensions>
      </trkpt>
      <trkpt lat="30.480484460326174" lon="104.0193674011324">
        <ele>481.97628772538155</ele>
        <time>1970-01-01T00:15:01Z</time>
        <extensions>
          <gpxtpx:TrackPointExtension>
            <gpxtpx:hr>180</gpxtpx:hr>
          </gpxtpx:TrackPointExtension>
        </extensions>
      </trkpt>
      <trkpt lat="30.48046148155276" lon="104.01934334254607">
        <ele>481.9742775214836</ele>
        <time>1970-01-01T00:15:02Z</time>
        <extensions>
          <gpxtpx:TrackPointExtension>
            <gpxtpx:hr>180</gpxtpx:hr>
          </gpxtpx:TrackPointExtension>
        </extensions>
      </trkpt>
      <trkpt lat="30.480440114217707" lon="104.0193181460846">
        <ele>481.97116762958467</ele>
        <time>1970-01-01T00:15:03Z</time>
        <extensions>
          <gpxtpx:TrackPointExtension>
            <gpxtpx:hr>179</gpxtpx:hr>
          </gpxtpx:TrackPointExtension>
        </extensions>
      </trkpt>
      <trkpt lat="30.480419960977475" lon="104.01929202567582">
        <ele>481.9673287477344</ele>
        <time>1970-01-01T00:15:04Z</time>
        <extensions>
          <gpxtpx:TrackPointExtension>
            <gpxtpx:hr>179</gpxtpx:hr>
          </gpxtpx:TrackPointExtension>
        </extensions>
      </trkpt>
      <trkpt lat="30.480399805103303" lon="104.01926578448754">
        <ele>481.9630998028442</ele>
        <time>1970-01-01T00:15:05Z</time>
        <extensions>
          <gpxtpx:TrackPointExtension>
            <gpxtpx:hr>179</gpxtpx:hr>
          </gpxtpx:TrackPointExtension>
        </extensions>
      </trkpt>
      <trkpt lat="30.480379410800257" lon="104.01924037206251">
        <ele>481.9587264796719</ele>
        <time>1970-01-01T00:15:06Z</time>
        <extensions>
          <gpxtpx:TrackPointExtension>
            <gpxtpx:hr>179</gpxtpx:hr>
          </gpxtpx:TrackPointExtension>
        </extensions>
      </trkpt>
      <trkpt lat="30.480358541682083" lon="104.01921596176501">
        <ele>481.95431179739535</ele>
        <time>1970-01-01T00:15:07Z</time>
        <extensions>
          <gpxtpx:TrackPointExtension>
            <gpxtpx:hr>179</gpxtpx:hr>
          </gpxtpx:TrackPointExtension>
        </extensions>
      </trkpt>
      <trkpt lat="30.480337421618753" lon="104.01919202420792">
        <ele>481.9499695962295</ele>
        <time>1970-01-01T00:15:08Z</time>
        <extensions>
          <gpxtpx:TrackPointExtension>
            <gpxtpx:hr>179</gpxtpx:hr>
          </gpxtpx:TrackPointExtension>
        </extensions>
      </trkpt>
      <trkpt lat="30.48031587908786" lon="104.0191682721123">
        <ele>481.9456983730197</ele>
        <time>1970-01-01T00:15:09Z</time>
        <extensions>
          <gpxtpx:TrackPointExtension>
            <gpxtpx:hr>179</gpxtpx:hr>
          </gpxtpx:TrackPointExtension>
        </extensions>
      </trkpt>
      <trkpt lat="30.480294058224132" lon="104.0191451939092">
        <ele>481.9414297454059</ele>
        <time>1970-01-01T00:15:10Z</time>
        <extensions>
          <gpxtpx:TrackPointExtension>
            <gpxtpx:hr>179</gpxtpx:hr>
          </gpxtpx:TrackPointExtension>
        </extensions>
      </trkpt>
      <trkpt lat="30.4802717030102" lon="104.01912223211441">
        <ele>481.9371138019487</ele>
        <time>1970-01-01T00:15:11Z</time>
        <extensions>
          <gpxtpx:TrackPointExtension>
            <gpxtpx:hr>179</gpxtpx:hr>
          </gpxtpx:TrackPointExtension>
        </extensions>
      </trkpt>
      <trkpt lat="30.480249358276815" lon="104.01909849216923">
        <ele>481.93276474252343</ele>
        <time>1970-01-01T00:15:12Z</time>
        <extensions>
          <gpxtpx:TrackPointExtension>
            <gpxtpx:hr>179</gpxtpx:hr>
          </gpxtpx:TrackPointExtension>
        </extensions>
      </trkpt>
      <trkpt lat="30.48022730632687" lon="104.0190745070948">
        <ele>481.9284110739827</ele>
        <time>1970-01-01T00:15:13Z</time>
        <extensions>
          <gpxtpx:TrackPointExtension>
            <gpxtpx:hr>179</gpxtpx:hr>
          </gpxtpx:TrackPointExtension>
        </extensions>
      </trkpt>
      <trkpt lat="30.480204966423646" lon="104.01905141055605">
        <ele>481.92416616901755</ele>
        <time>1970-01-01T00:15:14Z</time>
        <extensions>
          <gpxtpx:TrackPointExtension>
            <gpxtpx:hr>178</gpxtpx:hr>
          </gpxtpx:TrackPointExtension>
        </extensions>
      </trkpt>
      <trkpt lat="30.48018239313967" lon="104.01902891757855">
        <ele>481.92025664821267</ele>
        <time>1970-01-01T00:15:15Z</time>
        <extensions>
          <gpxtpx:TrackPointExtension>
            <gpxtpx:hr>178</gpxtpx:hr>
          </gpxtpx:TrackPointExtension>
        </extensions>
      </trkpt>
      <trkpt lat="30.48015986043439" lon="104.01900573176401">
        <ele>481.9170765494928</ele>
        <time>1970-01-01T00:15:16Z</time>
        <extensions>
          <gpxtpx:TrackPointExtension>
            <gpxtpx:hr>178</gpxtpx:hr>
          </gpxtpx:TrackPointExtension>
        </extensions>
      </trkpt>
      <trkpt lat="30.480137656926097" lon="104.01898177082111">
        <ele>481.91503151040524</ele>
        <time>1970-01-01T00:15:17Z</time>
        <extensions>
          <gpxtpx:TrackPointExtension>
            <gpxtpx:hr>179</gpxtpx:hr>
          </gpxtpx:TrackPointExtension>
        </extensions>
      </trkpt>
      <trkpt lat="30.48011571028593" lon="104.01895779910944">
        <ele>481.91429225727916</ele>
        <time>1970-01-01T00:15:18Z</time>
        <extensions>
          <gpxtpx:TrackPointExtension>
            <gpxtpx:hr>179</gpxtpx:hr>
          </gpxtpx:TrackPointExtension>
        </extensions>
      </trkpt>
      <trkpt lat="30.480094486665664" lon="104.01893449967929">
        <ele>481.914824844338</ele>
        <time>1970-01-01T00:15:19Z</time>
        <extensions>
          <gpxtpx:TrackPointExtension>
            <gpxtpx:hr>179</gpxtpx:hr>
          </gpxtpx:TrackPointExtension>
        </extensions>
      </trkpt>
      <trkpt lat="30.48007386190647" lon="104.01891115465553">
        <ele>481.9164659399539</ele>
        <time>1970-01-01T00:15:20Z</time>
        <extensions>
          <gpxtpx:TrackPointExtension>
            <gpxtpx:hr>179</gpxtpx:hr>
          </gpxtpx:TrackPointExtension>
        </extensions>
      </trkpt>
      <trkpt lat="30.480053680450787" lon="104.01888665644205">
        <ele>481.9189226832241</ele>
        <time>1970-01-01T00:15:21Z</time>
        <extensions>
          <gpxtpx:TrackPointExtension>
            <gpxtpx:hr>179</gpxtpx:hr>
          </gpxtpx:TrackPointExtension>
        </extensions>
      </trkpt>
      <trkpt lat="30.480033536040818" lon="104.01886116966618">
        <ele>481.92183969914913</ele>
        <time>1970-01-01T00:15:22Z</time>
        <extensions>
          <gpxtpx:TrackPointExtension>
            <gpxtpx:hr>179</gpxtpx:hr>
          </gpxtpx:TrackPointExtension>
        </extensions>
      </trkpt>
      <trkpt lat="30.48001301017391" lon="104.01883583168063">
        <ele>481.9249747628346</ele>
        <time>1970-01-01T00:15:23Z</time>
        <extensions>
          <gpxtpx:TrackPointExtension>
            <gpxtpx:hr>179</gpxtpx:hr>
          </gpxtpx:TrackPointExtension>
        </extensions>
      </trkpt>
      <trkpt lat="30.479991572512994" lon="104.01881120790024">
        <ele>481.9281845167279</ele>
        <time>1970-01-01T00:15:24Z</time>
        <extensions>
          <gpxtpx:TrackPointExtension>
            <gpxtpx:hr>179</gpxtpx:hr>
          </gpxtpx:TrackPointExtension>
        </extensions>
      </trkpt>
      <trkpt lat="30.479969919266036" lon="104.01878668460829">
        <ele>481.93132471852005</ele>
        <time>1970-01-01T00:15:25Z</time>
        <extensions>
          <gpxtpx:TrackPointExtension>
            <gpxtpx:hr>179</gpxtpx:hr>
          </gpxtpx:TrackPointExtension>
        </extensions>
      </trkpt>
      <trkpt lat="30.479949176030576" lon="104.0187611533352">
        <ele>481.9340944727883</ele>
        <time>1970-01-01T00:15:26Z</time>
        <extensions>
          <gpxtpx:TrackPointExtension>
            <gpxtpx:hr>179</gpxtpx:hr>
          </gpxtpx:TrackPointExtension>
        </extensions>
      </trkpt>
      <trkpt lat="30.47992973817965" lon="104.01873389646508">
        <ele>481.93626725301147</ele>
        <time>1970-01-01T00:15:27Z</time>
        <extensions>
          <gpxtpx:TrackPointExtension>
            <gpxtpx:hr>180</gpxtpx:hr>
          </gpxtpx:TrackPointExtension>
        </extensions>
      </trkpt>
      <trkpt lat="30.479911742375304" lon="104.01870555286085">
        <ele>481.9378093034029</ele>
        <time>1970-01-01T00:15:28Z</time>
        <extensions>
          <gpxtpx:TrackPointExtension>
            <gpxtpx:hr>180</gpxtpx:hr>
          </gpxtpx:TrackPointExtension>
        </extensions>
      </trkpt>
      <trkpt lat="30.479893895604203" lon="104.01867703319158">
        <ele>481.9388801874593</ele>
        <time>1970-01-01T00:15:29Z</time>
        <extensions>
          <gpxtpx:TrackPointExtension>
            <gpxtpx:hr>180</gpxtpx:hr>
          </gpxtpx:TrackPointExtension>
        </extensions>
      </trkpt>
      <trkpt lat="30.47987591887851" lon="104.01864851898607">
        <ele>481.93975974805653</ele>
        <time>1970-01-01T00:15:30Z</time>
        <extensions>
          <gpxtpx:TrackPointExtension>
            <gpxtpx:hr>180</gpxtpx:hr>
          </gpxtpx:TrackPointExtension>
        </extensions>
      </trkpt>
      <trkpt lat="30.479857865901227" lon="104.01861970705521">
        <ele>481.9407633226365</ele>
        <time>1970-01-01T00:15:31Z</time>
        <extensions>
          <gpxtpx:TrackPointExtension>
            <gpxtpx:hr>180</gpxtpx:hr>
          </gpxtpx:TrackPointExtension>
        </extensions>
      </trkpt>
      <trkpt lat="30.479839779624413" lon="104.01859014478752">
        <ele>481.94212104566395</ele>
        <time>1970-01-01T00:15:32Z</time>
        <extensions>
          <gpxtpx:TrackPointExtension>
            <gpxtpx:hr>180</gpxtpx:hr>
          </gpxtpx:TrackPointExtension>
        </extensions>
      </trkpt>
      <trkpt lat="30.47982132646396" lon="104.01856032891087">
        <ele>481.94385762605816</ele>
        <time>1970-01-01T00:15:33Z</time>
        <extensions>
          <gpxtpx:TrackPointExtension>
            <gpxtpx:hr>180</gpxtpx:hr>
          </gpxtpx:TrackPointExtension>
        </extensions>
      </trkpt>
      <trkpt lat="30.479802761085438" lon="104.01853093363972">
        <ele>481.9457040261477</ele>
        <time>1970-01-01T00:15:34Z</time>
        <extensions>
          <gpxtpx:TrackPointExtension>
            <gpxtpx:hr>180</gpxtpx:hr>
          </gpxtpx:TrackPointExtension>
        </extensions>
      </trkpt>
      <trkpt lat="30.47978516237674" lon="104.01850125746941">
        <ele>481.9473317908123</ele>
        <time>1970-01-01T00:15:35Z</time>
        <extensions>
          <gpxtpx:TrackPointExtension>
            <gpxtpx:hr>180</gpxtpx:hr>
          </gpxtpx:TrackPointExtension>
        </extensions>
      </trkpt>
      <trkpt lat="30.47976899166062" lon="104.01847032883255">
        <ele>481.94847036805004</ele>
        <time>1970-01-01T00:15:36Z</time>
        <extensions>
          <gpxtpx:TrackPointExtension>
            <gpxtpx:hr>180</gpxtpx:hr>
          </gpxtpx:TrackPointExtension>
        </extensions>
      </trkpt>
      <trkpt lat="30.47975387858881" lon="104.01843810010641">
        <ele>481.9489027429372</ele>
        <time>1970-01-01T00:15:37Z</time>
        <extensions>
          <gpxtpx:TrackPointExtension>
            <gpxtpx:hr>180</gpxtpx:hr>
          </gpxtpx:TrackPointExtension>
        </extensions>
      </trkpt>
      <trkpt lat="30.479738758648587" lon="104.01840512650601">
        <ele>481.948394770734</ele>
        <time>1970-01-01T00:15:38Z</time>
        <extensions>
          <gpxtpx:TrackPointExtension>
            <gpxtpx:hr>180</gpxtpx:hr>
          </gpxtpx:TrackPointExtension>
        </extensions>
      </trkpt>
      <trkpt lat="30.479723908914128" lon="104.01837275927423">
        <ele>481.94690400734544</ele>
        <time>1970-01-01T00:15:39Z</time>
        <extensions>
          <gpxtpx:TrackPointExtension>
            <gpxtpx:hr>180</gpxtpx:hr>
          </gpxtpx:TrackPointExtension>
        </extensions>
      </trkpt>
      <trkpt lat="30.479708999339156" lon="104.01834121514317">
        <ele>481.94438583403826</ele>
        <time>1970-01-01T00:15:40Z</time>
        <extensions>
          <gpxtpx:TrackPointExtension>
            <gpxtpx:hr>180</gpxtpx:hr>
          </gpxtpx:TrackPointExtension>
        </extensions>
      </trkpt>
      <trkpt lat="30.479694718008954" lon="104.0183099040665">
        <ele>481.9408481772989</ele>
        <time>1970-01-01T00:15:41Z</time>
        <extensions>
          <gpxtpx:TrackPointExtension>
            <gpxtpx:hr>180</gpxtpx:hr>
          </gpxtpx:TrackPointExtension>
        </extensions>
      </trkpt>
      <trkpt lat="30.479681769077345" lon="104.01827818942301">
        <ele>481.936415951699</ele>
        <time>1970-01-01T00:15:42Z</time>
        <extensions>
          <gpxtpx:TrackPointExtension>
            <gpxtpx:hr>180</gpxtpx:hr>
          </gpxtpx:TrackPointExtension>
        </extensions>
      </trkpt>
      <trkpt lat="30.47966922073921" lon="104.01824533458317">
        <ele>481.93135326355696</ele>
        <time>1970-01-01T00:15:43Z</time>
        <extensions>
          <gpxtpx:TrackPointExtension>
            <gpxtpx:hr>180</gpxtpx:hr>
          </gpxtpx:TrackPointExtension>
        </extensions>
      </trkpt>
      <trkpt lat="30.47965675179691" lon="104.01821257147124">
        <ele>481.92621195688844</ele>
        <time>1970-01-01T00:15:44Z</time>
        <extensions>
          <gpxtpx:TrackPointExtension>
            <gpxtpx:hr>180</gpxtpx:hr>
          </gpxtpx:TrackPointExtension>
        </extensions>
      </trkpt>
      <trkpt lat="30.479643984732213" lon="104.01818084911561">
        <ele>481.9217167487368</ele>
        <time>1970-01-01T00:15:45Z</time>
        <extensions>
          <gpxtpx:TrackPointExtension>
            <gpxtpx:hr>180</gpxtpx:hr>
          </gpxtpx:TrackPointExtension>
        </extensions>
      </trkpt>
      <trkpt lat="30.479631607726304" lon="104.01814953799104">
        <ele>481.9186017969623</ele>
        <time>1970-01-01T00:15:46Z</time>
        <extensions>
          <gpxtpx:TrackPointExtension>
            <gpxtpx:hr>180</gpxtpx:hr>
          </gpxtpx:TrackPointExtension>
        </extensions>
      </trkpt>
      <trkpt lat="30.47962015274746" lon="104.01811766457604">
        <ele>481.9174318658188</ele>
        <time>1970-01-01T00:15:47Z</time>
        <extensions>
          <gpxtpx:TrackPointExtension>
            <gpxtpx:hr>180</gpxtpx:hr>
          </gpxtpx:TrackPointExtension>
        </extensions>
      </trkpt>
      <trkpt lat="30.47961021406716" lon="104.01808466625447">
        <ele>481.918577096425</ele>
        <time>1970-01-01T00:15:48Z</time>
        <extensions>
          <gpxtpx:TrackPointExtension>
            <gpxtpx:hr>179</gpxtpx:hr>
          </gpxtpx:TrackPointExtension>
        </extensions>
      </trkpt>
      <trkpt lat="30.479601967087817" lon="104.01805065478263">
        <ele>481.92208563070744</ele>
        <time>1970-01-01T00:15:49Z</time>
        <extensions>
          <gpxtpx:TrackPointExtension>
            <gpxtpx:hr>179</gpxtpx:hr>
          </gpxtpx:TrackPointExtension>
        </extensions>
      </trkpt>
      <trkpt lat="30.47959450127357" lon="104.01801595209217">
        <ele>481.9277448952198</ele>
        <time>1970-01-01T00:15:50Z</time>
        <extensions>
          <gpxtpx:TrackPointExtension>
            <gpxtpx:hr>179</gpxtpx:hr>
          </gpxtpx:TrackPointExtension>
        </extensions>
      </trkpt>
      <trkpt lat="30.47958711131961" lon="104.0179816278113">
        <ele>481.9351632576436</ele>
        <time>1970-01-01T00:15:51Z</time>
        <extensions>
          <gpxtpx:TrackPointExtension>
            <gpxtpx:hr>179</gpxtpx:hr>
          </gpxtpx:TrackPointExtension>
        </extensions>
      </trkpt>
      <trkpt lat="30.4795794229158" lon="104.01794805933194">
        <ele>481.94380840845406</ele>
        <time>1970-01-01T00:15:52Z</time>
        <extensions>
          <gpxtpx:TrackPointExtension>
            <gpxtpx:hr>179</gpxtpx:hr>
          </gpxtpx:TrackPointExtension>
        </extensions>
      </trkpt>
      <trkpt lat="30.47957228083878" lon="104.01791422949316">
        <ele>481.95307422988117</ele>
        <time>1970-01-01T00:15:53Z</time>
        <extensions>
          <gpxtpx:TrackPointExtension>
            <gpxtpx:hr>178</gpxtpx:hr>
          </gpxtpx:TrackPointExtension>
        </extensions>
      </trkpt>
      <trkpt lat="30.47956662270974" lon="104.01787986038572">
        <ele>481.9622415388003</ele>
        <time>1970-01-01T00:15:54Z</time>
        <extensions>
          <gpxtpx:TrackPointExtension>
            <gpxtpx:hr>178</gpxtpx:hr>
          </gpxtpx:TrackPointExtension>
        </extensions>
      </trkpt>
      <trkpt lat="30.479563204644574" lon="104.01784621566179">
        <ele>481.9706223728135</ele>
        <time>1970-01-01T00:15:55Z</time>
        <extensions>
          <gpxtpx:TrackPointExtension>
            <gpxtpx:hr>178</gpxtpx:hr>
          </gpxtpx:TrackPointExtension>
        </extensions>
      </trkpt>
      <trkpt lat="30.47956116440999" lon="104.0178124713303">
        <ele>481.97771325614303</ele>
        <time>1970-01-01T00:15:56Z</time>
        <extensions>
          <gpxtpx:TrackPointExtension>
            <gpxtpx:hr>178</gpxtpx:hr>
          </gpxtpx:TrackPointExtension>
        </extensions>
      </trkpt>
      <trkpt lat="30.47955958837414" lon="104.01777748527985">
        <ele>481.9832047810778</ele>
        <time>1970-01-01T00:15:57Z</time>
        <extensions>
          <gpxtpx:TrackPointExtension>
            <gpxtpx:hr>179</gpxtpx:hr>
          </gpxtpx:TrackPointExtension>
        </extensions>
      </trkpt>
      <trkpt lat="30.479558609802677" lon="104.01774140677462">
        <ele>481.9868895728141</ele>
        <time>1970-01-01T00:15:58Z</time>
        <extensions>
          <gpxtpx:TrackPointExtension>
            <gpxtpx:hr>179</gpxtpx:hr>
          </gpxtpx:TrackPointExtension>
        </extensions>
      </trkpt>
      <trkpt lat="30.479558408639104" lon="104.01770468143395">
        <ele>481.9887723643333</ele>
        <time>1970-01-01T00:15:59Z</time>
        <extensions>
          <gpxtpx:TrackPointExtension>
            <gpxtpx:hr>179</gpxtpx:hr>
          </gpxtpx:TrackPointExtension>
        </extensions>
      </trkpt>
      <trkpt lat="30.479559506389432" lon="104.01766840728168">
        <ele>481.9890248766169</ele>
        <time>1970-01-01T00:16:00Z</time>
        <extensions>
          <gpxtpx:TrackPointExtension>
            <gpxtpx:hr>179</gpxtpx:hr>
          </gpxtpx:TrackPointExtension>
        </extensions>
      </trkpt>
      <trkpt lat="30.479562161101622" lon="104.01763310381965">
        <ele>481.9878174830228</ele>
        <time>1970-01-01T00:16:01Z</time>
        <extensions>
          <gpxtpx:TrackPointExtension>
            <gpxtpx:hr>179</gpxtpx:hr>
          </gpxtpx:TrackPointExtension>
        </extensions>
      </trkpt>
      <trkpt lat="30.47956657323381" lon="104.01759788270748">
        <ele>481.9854569211602</ele>
        <time>1970-01-01T00:16:02Z</time>
        <extensions>
          <gpxtpx:TrackPointExtension>
            <gpxtpx:hr>179</gpxtpx:hr>
          </gpxtpx:TrackPointExtension>
        </extensions>
      </trkpt>
      <trkpt lat="30.47957235841886" lon="104.01756181838027">
        <ele>481.98239238746464</ele>
        <time>1970-01-01T00:16:03Z</time>
        <extensions>
          <gpxtpx:TrackPointExtension>
            <gpxtpx:hr>179</gpxtpx:hr>
          </gpxtpx:TrackPointExtension>
        </extensions>
      </trkpt>
      <trkpt lat="30.479579224072218" lon="104.01752624029993">
        <ele>481.97917060833424</ele>
        <time>1970-01-01T00:16:04Z</time>
        <extensions>
          <gpxtpx:TrackPointExtension>
            <gpxtpx:hr>179</gpxtpx:hr>
          </gpxtpx:TrackPointExtension>
        </extensions>
      </trkpt>
      <trkpt lat="30.479586421138052" lon="104.01749123823673">
        <ele>481.97634101845324</ele>
        <time>1970-01-01T00:16:05Z</time>
        <extensions>
          <gpxtpx:TrackPointExtension>
            <gpxtpx:hr>179</gpxtpx:hr>
          </gpxtpx:TrackPointExtension>
        </extensions>
      </trkpt>
      <trkpt lat="30.47959360508676" lon="104.01745649074053">
        <ele>481.974472171627</ele>
        <time>1970-01-01T00:16:06Z</time>
        <extensions>
          <gpxtpx:TrackPointExtension>
            <gpxtpx:hr>179</gpxtpx:hr>
          </gpxtpx:TrackPointExtension>
        </extensions>
      </trkpt>
      <trkpt lat="30.479601220298985" lon="104.01742202193104">
        <ele>481.9741552481428</ele>
        <time>1970-01-01T00:16:07Z</time>
        <extensions>
          <gpxtpx:TrackPointExtension>
            <gpxtpx:hr>179</gpxtpx:hr>
          </gpxtpx:TrackPointExtension>
        </extensions>
      </trkpt>
      <trkpt lat="30.479609668661844" lon="104.01738664581318">
        <ele>481.97581650689244</ele>
        <time>1970-01-01T00:16:08Z</time>
        <extensions>
          <gpxtpx:TrackPointExtension>
            <gpxtpx:hr>179</gpxtpx:hr>
          </gpxtpx:TrackPointExtension>
        </extensions>
      </trkpt>
      <trkpt lat="30.479618506332915" lon="104.01735108836714">
        <ele>481.9795554643497</ele>
        <time>1970-01-01T00:16:09Z</time>
        <extensions>
          <gpxtpx:TrackPointExtension>
            <gpxtpx:hr>179</gpxtpx:hr>
          </gpxtpx:TrackPointExtension>
        </extensions>
      </trkpt>
      <trkpt lat="30.479626550285282" lon="104.0173163317026">
        <ele>481.98504749312997</ele>
        <time>1970-01-01T00:16:10Z</time>
        <extensions>
          <gpxtpx:TrackPointExtension>
            <gpxtpx:hr>179</gpxtpx:hr>
          </gpxtpx:TrackPointExtension>
        </extensions>
      </trkpt>
      <trkpt lat="30.479634577259827" lon="104.01728137725772">
        <ele>481.99171842914075</ele>
        <time>1970-01-01T00:16:11Z</time>
        <extensions>
          <gpxtpx:TrackPointExtension>
            <gpxtpx:hr>179</gpxtpx:hr>
          </gpxtpx:TrackPointExtension>
        </extensions>
      </trkpt>
      <trkpt lat="30.479643615692773" lon="104.01724544894104">
        <ele>481.9988515963778</ele>
        <time>1970-01-01T00:16:12Z</time>
        <extensions>
          <gpxtpx:TrackPointExtension>
            <gpxtpx:hr>179</gpxtpx:hr>
          </gpxtpx:TrackPointExtension>
        </extensions>
      </trkpt>
      <trkpt lat="30.479654163539504" lon="104.01720929665036">
        <ele>482.00576237402856</ele>
        <time>1970-01-01T00:16:13Z</time>
        <extensions>
          <gpxtpx:TrackPointExtension>
            <gpxtpx:hr>179</gpxtpx:hr>
          </gpxtpx:TrackPointExtension>
        </extensions>
      </trkpt>
      <trkpt lat="30.47966608546319" lon="104.01717335542331">
        <ele>482.0119583727792</ele>
        <time>1970-01-01T00:16:14Z</time>
        <extensions>
          <gpxtpx:TrackPointExtension>
            <gpxtpx:hr>179</gpxtpx:hr>
          </gpxtpx:TrackPointExtension>
        </extensions>
      </trkpt>
      <trkpt lat="30.47967883405958" lon="104.01713767152077">
        <ele>482.01719555351883</ele>
        <time>1970-01-01T00:16:15Z</time>
        <extensions>
          <gpxtpx:TrackPointExtension>
            <gpxtpx:hr>179</gpxtpx:hr>
          </gpxtpx:TrackPointExtension>
        </extensions>
      </trkpt>
      <trkpt lat="30.479692085626734" lon="104.017103160312">
        <ele>482.0214148238301</ele>
        <time>1970-01-01T00:16:16Z</time>
        <extensions>
          <gpxtpx:TrackPointExtension>
            <gpxtpx:hr>179</gpxtpx:hr>
          </gpxtpx:TrackPointExtension>
        </extensions>
      </trkpt>
      <trkpt lat="30.4797051511721" lon="104.01707015449988">
        <ele>482.02447189297527</ele>
        <time>1970-01-01T00:16:17Z</time>
        <extensions>
          <gpxtpx:TrackPointExtension>
            <gpxtpx:hr>179</gpxtpx:hr>
          </gpxtpx:TrackPointExtension>
        </extensions>
      </trkpt>
      <trkpt lat="30.479718158410655" lon="104.0170387277377">
        <ele>482.0261390125379</ele>
        <time>1970-01-01T00:16:18Z</time>
        <extensions>
          <gpxtpx:TrackPointExtension>
            <gpxtpx:hr>179</gpxtpx:hr>
          </gpxtpx:TrackPointExtension>
        </extensions>
      </trkpt>
      <trkpt lat="30.479731425394675" lon="104.01700802500288">
        <ele>482.026255809702</ele>
        <time>1970-01-01T00:16:19Z</time>
        <extensions>
          <gpxtpx:TrackPointExtension>
            <gpxtpx:hr>179</gpxtpx:hr>
          </gpxtpx:TrackPointExtension>
        </extensions>
      </trkpt>
      <trkpt lat="30.47974586712758" lon="104.01697718843204">
        <ele>482.02473087143153</ele>
        <time>1970-01-01T00:16:20Z</time>
        <extensions>
          <gpxtpx:TrackPointExtension>
            <gpxtpx:hr>179</gpxtpx:hr>
          </gpxtpx:TrackPointExtension>
        </extensions>
      </trkpt>
      <trkpt lat="30.4797619711202" lon="104.0169459938322">
        <ele>482.02147204522043</ele>
        <time>1970-01-01T00:16:21Z</time>
        <extensions>
          <gpxtpx:TrackPointExtension>
            <gpxtpx:hr>179</gpxtpx:hr>
          </gpxtpx:TrackPointExtension>
        </extensions>
      </trkpt>
      <trkpt lat="30.479779115516386" lon="104.01691411748342">
        <ele>482.0163889704272</ele>
        <time>1970-01-01T00:16:22Z</time>
        <extensions>
          <gpxtpx:TrackPointExtension>
            <gpxtpx:hr>179</gpxtpx:hr>
          </gpxtpx:TrackPointExtension>
        </extensions>
      </trkpt>
      <trkpt lat="30.47979618288291" lon="104.01688255849798">
        <ele>482.00940835941583</ele>
        <time>1970-01-01T00:16:23Z</time>
        <extensions>
          <gpxtpx:TrackPointExtension>
            <gpxtpx:hr>179</gpxtpx:hr>
          </gpxtpx:TrackPointExtension>
        </extensions>
      </trkpt>
      <trkpt lat="30.479812476284803" lon="104.01685154299095">
        <ele>482.0003640279174</ele>
        <time>1970-01-01T00:16:24Z</time>
        <extensions>
          <gpxtpx:TrackPointExtension>
            <gpxtpx:hr>179</gpxtpx:hr>
          </gpxtpx:TrackPointExtension>
        </extensions>
      </trkpt>
      <trkpt lat="30.47982924370482" lon="104.01682042241318">
        <ele>481.98916838597506</ele>
        <time>1970-01-01T00:16:25Z</time>
        <extensions>
          <gpxtpx:TrackPointExtension>
            <gpxtpx:hr>179</gpxtpx:hr>
          </gpxtpx:TrackPointExtension>
        </extensions>
      </trkpt>
      <trkpt lat="30.479847762263322" lon="104.0167888092841">
        <ele>481.97585622780025</ele>
        <time>1970-01-01T00:16:26Z</time>
        <extensions>
          <gpxtpx:TrackPointExtension>
            <gpxtpx:hr>179</gpxtpx:hr>
          </gpxtpx:TrackPointExtension>
        </extensions>
      </trkpt>
      <trkpt lat="30.47986784582534" lon="104.01675755933736">
        <ele>481.9607264669612</ele>
        <time>1970-01-01T00:16:27Z</time>
        <extensions>
          <gpxtpx:TrackPointExtension>
            <gpxtpx:hr>179</gpxtpx:hr>
          </gpxtpx:TrackPointExtension>
        </extensions>
      </trkpt>
      <trkpt lat="30.479888277455146" lon="104.01672759232484">
        <ele>481.9444366712123</ele>
        <time>1970-01-01T00:16:28Z</time>
        <extensions>
          <gpxtpx:TrackPointExtension>
            <gpxtpx:hr>179</gpxtpx:hr>
          </gpxtpx:TrackPointExtension>
        </extensions>
      </trkpt>
      <trkpt lat="30.479908522787564" lon="104.01669924577602">
        <ele>481.92787307687104</ele>
        <time>1970-01-01T00:16:29Z</time>
        <extensions>
          <gpxtpx:TrackPointExtension>
            <gpxtpx:hr>179</gpxtpx:hr>
          </gpxtpx:TrackPointExtension>
        </extensions>
      </trkpt>
      <trkpt lat="30.479928760430237" lon="104.01667244366674">
        <ele>481.91185798775405</ele>
        <time>1970-01-01T00:16:30Z</time>
        <extensions>
          <gpxtpx:TrackPointExtension>
            <gpxtpx:hr>179</gpxtpx:hr>
          </gpxtpx:TrackPointExtension>
        </extensions>
      </trkpt>
      <trkpt lat="30.479949263664462" lon="104.01664687736293">
        <ele>481.89706631843</ele>
        <time>1970-01-01T00:16:31Z</time>
        <extensions>
          <gpxtpx:TrackPointExtension>
            <gpxtpx:hr>179</gpxtpx:hr>
          </gpxtpx:TrackPointExtension>
        </extensions>
      </trkpt>
      <trkpt lat="30.479971165372866" lon="104.01662309488455">
        <ele>481.88392156083137</ele>
        <time>1970-01-01T00:16:32Z</time>
        <extensions>
          <gpxtpx:TrackPointExtension>
            <gpxtpx:hr>179</gpxtpx:hr>
          </gpxtpx:TrackPointExtension>
        </extensions>
      </trkpt>
      <trkpt lat="30.47999467584135" lon="104.01660107681415">
        <ele>481.8729521026835</ele>
        <time>1970-01-01T00:16:33Z</time>
        <extensions>
          <gpxtpx:TrackPointExtension>
            <gpxtpx:hr>179</gpxtpx:hr>
          </gpxtpx:TrackPointExtension>
        </extensions>
      </trkpt>
      <trkpt lat="30.480019341495375" lon="104.01658032966172">
        <ele>481.8644312052056</ele>
        <time>1970-01-01T00:16:34Z</time>
        <extensions>
          <gpxtpx:TrackPointExtension>
            <gpxtpx:hr>179</gpxtpx:hr>
          </gpxtpx:TrackPointExtension>
        </extensions>
      </trkpt>
      <trkpt lat="30.480044594163775" lon="104.01655953582393">
        <ele>481.85854843165725</ele>
        <time>1970-01-01T00:16:35Z</time>
        <extensions>
          <gpxtpx:TrackPointExtension>
            <gpxtpx:hr>179</gpxtpx:hr>
          </gpxtpx:TrackPointExtension>
        </extensions>
      </trkpt>
      <trkpt lat="30.48006979769313" lon="104.01653783576123">
        <ele>481.85546224191785</ele>
        <time>1970-01-01T00:16:36Z</time>
        <extensions>
          <gpxtpx:TrackPointExtension>
            <gpxtpx:hr>180</gpxtpx:hr>
          </gpxtpx:TrackPointExtension>
        </extensions>
      </trkpt>
      <trkpt lat="30.480094715228674" lon="104.0165157596434">
        <ele>481.85542285162956</ele>
        <time>1970-01-01T00:16:37Z</time>
        <extensions>
          <gpxtpx:TrackPointExtension>
            <gpxtpx:hr>180</gpxtpx:hr>
          </gpxtpx:TrackPointExtension>
        </extensions>
      </trkpt>
      <trkpt lat="30.480119143573592" lon="104.01649391505423">
        <ele>481.8583621121943</ele>
        <time>1970-01-01T00:16:38Z</time>
        <extensions>
          <gpxtpx:TrackPointExtension>
            <gpxtpx:hr>180</gpxtpx:hr>
          </gpxtpx:TrackPointExtension>
        </extensions>
      </trkpt>
      <trkpt lat="30.480142898571128" lon="104.01647309819883">
        <ele>481.8643995113671</ele>
        <time>1970-01-01T00:16:39Z</time>
        <extensions>
          <gpxtpx:TrackPointExtension>
            <gpxtpx:hr>180</gpxtpx:hr>
          </gpxtpx:TrackPointExtension>
        </extensions>
      </trkpt>
      <trkpt lat="30.480165910548333" lon="104.01645288664896">
        <ele>481.87380127515644</ele>
        <time>1970-01-01T00:16:40Z</time>
        <extensions>
          <gpxtpx:TrackPointExtension>
            <gpxtpx:hr>180</gpxtpx:hr>
          </gpxtpx:TrackPointExtension>
        </extensions>
      </trkpt>
      <trkpt lat="30.480189009773667" lon="104.01643317324303">
        <ele>481.8867551693693</ele>
        <time>1970-01-01T00:16:41Z</time>
        <extensions>
          <gpxtpx:TrackPointExtension>
            <gpxtpx:hr>180</gpxtpx:hr>
          </gpxtpx:TrackPointExtension>
        </extensions>
      </trkpt>
      <trkpt lat="30.480213524306695" lon="104.01641439500669">
        <ele>481.90295906271785</ele>
        <time>1970-01-01T00:16:42Z</time>
        <extensions>
          <gpxtpx:TrackPointExtension>
            <gpxtpx:hr>182</gpxtpx:hr>
          </gpxtpx:TrackPointExtension>
        </extensions>
      </trkpt>
      <trkpt lat="30.48024057347642" lon="104.01639733623337">
        <ele>481.9219772508368</ele>
        <time>1970-01-01T00:16:43Z</time>
        <extensions>
          <gpxtpx:TrackPointExtension>
            <gpxtpx:hr>182</gpxtpx:hr>
          </gpxtpx:TrackPointExtension>
        </extensions>
      </trkpt>
      <trkpt lat="30.48026927725508" lon="104.01638372983993">
        <ele>481.94296965468675</ele>
        <time>1970-01-01T00:16:44Z</time>
        <extensions>
          <gpxtpx:TrackPointExtension>
            <gpxtpx:hr>182</gpxtpx:hr>
          </gpxtpx:TrackPointExtension>
        </extensions>
      </trkpt>
      <trkpt lat="30.480298048837515" lon="104.01637290819228">
        <ele>481.96482134144753</ele>
        <time>1970-01-01T00:16:45Z</time>
        <extensions>
          <gpxtpx:TrackPointExtension>
            <gpxtpx:hr>182</gpxtpx:hr>
          </gpxtpx:TrackPointExtension>
        </extensions>
      </trkpt>
      <trkpt lat="30.480326708531766" lon="104.01636349003572">
        <ele>481.98637845460325</ele>
        <time>1970-01-01T00:16:46Z</time>
        <extensions>
          <gpxtpx:TrackPointExtension>
            <gpxtpx:hr>182</gpxtpx:hr>
          </gpxtpx:TrackPointExtension>
        </extensions>
      </trkpt>
      <trkpt lat="30.480356006522484" lon="104.01635428921765">
        <ele>482.0070660356432</ele>
        <time>1970-01-01T00:16:47Z</time>
        <extensions>
          <gpxtpx:TrackPointExtension>
            <gpxtpx:hr>182</gpxtpx:hr>
          </gpxtpx:TrackPointExtension>
        </extensions>
      </trkpt>
      <trkpt lat="30.480386487390103" lon="104.01634508768109">
        <ele>482.02651565056294</ele>
        <time>1970-01-01T00:16:48Z</time>
        <extensions>
          <gpxtpx:TrackPointExtension>
            <gpxtpx:hr>182</gpxtpx:hr>
          </gpxtpx:TrackPointExtension>
        </extensions>
      </trkpt>
      <trkpt lat="30.48041782891762" lon="104.01633631620548">
        <ele>482.0447737891227</ele>
        <time>1970-01-01T00:16:49Z</time>
        <extensions>
          <gpxtpx:TrackPointExtension>
            <gpxtpx:hr>183</gpxtpx:hr>
          </gpxtpx:TrackPointExtension>
        </extensions>
      </trkpt>
      <trkpt lat="30.480449968452124" lon="104.01632766039194">
        <ele>482.06223520822823</ele>
        <time>1970-01-01T00:16:50Z</time>
        <extensions>
          <gpxtpx:TrackPointExtension>
            <gpxtpx:hr>183</gpxtpx:hr>
          </gpxtpx:TrackPointExtension>
        </extensions>
      </trkpt>
      <trkpt lat="30.48048209286639" lon="104.01631924886362">
        <ele>482.07926153670996</ele>
        <time>1970-01-01T00:16:51Z</time>
        <extensions>
          <gpxtpx:TrackPointExtension>
            <gpxtpx:hr>183</gpxtpx:hr>
          </gpxtpx:TrackPointExtension>
        </extensions>
      </trkpt>
      <trkpt lat="30.4805134932272" lon="104.01631080414842">
        <ele>482.0958024011925</ele>
        <time>1970-01-01T00:16:52Z</time>
        <extensions>
          <gpxtpx:TrackPointExtension>
            <gpxtpx:hr>183</gpxtpx:hr>
          </gpxtpx:TrackPointExtension>
        </extensions>
      </trkpt>
      <trkpt lat="30.480544252742295" lon="104.01630239114023">
        <ele>482.1112241242081</ele>
        <time>1970-01-01T00:16:53Z</time>
        <extensions>
          <gpxtpx:TrackPointExtension>
            <gpxtpx:hr>183</gpxtpx:hr>
          </gpxtpx:TrackPointExtension>
        </extensions>
      </trkpt>
      <trkpt lat="30.48057532341052" lon="104.01629387026304">
        <ele>482.1244017286226</ele>
        <time>1970-01-01T00:16:54Z</time>
        <extensions>
          <gpxtpx:TrackPointExtension>
            <gpxtpx:hr>183</gpxtpx:hr>
          </gpxtpx:TrackPointExtension>
        </extensions>
      </trkpt>
      <trkpt lat="30.48060695697678" lon="104.01628567397034">
        <ele>482.1340100662783</ele>
        <time>1970-01-01T00:16:55Z</time>
        <extensions>
          <gpxtpx:TrackPointExtension>
            <gpxtpx:hr>181</gpxtpx:hr>
          </gpxtpx:TrackPointExtension>
        </extensions>
      </trkpt>
      <trkpt lat="30.480637131493527" lon="104.01627815620658">
        <ele>482.138740840368</ele>
        <time>1970-01-01T00:16:56Z</time>
        <extensions>
          <gpxtpx:TrackPointExtension>
            <gpxtpx:hr>181</gpxtpx:hr>
          </gpxtpx:TrackPointExtension>
        </extensions>
      </trkpt>
      <trkpt lat="30.48066523253014" lon="104.01627023788903">
        <ele>482.1377653395757</ele>
        <time>1970-01-01T00:16:57Z</time>
        <extensions>
          <gpxtpx:TrackPointExtension>
            <gpxtpx:hr>181</gpxtpx:hr>
          </gpxtpx:TrackPointExtension>
        </extensions>
      </trkpt>
      <trkpt lat="30.480691760043683" lon="104.01626038450205">
        <ele>482.13097886554897</ele>
        <time>1970-01-01T00:16:58Z</time>
        <extensions>
          <gpxtpx:TrackPointExtension>
            <gpxtpx:hr>182</gpxtpx:hr>
          </gpxtpx:TrackPointExtension>
        </extensions>
      </trkpt>
      <trkpt lat="30.480716754416274" lon="104.01624692439796">
        <ele>482.1189059987664</ele>
        <time>1970-01-01T00:16:59Z</time>
        <extensions>
          <gpxtpx:TrackPointExtension>
            <gpxtpx:hr>182</gpxtpx:hr>
          </gpxtpx:TrackPointExtension>
        </extensions>
      </trkpt>
      <trkpt lat="30.48074081396962" lon="104.0162288712727">
        <ele>482.10238893982023</ele>
        <time>1970-01-01T00:17:00Z</time>
        <extensions>
          <gpxtpx:TrackPointExtension>
            <gpxtpx:hr>182</gpxtpx:hr>
          </gpxtpx:TrackPointExtension>
        </extensions>
      </trkpt>
      <trkpt lat="30.48076402499526" lon="104.01620572677747">
        <ele>482.08251322992146</ele>
        <time>1970-01-01T00:17:01Z</time>
        <extensions>
          <gpxtpx:TrackPointExtension>
            <gpxtpx:hr>182</gpxtpx:hr>
          </gpxtpx:TrackPointExtension>
        </extensions>
      </trkpt>
      <trkpt lat="30.48078526715683" lon="104.01617883011691">
        <ele>482.0601893234998</ele>
        <time>1970-01-01T00:17:02Z</time>
        <extensions>
          <gpxtpx:TrackPointExtension>
            <gpxtpx:hr>182</gpxtpx:hr>
          </gpxtpx:TrackPointExtension>
        </extensions>
      </trkpt>
      <trkpt lat="30.48080354630736" lon="104.01614943566254">
        <ele>482.0361112114042</ele>
        <time>1970-01-01T00:17:03Z</time>
        <extensions>
          <gpxtpx:TrackPointExtension>
            <gpxtpx:hr>181</gpxtpx:hr>
          </gpxtpx:TrackPointExtension>
        </extensions>
      </trkpt>
      <trkpt lat="30.480819011147023" lon="104.01611898015327">
        <ele>482.01111483294517</ele>
        <time>1970-01-01T00:17:04Z</time>
        <extensions>
          <gpxtpx:TrackPointExtension>
            <gpxtpx:hr>181</gpxtpx:hr>
          </gpxtpx:TrackPointExtension>
        </extensions>
      </trkpt>
      <trkpt lat="30.480832658020255" lon="104.01608838684162">
        <ele>481.9858773034066</ele>
        <time>1970-01-01T00:17:05Z</time>
        <extensions>
          <gpxtpx:TrackPointExtension>
            <gpxtpx:hr>181</gpxtpx:hr>
          </gpxtpx:TrackPointExtension>
        </extensions>
      </trkpt>
      <trkpt lat="30.48084523387404" lon="104.01605655779892">
        <ele>481.96131565235555</ele>
        <time>1970-01-01T00:17:06Z</time>
        <extensions>
          <gpxtpx:TrackPointExtension>
            <gpxtpx:hr>181</gpxtpx:hr>
          </gpxtpx:TrackPointExtension>
        </extensions>
      </trkpt>
      <trkpt lat="30.480856738527706" lon="104.016023070352">
        <ele>481.938569329679</ele>
        <time>1970-01-01T00:17:07Z</time>
        <extensions>
          <gpxtpx:TrackPointExtension>
            <gpxtpx:hr>181</gpxtpx:hr>
          </gpxtpx:TrackPointExtension>
        </extensions>
      </trkpt>
      <trkpt lat="30.48086643623707" lon="104.01598873929042">
        <ele>481.91897878982127</ele>
        <time>1970-01-01T00:17:08Z</time>
        <extensions>
          <gpxtpx:TrackPointExtension>
            <gpxtpx:hr>181</gpxtpx:hr>
          </gpxtpx:TrackPointExtension>
        </extensions>
      </trkpt>
      <trkpt lat="30.4808738028173" lon="104.0159552742542">
        <ele>481.9039354072884</ele>
        <time>1970-01-01T00:17:09Z</time>
        <extensions>
          <gpxtpx:TrackPointExtension>
            <gpxtpx:hr>181</gpxtpx:hr>
          </gpxtpx:TrackPointExtension>
        </extensions>
      </trkpt>
      <trkpt lat="30.48087784235012" lon="104.0159226808543">
        <ele>481.8948495006189</ele>
        <time>1970-01-01T00:17:10Z</time>
        <extensions>
          <gpxtpx:TrackPointExtension>
            <gpxtpx:hr>181</gpxtpx:hr>
          </gpxtpx:TrackPointExtension>
        </extensions>
      </trkpt>
      <trkpt lat="30.480877713704384" lon="104.01589069592004">
        <ele>481.89292563777417</ele>
        <time>1970-01-01T00:17:11Z</time>
        <extensions>
          <gpxtpx:TrackPointExtension>
            <gpxtpx:hr>181</gpxtpx:hr>
          </gpxtpx:TrackPointExtension>
        </extensions>
      </trkpt>
      <trkpt lat="30.480873526481655" lon="104.01585910136752">
        <ele>481.89897115156054</ele>
        <time>1970-01-01T00:17:12Z</time>
        <extensions>
          <gpxtpx:TrackPointExtension>
            <gpxtpx:hr>181</gpxtpx:hr>
          </gpxtpx:TrackPointExtension>
        </extensions>
      </trkpt>
      <trkpt lat="30.480866513570042" lon="104.01582722361466">
        <ele>481.9132658522576</ele>
        <time>1970-01-01T00:17:13Z</time>
        <extensions>
          <gpxtpx:TrackPointExtension>
            <gpxtpx:hr>180</gpxtpx:hr>
          </gpxtpx:TrackPointExtension>
        </extensions>
      </trkpt>
      <trkpt lat="30.480858329686487" lon="104.0157948088618">
        <ele>481.93514226190746</ele>
        <time>1970-01-01T00:17:14Z</time>
        <extensions>
          <gpxtpx:TrackPointExtension>
            <gpxtpx:hr>180</gpxtpx:hr>
          </gpxtpx:TrackPointExtension>
        </extensions>
      </trkpt>
      <trkpt lat="30.48084889368673" lon="104.01576235356445">
        <ele>481.9633827554062</ele>
        <time>1970-01-01T00:17:15Z</time>
        <extensions>
          <gpxtpx:TrackPointExtension>
            <gpxtpx:hr>180</gpxtpx:hr>
          </gpxtpx:TrackPointExtension>
        </extensions>
      </trkpt>
      <trkpt lat="30.480837216444133" lon="104.01573131394665">
        <ele>481.9963436257094</ele>
        <time>1970-01-01T00:17:16Z</time>
        <extensions>
          <gpxtpx:TrackPointExtension>
            <gpxtpx:hr>180</gpxtpx:hr>
          </gpxtpx:TrackPointExtension>
        </extensions>
      </trkpt>
      <trkpt lat="30.480821445593584" lon="104.0157031970418">
        <ele>482.0321540264413</ele>
        <time>1970-01-01T00:17:17Z</time>
        <extensions>
          <gpxtpx:TrackPointExtension>
            <gpxtpx:hr>181</gpxtpx:hr>
          </gpxtpx:TrackPointExtension>
        </extensions>
      </trkpt>
      <trkpt lat="30.480801471480277" lon="104.01567906881347">
        <ele>482.0691118519753</ele>
        <time>1970-01-01T00:17:18Z</time>
        <extensions>
          <gpxtpx:TrackPointExtension>
            <gpxtpx:hr>181</gpxtpx:hr>
          </gpxtpx:TrackPointExtension>
        </extensions>
      </trkpt>
      <trkpt lat="30.480778565723146" lon="104.01565785729571">
        <ele>482.10553374234587</ele>
        <time>1970-01-01T00:17:19Z</time>
        <extensions>
          <gpxtpx:TrackPointExtension>
            <gpxtpx:hr>181</gpxtpx:hr>
          </gpxtpx:TrackPointExtension>
        </extensions>
      </trkpt>
      <trkpt lat="30.48075314893951" lon="104.01563747735813">
        <ele>482.1399729177356</ele>
        <time>1970-01-01T00:17:20Z</time>
        <extensions>
          <gpxtpx:TrackPointExtension>
            <gpxtpx:hr>181</gpxtpx:hr>
          </gpxtpx:TrackPointExtension>
        </extensions>
      </trkpt>
      <trkpt lat="30.480725867005" lon="104.01561794447784">
        <ele>482.1711939945817</ele>
        <time>1970-01-01T00:17:21Z</time>
        <extensions>
          <gpxtpx:TrackPointExtension>
            <gpxtpx:hr>181</gpxtpx:hr>
          </gpxtpx:TrackPointExtension>
        </extensions>
      </trkpt>
      <trkpt lat="30.480696991867877" lon="104.01559986367535">
        <ele>482.1981168035418</ele>
        <time>1970-01-01T00:17:22Z</time>
        <extensions>
          <gpxtpx:TrackPointExtension>
            <gpxtpx:hr>181</gpxtpx:hr>
          </gpxtpx:TrackPointExtension>
        </extensions>
      </trkpt>
      <trkpt lat="30.48066719611519" lon="104.01558355610898">
        <ele>482.22002675104886</ele>
        <time>1970-01-01T00:17:23Z</time>
        <extensions>
          <gpxtpx:TrackPointExtension>
            <gpxtpx:hr>181</gpxtpx:hr>
          </gpxtpx:TrackPointExtension>
        </extensions>
      </trkpt>
      <trkpt lat="30.480636895450626" lon="104.01557033030842">
        <ele>482.2364055775106</ele>
        <time>1970-01-01T00:17:24Z</time>
        <extensions>
          <gpxtpx:TrackPointExtension>
            <gpxtpx:hr>182</gpxtpx:hr>
          </gpxtpx:TrackPointExtension>
        </extensions>
      </trkpt>
      <trkpt lat="30.48060642909453" lon="104.01555942924243">
        <ele>482.2469392027706</ele>
        <time>1970-01-01T00:17:25Z</time>
        <extensions>
          <gpxtpx:TrackPointExtension>
            <gpxtpx:hr>182</gpxtpx:hr>
          </gpxtpx:TrackPointExtension>
        </extensions>
      </trkpt>
      <trkpt lat="30.480576436347626" lon="104.01554908980742">
        <ele>482.25146468915045</ele>
        <time>1970-01-01T00:17:26Z</time>
        <extensions>
          <gpxtpx:TrackPointExtension>
            <gpxtpx:hr>182</gpxtpx:hr>
          </gpxtpx:TrackPointExtension>
        </extensions>
      </trkpt>
      <trkpt lat="30.480547690635703" lon="104.01553894439292">
        <ele>482.24993241764605</ele>
        <time>1970-01-01T00:17:27Z</time>
        <extensions>
          <gpxtpx:TrackPointExtension>
            <gpxtpx:hr>182</gpxtpx:hr>
          </gpxtpx:TrackPointExtension>
        </extensions>
      </trkpt>
      <trkpt lat="30.48052084135758" lon="104.0155283248403">
        <ele>482.24234830681235</ele>
        <time>1970-01-01T00:17:28Z</time>
        <extensions>
          <gpxtpx:TrackPointExtension>
            <gpxtpx:hr>182</gpxtpx:hr>
          </gpxtpx:TrackPointExtension>
        </extensions>
      </trkpt>
      <trkpt lat="30.48049471174525" lon="104.01551612804286">
        <ele>482.2289759796113</ele>
        <time>1970-01-01T00:17:29Z</time>
        <extensions>
          <gpxtpx:TrackPointExtension>
            <gpxtpx:hr>182</gpxtpx:hr>
          </gpxtpx:TrackPointExtension>
        </extensions>
      </trkpt>
      <trkpt lat="30.480467458774093" lon="104.0155021994672">
        <ele>482.2102657780051</ele>
        <time>1970-01-01T00:17:30Z</time>
        <extensions>
          <gpxtpx:TrackPointExtension>
            <gpxtpx:hr>182</gpxtpx:hr>
          </gpxtpx:TrackPointExtension>
        </extensions>
      </trkpt>
      <trkpt lat="30.48043903667057" lon="104.0154872826522">
        <ele>482.1866631414741</ele>
        <time>1970-01-01T00:17:31Z</time>
        <extensions>
          <gpxtpx:TrackPointExtension>
            <gpxtpx:hr>182</gpxtpx:hr>
          </gpxtpx:TrackPointExtension>
        </extensions>
      </trkpt>
      <trkpt lat="30.48041034622558" lon="104.01547169745126">
        <ele>482.1590145835653</ele>
        <time>1970-01-01T00:17:32Z</time>
        <extensions>
          <gpxtpx:TrackPointExtension>
            <gpxtpx:hr>182</gpxtpx:hr>
          </gpxtpx:TrackPointExtension>
        </extensions>
      </trkpt>
      <trkpt lat="30.48038101482855" lon="104.01545682015761">
        <ele>482.12829004600644</ele>
        <time>1970-01-01T00:17:33Z</time>
        <extensions>
          <gpxtpx:TrackPointExtension>
            <gpxtpx:hr>182</gpxtpx:hr>
          </gpxtpx:TrackPointExtension>
        </extensions>
      </trkpt>
      <trkpt lat="30.48035132334984" lon="104.01544318356915">
        <ele>482.09573305770755</ele>
        <time>1970-01-01T00:17:34Z</time>
        <extensions>
          <gpxtpx:TrackPointExtension>
            <gpxtpx:hr>182</gpxtpx:hr>
          </gpxtpx:TrackPointExtension>
        </extensions>
      </trkpt>
      <trkpt lat="30.480322027028063" lon="104.01542983425533">
        <ele>482.0628622667864</ele>
        <time>1970-01-01T00:17:35Z</time>
        <extensions>
          <gpxtpx:TrackPointExtension>
            <gpxtpx:hr>182</gpxtpx:hr>
          </gpxtpx:TrackPointExtension>
        </extensions>
      </trkpt>
      <trkpt lat="30.480292538070362" lon="104.01541634021105">
        <ele>482.0312932683155</ele>
        <time>1970-01-01T00:17:36Z</time>
        <extensions>
          <gpxtpx:TrackPointExtension>
            <gpxtpx:hr>182</gpxtpx:hr>
          </gpxtpx:TrackPointExtension>
        </extensions>
      </trkpt>
      <trkpt lat="30.48026196286631" lon="104.0154023817885">
        <ele>482.00256570708007</ele>
        <time>1970-01-01T00:17:37Z</time>
        <extensions>
          <gpxtpx:TrackPointExtension>
            <gpxtpx:hr>182</gpxtpx:hr>
          </gpxtpx:TrackPointExtension>
        </extensions>
      </trkpt>
      <trkpt lat="30.480230967029488" lon="104.01538828421744">
        <ele>481.9780315551907</ele>
        <time>1970-01-01T00:17:38Z</time>
        <extensions>
          <gpxtpx:TrackPointExtension>
            <gpxtpx:hr>182</gpxtpx:hr>
          </gpxtpx:TrackPointExtension>
        </extensions>
      </trkpt>
      <trkpt lat="30.48020092189302" lon="104.01537492007425">
        <ele>481.9587498335168</ele>
        <time>1970-01-01T00:17:39Z</time>
        <extensions>
          <gpxtpx:TrackPointExtension>
            <gpxtpx:hr>182</gpxtpx:hr>
          </gpxtpx:TrackPointExtension>
        </extensions>
      </trkpt>
      <trkpt lat="30.480171249537836" lon="104.01536378272625">
        <ele>481.94547806028277</ele>
        <time>1970-01-01T00:17:40Z</time>
        <extensions>
          <gpxtpx:TrackPointExtension>
            <gpxtpx:hr>182</gpxtpx:hr>
          </gpxtpx:TrackPointExtension>
        </extensions>
      </trkpt>
      <trkpt lat="30.4801413280854" lon="104.01535599748209">
        <ele>481.9385207723826</ele>
        <time>1970-01-01T00:17:41Z</time>
        <extensions>
          <gpxtpx:TrackPointExtension>
            <gpxtpx:hr>182</gpxtpx:hr>
          </gpxtpx:TrackPointExtension>
        </extensions>
      </trkpt>
      <trkpt lat="30.48011110089107" lon="104.0153519881379">
        <ele>481.9377760272473</ele>
        <time>1970-01-01T00:17:42Z</time>
        <extensions>
          <gpxtpx:TrackPointExtension>
            <gpxtpx:hr>182</gpxtpx:hr>
          </gpxtpx:TrackPointExtension>
        </extensions>
      </trkpt>
      <trkpt lat="30.480080545611237" lon="104.01535130437675">
        <ele>481.9427999695763</ele>
        <time>1970-01-01T00:17:43Z</time>
        <extensions>
          <gpxtpx:TrackPointExtension>
            <gpxtpx:hr>182</gpxtpx:hr>
          </gpxtpx:TrackPointExtension>
        </extensions>
      </trkpt>
      <trkpt lat="30.480049423590124" lon="104.01535226088804">
        <ele>481.9529180955142</ele>
        <time>1970-01-01T00:17:44Z</time>
        <extensions>
          <gpxtpx:TrackPointExtension>
            <gpxtpx:hr>182</gpxtpx:hr>
          </gpxtpx:TrackPointExtension>
        </extensions>
      </trkpt>
      <trkpt lat="30.48001735624021" lon="104.01535334152781">
        <ele>481.9673659289256</ele>
        <time>1970-01-01T00:17:45Z</time>
        <extensions>
          <gpxtpx:TrackPointExtension>
            <gpxtpx:hr>182</gpxtpx:hr>
          </gpxtpx:TrackPointExtension>
        </extensions>
      </trkpt>
      <trkpt lat="30.47998495469287" lon="104.01535307610045">
        <ele>481.98536978755146</ele>
        <time>1970-01-01T00:17:46Z</time>
        <extensions>
          <gpxtpx:TrackPointExtension>
            <gpxtpx:hr>182</gpxtpx:hr>
          </gpxtpx:TrackPointExtension>
        </extensions>
      </trkpt>
      <trkpt lat="30.479953033212997" lon="104.01535166899282">
        <ele>482.0064520537853</ele>
        <time>1970-01-01T00:17:47Z</time>
        <extensions>
          <gpxtpx:TrackPointExtension>
            <gpxtpx:hr>182</gpxtpx:hr>
          </gpxtpx:TrackPointExtension>
        </extensions>
      </trkpt>
      <trkpt lat="30.479922250004012" lon="104.01535028990415">
        <ele>482.0303935762495</ele>
        <time>1970-01-01T00:17:48Z</time>
        <extensions>
          <gpxtpx:TrackPointExtension>
            <gpxtpx:hr>181</gpxtpx:hr>
          </gpxtpx:TrackPointExtension>
        </extensions>
      </trkpt>
      <trkpt lat="30.479892658793236" lon="104.01534941020627">
        <ele>482.057152280584</ele>
        <time>1970-01-01T00:17:49Z</time>
        <extensions>
          <gpxtpx:TrackPointExtension>
            <gpxtpx:hr>181</gpxtpx:hr>
          </gpxtpx:TrackPointExtension>
        </extensions>
      </trkpt>
      <trkpt lat="30.479863317814203" lon="104.01534907424009">
        <ele>482.08650665543973</ele>
        <time>1970-01-01T00:17:50Z</time>
        <extensions>
          <gpxtpx:TrackPointExtension>
            <gpxtpx:hr>181</gpxtpx:hr>
          </gpxtpx:TrackPointExtension>
        </extensions>
      </trkpt>
      <trkpt lat="30.4798332045667" lon="104.0153487685219">
        <ele>482.11828470416367</ele>
        <time>1970-01-01T00:17:51Z</time>
        <extensions>
          <gpxtpx:TrackPointExtension>
            <gpxtpx:hr>181</gpxtpx:hr>
          </gpxtpx:TrackPointExtension>
        </extensions>
      </trkpt>
      <trkpt lat="30.47980184548058" lon="104.01534882854097">
        <ele>482.1523030232638</ele>
        <time>1970-01-01T00:17:52Z</time>
        <extensions>
          <gpxtpx:TrackPointExtension>
            <gpxtpx:hr>181</gpxtpx:hr>
          </gpxtpx:TrackPointExtension>
        </extensions>
      </trkpt>
      <trkpt lat="30.479770265350965" lon="104.01534941814975">
        <ele>482.18834017496556</ele>
        <time>1970-01-01T00:17:53Z</time>
        <extensions>
          <gpxtpx:TrackPointExtension>
            <gpxtpx:hr>183</gpxtpx:hr>
          </gpxtpx:TrackPointExtension>
        </extensions>
      </trkpt>
      <trkpt lat="30.479738972861504" lon="104.015350893994">
        <ele>482.2263854779303</ele>
        <time>1970-01-01T00:17:54Z</time>
        <extensions>
          <gpxtpx:TrackPointExtension>
            <gpxtpx:hr>183</gpxtpx:hr>
          </gpxtpx:TrackPointExtension>
        </extensions>
      </trkpt>
      <trkpt lat="30.479708176000123" lon="104.01535374614689">
        <ele>482.26583830919117</ele>
        <time>1970-01-01T00:17:55Z</time>
        <extensions>
          <gpxtpx:TrackPointExtension>
            <gpxtpx:hr>183</gpxtpx:hr>
          </gpxtpx:TrackPointExtension>
        </extensions>
      </trkpt>
      <trkpt lat="30.479677882831382" lon="104.0153577799385">
        <ele>482.3059113342315</ele>
        <time>1970-01-01T00:17:56Z</time>
        <extensions>
          <gpxtpx:TrackPointExtension>
            <gpxtpx:hr>183</gpxtpx:hr>
          </gpxtpx:TrackPointExtension>
        </extensions>
      </trkpt>
      <trkpt lat="30.479646979455207" lon="104.01536218563609">
        <ele>482.34546299558133</ele>
        <time>1970-01-01T00:17:57Z</time>
        <extensions>
          <gpxtpx:TrackPointExtension>
            <gpxtpx:hr>183</gpxtpx:hr>
          </gpxtpx:TrackPointExtension>
        </extensions>
      </trkpt>
      <trkpt lat="30.479615058670245" lon="104.01536590134621">
        <ele>482.3828723207116</ele>
        <time>1970-01-01T00:17:58Z</time>
        <extensions>
          <gpxtpx:TrackPointExtension>
            <gpxtpx:hr>183</gpxtpx:hr>
          </gpxtpx:TrackPointExtension>
        </extensions>
      </trkpt>
      <trkpt lat="30.479582505892367" lon="104.01536915566352">
        <ele>482.4162903595716</ele>
        <time>1970-01-01T00:17:59Z</time>
        <extensions>
          <gpxtpx:TrackPointExtension>
            <gpxtpx:hr>182</gpxtpx:hr>
          </gpxtpx:TrackPointExtension>
        </extensions>
      </trkpt>
      <trkpt lat="30.479550574589858" lon="104.01537245734927">
        <ele>482.444342110306</ele>
        <time>1970-01-01T00:18:00Z</time>
        <extensions>
          <gpxtpx:TrackPointExtension>
            <gpxtpx:hr>182</gpxtpx:hr>
          </gpxtpx:TrackPointExtension>
        </extensions>
      </trkpt>
      <trkpt lat="30.47951932047155" lon="104.01537675042486">
        <ele>482.46581332664937</ele>
        <time>1970-01-01T00:18:01Z</time>
        <extensions>
          <gpxtpx:TrackPointExtension>
            <gpxtpx:hr>182</gpxtpx:hr>
          </gpxtpx:TrackPointExtension>
        </extensions>
      </trkpt>
      <trkpt lat="30.47948866152137" lon="104.01538269746543">
        <ele>482.4796093804762</ele>
        <time>1970-01-01T00:18:02Z</time>
        <extensions>
          <gpxtpx:TrackPointExtension>
            <gpxtpx:hr>182</gpxtpx:hr>
          </gpxtpx:TrackPointExtension>
        </extensions>
      </trkpt>
      <trkpt lat="30.479458348455616" lon="104.01538986302909">
        <ele>482.48551712278277</ele>
        <time>1970-01-01T00:18:03Z</time>
        <extensions>
          <gpxtpx:TrackPointExtension>
            <gpxtpx:hr>182</gpxtpx:hr>
          </gpxtpx:TrackPointExtension>
        </extensions>
      </trkpt>
      <trkpt lat="30.47942770475722" lon="104.0153974235552">
        <ele>482.48416562378407</ele>
        <time>1970-01-01T00:18:04Z</time>
        <extensions>
          <gpxtpx:TrackPointExtension>
            <gpxtpx:hr>182</gpxtpx:hr>
          </gpxtpx:TrackPointExtension>
        </extensions>
      </trkpt>
      <trkpt lat="30.479397811945898" lon="104.01540493355114">
        <ele>482.47672770451754</ele>
        <time>1970-01-01T00:18:05Z</time>
        <extensions>
          <gpxtpx:TrackPointExtension>
            <gpxtpx:hr>182</gpxtpx:hr>
          </gpxtpx:TrackPointExtension>
        </extensions>
      </trkpt>
      <trkpt lat="30.479368862351574" lon="104.01541252271103">
        <ele>482.4650181857869</ele>
        <time>1970-01-01T00:18:06Z</time>
        <extensions>
          <gpxtpx:TrackPointExtension>
            <gpxtpx:hr>182</gpxtpx:hr>
          </gpxtpx:TrackPointExtension>
        </extensions>
      </trkpt>
      <trkpt lat="30.479339642185376" lon="104.0154195867004">
        <ele>482.4516809200868</ele>
        <time>1970-01-01T00:18:07Z</time>
        <extensions>
          <gpxtpx:TrackPointExtension>
            <gpxtpx:hr>181</gpxtpx:hr>
          </gpxtpx:TrackPointExtension>
        </extensions>
      </trkpt>
      <trkpt lat="30.479309312494987" lon="104.01542566265158">
        <ele>482.4389123534784</ele>
        <time>1970-01-01T00:18:08Z</time>
        <extensions>
          <gpxtpx:TrackPointExtension>
            <gpxtpx:hr>181</gpxtpx:hr>
          </gpxtpx:TrackPointExtension>
        </extensions>
      </trkpt>
      <trkpt lat="30.47927821131467" lon="104.0154299684003">
        <ele>482.4284426132217</ele>
        <time>1970-01-01T00:18:09Z</time>
        <extensions>
          <gpxtpx:TrackPointExtension>
            <gpxtpx:hr>181</gpxtpx:hr>
          </gpxtpx:TrackPointExtension>
        </extensions>
      </trkpt>
      <trkpt lat="30.47924666299766" lon="104.01543299092151">
        <ele>482.4211279209703</ele>
        <time>1970-01-01T00:18:10Z</time>
        <extensions>
          <gpxtpx:TrackPointExtension>
            <gpxtpx:hr>181</gpxtpx:hr>
          </gpxtpx:TrackPointExtension>
        </extensions>
      </trkpt>
      <trkpt lat="30.479214806125942" lon="104.01543594051171">
        <ele>482.4167207060382</ele>
        <time>1970-01-01T00:18:11Z</time>
        <extensions>
          <gpxtpx:TrackPointExtension>
            <gpxtpx:hr>181</gpxtpx:hr>
          </gpxtpx:TrackPointExtension>
        </extensions>
      </trkpt>
      <trkpt lat="30.4791827800693" lon="104.01543883285025">
        <ele>482.41359459329396</ele>
        <time>1970-01-01T00:18:12Z</time>
        <extensions>
          <gpxtpx:TrackPointExtension>
            <gpxtpx:hr>181</gpxtpx:hr>
          </gpxtpx:TrackPointExtension>
        </extensions>
      </trkpt>
      <trkpt lat="30.47915062093383" lon="104.01544154212449">
        <ele>482.4092516610399</ele>
        <time>1970-01-01T00:18:13Z</time>
        <extensions>
          <gpxtpx:TrackPointExtension>
            <gpxtpx:hr>181</gpxtpx:hr>
          </gpxtpx:TrackPointExtension>
        </extensions>
      </trkpt>
      <trkpt lat="30.4791189363049" lon="104.01544314907915">
        <ele>482.4009380210191</ele>
        <time>1970-01-01T00:18:14Z</time>
        <extensions>
          <gpxtpx:TrackPointExtension>
            <gpxtpx:hr>181</gpxtpx:hr>
          </gpxtpx:TrackPointExtension>
        </extensions>
      </trkpt>
      <trkpt lat="30.479087907092403" lon="104.01544255225937">
        <ele>482.3865328319371</ele>
        <time>1970-01-01T00:18:15Z</time>
        <extensions>
          <gpxtpx:TrackPointExtension>
            <gpxtpx:hr>181</gpxtpx:hr>
          </gpxtpx:TrackPointExtension>
        </extensions>
      </trkpt>
      <trkpt lat="30.479057575586783" lon="104.01543933019533">
        <ele>482.3650576835498</ele>
        <time>1970-01-01T00:18:16Z</time>
        <extensions>
          <gpxtpx:TrackPointExtension>
            <gpxtpx:hr>181</gpxtpx:hr>
          </gpxtpx:TrackPointExtension>
        </extensions>
      </trkpt>
      <trkpt lat="30.479027348442855" lon="104.01543432083906">
        <ele>482.33666447084397</ele>
        <time>1970-01-01T00:18:17Z</time>
        <extensions>
          <gpxtpx:TrackPointExtension>
            <gpxtpx:hr>181</gpxtpx:hr>
          </gpxtpx:TrackPointExtension>
        </extensions>
      </trkpt>
      <trkpt lat="30.478996910469274" lon="104.0154279403714">
        <ele>482.30295065045357</ele>
        <time>1970-01-01T00:18:18Z</time>
        <extensions>
          <gpxtpx:TrackPointExtension>
            <gpxtpx:hr>182</gpxtpx:hr>
          </gpxtpx:TrackPointExtension>
        </extensions>
      </trkpt>
      <trkpt lat="30.478965870789313" lon="104.0154203170873">
        <ele>482.2661902792752</ele>
        <time>1970-01-01T00:18:19Z</time>
        <extensions>
          <gpxtpx:TrackPointExtension>
            <gpxtpx:hr>182</gpxtpx:hr>
          </gpxtpx:TrackPointExtension>
        </extensions>
      </trkpt>
      <trkpt lat="30.4789341443482" lon="104.01541204835894">
        <ele>482.22866536397487</ele>
        <time>1970-01-01T00:18:20Z</time>
        <extensions>
          <gpxtpx:TrackPointExtension>
            <gpxtpx:hr>182</gpxtpx:hr>
          </gpxtpx:TrackPointExtension>
        </extensions>
      </trkpt>
      <trkpt lat="30.47890239024897" lon="104.01540356177199">
        <ele>482.19255964644253</ele>
        <time>1970-01-01T00:18:21Z</time>
        <extensions>
          <gpxtpx:TrackPointExtension>
            <gpxtpx:hr>182</gpxtpx:hr>
          </gpxtpx:TrackPointExtension>
        </extensions>
      </trkpt>
      <trkpt lat="30.47887065248226" lon="104.01539508998552">
        <ele>482.15970511361957</ele>
        <time>1970-01-01T00:18:22Z</time>
        <extensions>
          <gpxtpx:TrackPointExtension>
            <gpxtpx:hr>182</gpxtpx:hr>
          </gpxtpx:TrackPointExtension>
        </extensions>
      </trkpt>
      <trkpt lat="30.47883940766751" lon="104.01538552675963">
        <ele>482.13150575757027</ele>
        <time>1970-01-01T00:18:23Z</time>
        <extensions>
          <gpxtpx:TrackPointExtension>
            <gpxtpx:hr>182</gpxtpx:hr>
          </gpxtpx:TrackPointExtension>
        </extensions>
      </trkpt>
      <trkpt lat="30.478808410110616" lon="104.01537395346156">
        <ele>482.1090057641268</ele>
        <time>1970-01-01T00:18:24Z</time>
        <extensions>
          <gpxtpx:TrackPointExtension>
            <gpxtpx:hr>182</gpxtpx:hr>
          </gpxtpx:TrackPointExtension>
        </extensions>
      </trkpt>
      <trkpt lat="30.47877761498197" lon="104.01536087656979">
        <ele>482.0929042529315</ele>
        <time>1970-01-01T00:18:25Z</time>
        <extensions>
          <gpxtpx:TrackPointExtension>
            <gpxtpx:hr>182</gpxtpx:hr>
          </gpxtpx:TrackPointExtension>
        </extensions>
      </trkpt>
      <trkpt lat="30.478746533846646" lon="104.0153473081882">
        <ele>482.08385792095214</ele>
        <time>1970-01-01T00:18:26Z</time>
        <extensions>
          <gpxtpx:TrackPointExtension>
            <gpxtpx:hr>182</gpxtpx:hr>
          </gpxtpx:TrackPointExtension>
        </extensions>
      </trkpt>
      <trkpt lat="30.478714924206752" lon="104.01533463430667">
        <ele>482.0822604401037</ele>
        <time>1970-01-01T00:18:27Z</time>
        <extensions>
          <gpxtpx:TrackPointExtension>
            <gpxtpx:hr>182</gpxtpx:hr>
          </gpxtpx:TrackPointExtension>
        </extensions>
      </trkpt>
      <trkpt lat="30.478683048854176" lon="104.0153236282207">
        <ele>482.08802096080035</ele>
        <time>1970-01-01T00:18:28Z</time>
        <extensions>
          <gpxtpx:TrackPointExtension>
            <gpxtpx:hr>182</gpxtpx:hr>
          </gpxtpx:TrackPointExtension>
        </extensions>
      </trkpt>
      <trkpt lat="30.478650945391188" lon="104.01531351414783">
        <ele>482.1005823854357</ele>
        <time>1970-01-01T00:18:29Z</time>
        <extensions>
          <gpxtpx:TrackPointExtension>
            <gpxtpx:hr>182</gpxtpx:hr>
          </gpxtpx:TrackPointExtension>
        </extensions>
      </trkpt>
      <trkpt lat="30.478619284744113" lon="104.01530379298957">
        <ele>482.11942346487194</ele>
        <time>1970-01-01T00:18:30Z</time>
        <extensions>
          <gpxtpx:TrackPointExtension>
            <gpxtpx:hr>182</gpxtpx:hr>
          </gpxtpx:TrackPointExtension>
        </extensions>
      </trkpt>
      <trkpt lat="30.478587706099276" lon="104.01529504837227">
        <ele>482.1431561773643</ele>
        <time>1970-01-01T00:18:31Z</time>
        <extensions>
          <gpxtpx:TrackPointExtension>
            <gpxtpx:hr>182</gpxtpx:hr>
          </gpxtpx:TrackPointExtension>
        </extensions>
      </trkpt>
      <trkpt lat="30.478556609850475" lon="104.01528795907491">
        <ele>482.1703033046797</ele>
        <time>1970-01-01T00:18:32Z</time>
        <extensions>
          <gpxtpx:TrackPointExtension>
            <gpxtpx:hr>182</gpxtpx:hr>
          </gpxtpx:TrackPointExtension>
        </extensions>
      </trkpt>
      <trkpt lat="30.478526200020063" lon="104.01528280332654">
        <ele>482.1994138425216</ele>
        <time>1970-01-01T00:18:33Z</time>
        <extensions>
          <gpxtpx:TrackPointExtension>
            <gpxtpx:hr>182</gpxtpx:hr>
          </gpxtpx:TrackPointExtension>
        </extensions>
      </trkpt>
      <trkpt lat="30.478496210543593" lon="104.01527826739827">
        <ele>482.229029558599</ele>
        <time>1970-01-01T00:18:34Z</time>
        <extensions>
          <gpxtpx:TrackPointExtension>
            <gpxtpx:hr>182</gpxtpx:hr>
          </gpxtpx:TrackPointExtension>
        </extensions>
      </trkpt>
      <trkpt lat="30.478466098942942" lon="104.01527280597924">
        <ele>482.2574753770605</ele>
        <time>1970-01-01T00:18:35Z</time>
        <extensions>
          <gpxtpx:TrackPointExtension>
            <gpxtpx:hr>182</gpxtpx:hr>
          </gpxtpx:TrackPointExtension>
        </extensions>
      </trkpt>
      <trkpt lat="30.47843551092379" lon="104.01526619942246">
        <ele>482.2828663624823</ele>
        <time>1970-01-01T00:18:36Z</time>
        <extensions>
          <gpxtpx:TrackPointExtension>
            <gpxtpx:hr>182</gpxtpx:hr>
          </gpxtpx:TrackPointExtension>
        </extensions>
      </trkpt>
      <trkpt lat="30.478405588659143" lon="104.0152605613178">
        <ele>482.303317531012</ele>
        <time>1970-01-01T00:18:37Z</time>
        <extensions>
          <gpxtpx:TrackPointExtension>
            <gpxtpx:hr>182</gpxtpx:hr>
          </gpxtpx:TrackPointExtension>
        </extensions>
      </trkpt>
      <trkpt lat="30.47837672124862" lon="104.01525818119795">
        <ele>482.31725222989917</ele>
        <time>1970-01-01T00:18:38Z</time>
        <extensions>
          <gpxtpx:TrackPointExtension>
            <gpxtpx:hr>182</gpxtpx:hr>
          </gpxtpx:TrackPointExtension>
        </extensions>
      </trkpt>
      <trkpt lat="30.478348509160092" lon="104.01525828106323">
        <ele>482.3235378721729</ele>
        <time>1970-01-01T00:18:39Z</time>
        <extensions>
          <gpxtpx:TrackPointExtension>
            <gpxtpx:hr>181</gpxtpx:hr>
          </gpxtpx:TrackPointExtension>
        </extensions>
      </trkpt>
      <trkpt lat="30.478320390601482" lon="104.01525971265613">
        <ele>482.3218244602904</ele>
        <time>1970-01-01T00:18:40Z</time>
        <extensions>
          <gpxtpx:TrackPointExtension>
            <gpxtpx:hr>181</gpxtpx:hr>
          </gpxtpx:TrackPointExtension>
        </extensions>
      </trkpt>
      <trkpt lat="30.47829237506675" lon="104.01526192716693">
        <ele>482.31271415762603</ele>
        <time>1970-01-01T00:18:41Z</time>
        <extensions>
          <gpxtpx:TrackPointExtension>
            <gpxtpx:hr>181</gpxtpx:hr>
          </gpxtpx:TrackPointExtension>
        </extensions>
      </trkpt>
      <trkpt lat="30.478264290137957" lon="104.01526550962639">
        <ele>482.29739860538393</ele>
        <time>1970-01-01T00:18:42Z</time>
        <extensions>
          <gpxtpx:TrackPointExtension>
            <gpxtpx:hr>181</gpxtpx:hr>
          </gpxtpx:TrackPointExtension>
        </extensions>
      </trkpt>
      <trkpt lat="30.47823626106518" lon="104.01527134278678">
        <ele>482.27716394513845</ele>
        <time>1970-01-01T00:18:43Z</time>
        <extensions>
          <gpxtpx:TrackPointExtension>
            <gpxtpx:hr>181</gpxtpx:hr>
          </gpxtpx:TrackPointExtension>
        </extensions>
      </trkpt>
      <trkpt lat="30.478208410782887" lon="104.01527868454184">
        <ele>482.2532316679135</ele>
        <time>1970-01-01T00:18:44Z</time>
        <extensions>
          <gpxtpx:TrackPointExtension>
            <gpxtpx:hr>181</gpxtpx:hr>
          </gpxtpx:TrackPointExtension>
        </extensions>
      </trkpt>
      <trkpt lat="30.47818039395405" lon="104.01528659227812">
        <ele>482.2263991041109</ele>
        <time>1970-01-01T00:18:45Z</time>
        <extensions>
          <gpxtpx:TrackPointExtension>
            <gpxtpx:hr>181</gpxtpx:hr>
          </gpxtpx:TrackPointExtension>
        </extensions>
      </trkpt>
      <trkpt lat="30.478152539020257" lon="104.01529488436111">
        <ele>482.1975087225437</ele>
        <time>1970-01-01T00:18:46Z</time>
        <extensions>
          <gpxtpx:TrackPointExtension>
            <gpxtpx:hr>181</gpxtpx:hr>
          </gpxtpx:TrackPointExtension>
        </extensions>
      </trkpt>
      <trkpt lat="30.478124449392705" lon="104.01530378661631">
        <ele>482.1676039658487</ele>
        <time>1970-01-01T00:18:47Z</time>
        <extensions>
          <gpxtpx:TrackPointExtension>
            <gpxtpx:hr>181</gpxtpx:hr>
          </gpxtpx:TrackPointExtension>
        </extensions>
      </trkpt>
      <trkpt lat="30.478096196525527" lon="104.01531310861353">
        <ele>482.137777085416</ele>
        <time>1970-01-01T00:18:48Z</time>
        <extensions>
          <gpxtpx:TrackPointExtension>
            <gpxtpx:hr>181</gpxtpx:hr>
          </gpxtpx:TrackPointExtension>
        </extensions>
      </trkpt>
      <trkpt lat="30.47806751396835" lon="104.01532298863953">
        <ele>482.1092924680561</ele>
        <time>1970-01-01T00:18:49Z</time>
        <extensions>
          <gpxtpx:TrackPointExtension>
            <gpxtpx:hr>181</gpxtpx:hr>
          </gpxtpx:TrackPointExtension>
        </extensions>
      </trkpt>
      <trkpt lat="30.478037831177947" lon="104.0153330607825">
        <ele>482.0835674991831</ele>
        <time>1970-01-01T00:18:50Z</time>
        <extensions>
          <gpxtpx:TrackPointExtension>
            <gpxtpx:hr>181</gpxtpx:hr>
          </gpxtpx:TrackPointExtension>
        </extensions>
      </trkpt>
      <trkpt lat="30.4780075736616" lon="104.01534236639202">
        <ele>482.0620499076322</ele>
        <time>1970-01-01T00:18:51Z</time>
        <extensions>
          <gpxtpx:TrackPointExtension>
            <gpxtpx:hr>181</gpxtpx:hr>
          </gpxtpx:TrackPointExtension>
        </extensions>
      </trkpt>
      <trkpt lat="30.477977695047898" lon="104.0153506635331">
        <ele>482.0461007943377</ele>
        <time>1970-01-01T00:18:52Z</time>
        <extensions>
          <gpxtpx:TrackPointExtension>
            <gpxtpx:hr>181</gpxtpx:hr>
          </gpxtpx:TrackPointExtension>
        </extensions>
      </trkpt>
      <trkpt lat="30.47794880155833" lon="104.01535849303679">
        <ele>482.0368889346719</ele>
        <time>1970-01-01T00:18:53Z</time>
        <extensions>
          <gpxtpx:TrackPointExtension>
            <gpxtpx:hr>181</gpxtpx:hr>
          </gpxtpx:TrackPointExtension>
        </extensions>
      </trkpt>
      <trkpt lat="30.477919780827918" lon="104.0153664090454">
        <ele>482.0354606406763</ele>
        <time>1970-01-01T00:18:54Z</time>
        <extensions>
          <gpxtpx:TrackPointExtension>
            <gpxtpx:hr>181</gpxtpx:hr>
          </gpxtpx:TrackPointExtension>
        </extensions>
      </trkpt>
      <trkpt lat="30.477889780033628" lon="104.01537322073916">
        <ele>482.04238014575094</ele>
        <time>1970-01-01T00:18:55Z</time>
        <extensions>
          <gpxtpx:TrackPointExtension>
            <gpxtpx:hr>181</gpxtpx:hr>
          </gpxtpx:TrackPointExtension>
        </extensions>
      </trkpt>
      <trkpt lat="30.477858519308693" lon="104.01537760105441">
        <ele>482.05744096823037</ele>
        <time>1970-01-01T00:18:56Z</time>
        <extensions>
          <gpxtpx:TrackPointExtension>
            <gpxtpx:hr>181</gpxtpx:hr>
          </gpxtpx:TrackPointExtension>
        </extensions>
      </trkpt>
      <trkpt lat="30.47782695687223" lon="104.01537908709828">
        <ele>482.0795630412176</ele>
        <time>1970-01-01T00:18:57Z</time>
        <extensions>
          <gpxtpx:TrackPointExtension>
            <gpxtpx:hr>181</gpxtpx:hr>
          </gpxtpx:TrackPointExtension>
        </extensions>
      </trkpt>
      <trkpt lat="30.477795797114407" lon="104.01537857331971">
        <ele>482.10747832246125</ele>
        <time>1970-01-01T00:18:58Z</time>
        <extensions>
          <gpxtpx:TrackPointExtension>
            <gpxtpx:hr>181</gpxtpx:hr>
          </gpxtpx:TrackPointExtension>
        </extensions>
      </trkpt>
      <trkpt lat="30.477765032011387" lon="104.01537770204722">
        <ele>482.13955315668136</ele>
        <time>1970-01-01T00:18:59Z</time>
        <extensions>
          <gpxtpx:TrackPointExtension>
            <gpxtpx:hr>181</gpxtpx:hr>
          </gpxtpx:TrackPointExtension>
        </extensions>
      </trkpt>
      <trkpt lat="30.477734409536023" lon="104.01537717043117">
        <ele>482.1741574369371</ele>
        <time>1970-01-01T00:19:00Z</time>
        <extensions>
          <gpxtpx:TrackPointExtension>
            <gpxtpx:hr>181</gpxtpx:hr>
          </gpxtpx:TrackPointExtension>
        </extensions>
      </trkpt>
      <trkpt lat="30.47770318742624" lon="104.01537676505843">
        <ele>482.20994035247713</ele>
        <time>1970-01-01T00:19:01Z</time>
        <extensions>
          <gpxtpx:TrackPointExtension>
            <gpxtpx:hr>181</gpxtpx:hr>
          </gpxtpx:TrackPointExtension>
        </extensions>
      </trkpt>
      <trkpt lat="30.477671843888807" lon="104.01537674882573">
        <ele>482.24543915875256</ele>
        <time>1970-01-01T00:19:02Z</time>
        <extensions>
          <gpxtpx:TrackPointExtension>
            <gpxtpx:hr>181</gpxtpx:hr>
          </gpxtpx:TrackPointExtension>
        </extensions>
      </trkpt>
      <trkpt lat="30.477640543328533" lon="104.01537729978067">
        <ele>482.27909636404365</ele>
        <time>1970-01-01T00:19:03Z</time>
        <extensions>
          <gpxtpx:TrackPointExtension>
            <gpxtpx:hr>181</gpxtpx:hr>
          </gpxtpx:TrackPointExtension>
        </extensions>
      </trkpt>
      <trkpt lat="30.477609890463675" lon="104.01537786064189">
        <ele>482.30923820473254</ele>
        <time>1970-01-01T00:19:04Z</time>
        <extensions>
          <gpxtpx:TrackPointExtension>
            <gpxtpx:hr>181</gpxtpx:hr>
          </gpxtpx:TrackPointExtension>
        </extensions>
      </trkpt>
      <trkpt lat="30.477579603248916" lon="104.01537979645018">
        <ele>482.33416246343404</ele>
        <time>1970-01-01T00:19:05Z</time>
        <extensions>
          <gpxtpx:TrackPointExtension>
            <gpxtpx:hr>181</gpxtpx:hr>
          </gpxtpx:TrackPointExtension>
        </extensions>
      </trkpt>
      <trkpt lat="30.477549282739275" lon="104.0153840163005">
        <ele>482.352286987938</ele>
        <time>1970-01-01T00:19:06Z</time>
        <extensions>
          <gpxtpx:TrackPointExtension>
            <gpxtpx:hr>182</gpxtpx:hr>
          </gpxtpx:TrackPointExtension>
        </extensions>
      </trkpt>
      <trkpt lat="30.477519188242205" lon="104.01539030275474">
        <ele>482.36243642214686</ele>
        <time>1970-01-01T00:19:07Z</time>
        <extensions>
          <gpxtpx:TrackPointExtension>
            <gpxtpx:hr>182</gpxtpx:hr>
          </gpxtpx:TrackPointExtension>
        </extensions>
      </trkpt>
      <trkpt lat="30.477489774233614" lon="104.01539864242747">
        <ele>482.36408110614866</ele>
        <time>1970-01-01T00:19:08Z</time>
        <extensions>
          <gpxtpx:TrackPointExtension>
            <gpxtpx:hr>182</gpxtpx:hr>
          </gpxtpx:TrackPointExtension>
        </extensions>
      </trkpt>
      <trkpt lat="30.477461298552726" lon="104.01540935406496">
        <ele>482.3573535103351</ele>
        <time>1970-01-01T00:19:09Z</time>
        <extensions>
          <gpxtpx:TrackPointExtension>
            <gpxtpx:hr>182</gpxtpx:hr>
          </gpxtpx:TrackPointExtension>
        </extensions>
      </trkpt>
      <trkpt lat="30.477433131225485" lon="104.01542257537938">
        <ele>482.3428586963564</ele>
        <time>1970-01-01T00:19:10Z</time>
        <extensions>
          <gpxtpx:TrackPointExtension>
            <gpxtpx:hr>182</gpxtpx:hr>
          </gpxtpx:TrackPointExtension>
        </extensions>
      </trkpt>
      <trkpt lat="30.477405038507072" lon="104.01543702777306">
        <ele>482.3215876687318</ele>
        <time>1970-01-01T00:19:11Z</time>
        <extensions>
          <gpxtpx:TrackPointExtension>
            <gpxtpx:hr>182</gpxtpx:hr>
          </gpxtpx:TrackPointExtension>
        </extensions>
      </trkpt>
      <trkpt lat="30.477377574067525" lon="104.01545207361397">
        <ele>482.29498252552</ele>
        <time>1970-01-01T00:19:12Z</time>
        <extensions>
          <gpxtpx:TrackPointExtension>
            <gpxtpx:hr>181</gpxtpx:hr>
          </gpxtpx:TrackPointExtension>
        </extensions>
      </trkpt>
      <trkpt lat="30.477351745368093" lon="104.01546797384448">
        <ele>482.26435877382755</ele>
        <time>1970-01-01T00:19:13Z</time>
        <extensions>
          <gpxtpx:TrackPointExtension>
            <gpxtpx:hr>181</gpxtpx:hr>
          </gpxtpx:TrackPointExtension>
        </extensions>
      </trkpt>
      <trkpt lat="30.477326817858906" lon="104.01548600290296">
        <ele>482.230659654364</ele>
        <time>1970-01-01T00:19:14Z</time>
        <extensions>
          <gpxtpx:TrackPointExtension>
            <gpxtpx:hr>181</gpxtpx:hr>
          </gpxtpx:TrackPointExtension>
        </extensions>
      </trkpt>
      <trkpt lat="30.477302010047065" lon="104.01550661969941">
        <ele>482.19502852857113</ele>
        <time>1970-01-01T00:19:15Z</time>
        <extensions>
          <gpxtpx:TrackPointExtension>
            <gpxtpx:hr>181</gpxtpx:hr>
          </gpxtpx:TrackPointExtension>
        </extensions>
      </trkpt>
      <trkpt lat="30.477277188661077" lon="104.01552929780948">
        <ele>482.1583051709458</ele>
        <time>1970-01-01T00:19:16Z</time>
        <extensions>
          <gpxtpx:TrackPointExtension>
            <gpxtpx:hr>181</gpxtpx:hr>
          </gpxtpx:TrackPointExtension>
        </extensions>
      </trkpt>
      <trkpt lat="30.47725240037299" lon="104.0155530083218">
        <ele>482.12135691940784</ele>
        <time>1970-01-01T00:19:17Z</time>
        <extensions>
          <gpxtpx:TrackPointExtension>
            <gpxtpx:hr>181</gpxtpx:hr>
          </gpxtpx:TrackPointExtension>
        </extensions>
      </trkpt>
      <trkpt lat="30.47722838979006" lon="104.0155769392272">
        <ele>482.08531173411757</ele>
        <time>1970-01-01T00:19:18Z</time>
        <extensions>
          <gpxtpx:TrackPointExtension>
            <gpxtpx:hr>181</gpxtpx:hr>
          </gpxtpx:TrackPointExtension>
        </extensions>
      </trkpt>
      <trkpt lat="30.47720630568719" lon="104.0156020760097">
        <ele>482.0517772799358</ele>
        <time>1970-01-01T00:19:19Z</time>
        <extensions>
          <gpxtpx:TrackPointExtension>
            <gpxtpx:hr>181</gpxtpx:hr>
          </gpxtpx:TrackPointExtension>
        </extensions>
      </trkpt>
      <trkpt lat="30.477186858939803" lon="104.01562859163961">
        <ele>482.0226637329906</ele>
        <time>1970-01-01T00:19:20Z</time>
        <extensions>
          <gpxtpx:TrackPointExtension>
            <gpxtpx:hr>181</gpxtpx:hr>
          </gpxtpx:TrackPointExtension>
        </extensions>
      </trkpt>
      <trkpt lat="30.477169372695474" lon="104.01565722053095">
        <ele>482.0000020992011</ele>
        <time>1970-01-01T00:19:21Z</time>
        <extensions>
          <gpxtpx:TrackPointExtension>
            <gpxtpx:hr>181</gpxtpx:hr>
          </gpxtpx:TrackPointExtension>
        </extensions>
      </trkpt>
      <trkpt lat="30.477152245896146" lon="104.01568749438978">
        <ele>481.9855715641752</ele>
        <time>1970-01-01T00:19:22Z</time>
        <extensions>
          <gpxtpx:TrackPointExtension>
            <gpxtpx:hr>180</gpxtpx:hr>
          </gpxtpx:TrackPointExtension>
        </extensions>
      </trkpt>
      <trkpt lat="30.47713377585792" lon="104.01571785150084">
        <ele>481.9805648038164</ele>
        <time>1970-01-01T00:19:23Z</time>
        <extensions>
          <gpxtpx:TrackPointExtension>
            <gpxtpx:hr>180</gpxtpx:hr>
          </gpxtpx:TrackPointExtension>
        </extensions>
      </trkpt>
      <trkpt lat="30.477113509339446" lon="104.01574767485326">
        <ele>481.985354677774</ele>
        <time>1970-01-01T00:19:24Z</time>
        <extensions>
          <gpxtpx:TrackPointExtension>
            <gpxtpx:hr>180</gpxtpx:hr>
          </gpxtpx:TrackPointExtension>
        </extensions>
      </trkpt>
      <trkpt lat="30.477092172257017" lon="104.015776638792">
        <ele>481.99903892632574</ele>
        <time>1970-01-01T00:19:25Z</time>
        <extensions>
          <gpxtpx:TrackPointExtension>
            <gpxtpx:hr>180</gpxtpx:hr>
          </gpxtpx:TrackPointExtension>
        </extensions>
      </trkpt>
      <trkpt lat="30.47706997259587" lon="104.01580534610048">
        <ele>482.0200609313324</ele>
        <time>1970-01-01T00:19:26Z</time>
        <extensions>
          <gpxtpx:TrackPointExtension>
            <gpxtpx:hr>180</gpxtpx:hr>
          </gpxtpx:TrackPointExtension>
        </extensions>
      </trkpt>
      <trkpt lat="30.4770471691737" lon="104.01583300232252">
        <ele>482.04644655715674</ele>
        <time>1970-01-01T00:19:27Z</time>
        <extensions>
          <gpxtpx:TrackPointExtension>
            <gpxtpx:hr>180</gpxtpx:hr>
          </gpxtpx:TrackPointExtension>
        </extensions>
      </trkpt>
      <trkpt lat="30.477024210898637" lon="104.01585907051087">
        <ele>482.0759816970676</ele>
        <time>1970-01-01T00:19:28Z</time>
        <extensions>
          <gpxtpx:TrackPointExtension>
            <gpxtpx:hr>179</gpxtpx:hr>
          </gpxtpx:TrackPointExtension>
        </extensions>
      </trkpt>
      <trkpt lat="30.477001366548418" lon="104.01588326366765">
        <ele>482.1065967641771</ele>
        <time>1970-01-01T00:19:29Z</time>
        <extensions>
          <gpxtpx:TrackPointExtension>
            <gpxtpx:hr>179</gpxtpx:hr>
          </gpxtpx:TrackPointExtension>
        </extensions>
      </trkpt>
      <trkpt lat="30.47697846928356" lon="104.01590585494999">
        <ele>482.1365775670856</ele>
        <time>1970-01-01T00:19:30Z</time>
        <extensions>
          <gpxtpx:TrackPointExtension>
            <gpxtpx:hr>179</gpxtpx:hr>
          </gpxtpx:TrackPointExtension>
        </extensions>
      </trkpt>
      <trkpt lat="30.476955219774055" lon="104.01592813044041">
        <ele>482.16448262985796</ele>
        <time>1970-01-01T00:19:31Z</time>
        <extensions>
          <gpxtpx:TrackPointExtension>
            <gpxtpx:hr>179</gpxtpx:hr>
          </gpxtpx:TrackPointExtension>
        </extensions>
      </trkpt>
      <trkpt lat="30.476931470759858" lon="104.0159506229508">
        <ele>482.1890474371612</ele>
        <time>1970-01-01T00:19:32Z</time>
        <extensions>
          <gpxtpx:TrackPointExtension>
            <gpxtpx:hr>179</gpxtpx:hr>
          </gpxtpx:TrackPointExtension>
        </extensions>
      </trkpt>
      <trkpt lat="30.476906649996252" lon="104.01597405892298">
        <ele>482.20911005232483</ele>
        <time>1970-01-01T00:19:33Z</time>
        <extensions>
          <gpxtpx:TrackPointExtension>
            <gpxtpx:hr>179</gpxtpx:hr>
          </gpxtpx:TrackPointExtension>
        </extensions>
      </trkpt>
      <trkpt lat="30.47688098281649" lon="104.01599778144927">
        <ele>482.2238606242463</ele>
        <time>1970-01-01T00:19:34Z</time>
        <extensions>
          <gpxtpx:TrackPointExtension>
            <gpxtpx:hr>179</gpxtpx:hr>
          </gpxtpx:TrackPointExtension>
        </extensions>
      </trkpt>
      <trkpt lat="30.476855507591313" lon="104.01602098181286">
        <ele>482.2328360909596</ele>
        <time>1970-01-01T00:19:35Z</time>
        <extensions>
          <gpxtpx:TrackPointExtension>
            <gpxtpx:hr>179</gpxtpx:hr>
          </gpxtpx:TrackPointExtension>
        </extensions>
      </trkpt>
      <trkpt lat="30.476830692722714" lon="104.01604360634869">
        <ele>482.23595394473523</ele>
        <time>1970-01-01T00:19:36Z</time>
        <extensions>
          <gpxtpx:TrackPointExtension>
            <gpxtpx:hr>179</gpxtpx:hr>
          </gpxtpx:TrackPointExtension>
        </extensions>
      </trkpt>
      <trkpt lat="30.476806045916092" lon="104.01606572389962">
        <ele>482.2334823841229</ele>
        <time>1970-01-01T00:19:37Z</time>
        <extensions>
          <gpxtpx:TrackPointExtension>
            <gpxtpx:hr>179</gpxtpx:hr>
          </gpxtpx:TrackPointExtension>
        </extensions>
      </trkpt>
      <trkpt lat="30.47678125131282" lon="104.01608745730374">
        <ele>482.22614079434425</ele>
        <time>1970-01-01T00:19:38Z</time>
        <extensions>
          <gpxtpx:TrackPointExtension>
            <gpxtpx:hr>181</gpxtpx:hr>
          </gpxtpx:TrackPointExtension>
        </extensions>
      </trkpt>
      <trkpt lat="30.47675680860002" lon="104.01610841474184">
        <ele>482.21473817992955</ele>
        <time>1970-01-01T00:19:39Z</time>
        <extensions>
          <gpxtpx:TrackPointExtension>
            <gpxtpx:hr>181</gpxtpx:hr>
          </gpxtpx:TrackPointExtension>
        </extensions>
      </trkpt>
      <trkpt lat="30.476732572027952" lon="104.0161282814343">
        <ele>482.19992413930595</ele>
        <time>1970-01-01T00:19:40Z</time>
        <extensions>
          <gpxtpx:TrackPointExtension>
            <gpxtpx:hr>181</gpxtpx:hr>
          </gpxtpx:TrackPointExtension>
        </extensions>
      </trkpt>
      <trkpt lat="30.476707174250112" lon="104.01614678762225">
        <ele>482.18218572996557</ele>
        <time>1970-01-01T00:19:41Z</time>
        <extensions>
          <gpxtpx:TrackPointExtension>
            <gpxtpx:hr>181</gpxtpx:hr>
          </gpxtpx:TrackPointExtension>
        </extensions>
      </trkpt>
      <trkpt lat="30.476679767900208" lon="104.01616349677204">
        <ele>482.161921441555</ele>
        <time>1970-01-01T00:19:42Z</time>
        <extensions>
          <gpxtpx:TrackPointExtension>
            <gpxtpx:hr>181</gpxtpx:hr>
          </gpxtpx:TrackPointExtension>
        </extensions>
      </trkpt>
      <trkpt lat="30.476651348086325" lon="104.01617790861437">
        <ele>482.13972536008805</ele>
        <time>1970-01-01T00:19:43Z</time>
        <extensions>
          <gpxtpx:TrackPointExtension>
            <gpxtpx:hr>182</gpxtpx:hr>
          </gpxtpx:TrackPointExtension>
        </extensions>
      </trkpt>
      <trkpt lat="30.476623072462818" lon="104.01619200929602">
        <ele>482.11619597580284</ele>
        <time>1970-01-01T00:19:44Z</time>
        <extensions>
          <gpxtpx:TrackPointExtension>
            <gpxtpx:hr>182</gpxtpx:hr>
          </gpxtpx:TrackPointExtension>
        </extensions>
      </trkpt>
      <trkpt lat="30.476595305059742" lon="104.0162072264931">
        <ele>482.0920564690605</ele>
        <time>1970-01-01T00:19:45Z</time>
        <extensions>
          <gpxtpx:TrackPointExtension>
            <gpxtpx:hr>182</gpxtpx:hr>
          </gpxtpx:TrackPointExtension>
        </extensions>
      </trkpt>
      <trkpt lat="30.476567463062793" lon="104.01622352189813">
        <ele>482.0681692631915</ele>
        <time>1970-01-01T00:19:46Z</time>
        <extensions>
          <gpxtpx:TrackPointExtension>
            <gpxtpx:hr>182</gpxtpx:hr>
          </gpxtpx:TrackPointExtension>
        </extensions>
      </trkpt>
      <trkpt lat="30.476538696706573" lon="104.0162406256336">
        <ele>482.0451010679826</ele>
        <time>1970-01-01T00:19:47Z</time>
        <extensions>
          <gpxtpx:TrackPointExtension>
            <gpxtpx:hr>182</gpxtpx:hr>
          </gpxtpx:TrackPointExtension>
        </extensions>
      </trkpt>
      <trkpt lat="30.476509929121434" lon="104.01625779456391">
        <ele>482.02355775237083</ele>
        <time>1970-01-01T00:19:48Z</time>
        <extensions>
          <gpxtpx:TrackPointExtension>
            <gpxtpx:hr>183</gpxtpx:hr>
          </gpxtpx:TrackPointExtension>
        </extensions>
      </trkpt>
      <trkpt lat="30.47648230347386" lon="104.01627574457147">
        <ele>482.00423952098936</ele>
        <time>1970-01-01T00:19:49Z</time>
        <extensions>
          <gpxtpx:TrackPointExtension>
            <gpxtpx:hr>183</gpxtpx:hr>
          </gpxtpx:TrackPointExtension>
        </extensions>
      </trkpt>
      <trkpt lat="30.476456212414078" lon="104.01629513196528">
        <ele>481.98798298928887</ele>
        <time>1970-01-01T00:19:50Z</time>
        <extensions>
          <gpxtpx:TrackPointExtension>
            <gpxtpx:hr>183</gpxtpx:hr>
          </gpxtpx:TrackPointExtension>
        </extensions>
      </trkpt>
      <trkpt lat="30.47643171608033" lon="104.01631666303514">
        <ele>481.9758610762656</ele>
        <time>1970-01-01T00:19:51Z</time>
        <extensions>
          <gpxtpx:TrackPointExtension>
            <gpxtpx:hr>183</gpxtpx:hr>
          </gpxtpx:TrackPointExtension>
        </extensions>
      </trkpt>
      <trkpt lat="30.47640798617381" lon="104.01633976376682">
        <ele>481.96905853413045</ele>
        <time>1970-01-01T00:19:52Z</time>
        <extensions>
          <gpxtpx:TrackPointExtension>
            <gpxtpx:hr>183</gpxtpx:hr>
          </gpxtpx:TrackPointExtension>
        </extensions>
      </trkpt>
      <trkpt lat="30.476384192220525" lon="104.01636301668559">
        <ele>481.96856902353466</ele>
        <time>1970-01-01T00:19:53Z</time>
        <extensions>
          <gpxtpx:TrackPointExtension>
            <gpxtpx:hr>183</gpxtpx:hr>
          </gpxtpx:TrackPointExtension>
        </extensions>
      </trkpt>
      <trkpt lat="30.47635990827126" lon="104.01638562791406">
        <ele>481.9751455653459</ele>
        <time>1970-01-01T00:19:54Z</time>
        <extensions>
          <gpxtpx:TrackPointExtension>
            <gpxtpx:hr>183</gpxtpx:hr>
          </gpxtpx:TrackPointExtension>
        </extensions>
      </trkpt>
      <trkpt lat="30.476335639395263" lon="104.0164068737254">
        <ele>481.98921379167587</ele>
        <time>1970-01-01T00:19:55Z</time>
        <extensions>
          <gpxtpx:TrackPointExtension>
            <gpxtpx:hr>183</gpxtpx:hr>
          </gpxtpx:TrackPointExtension>
        </extensions>
      </trkpt>
      <trkpt lat="30.476312710165825" lon="104.01642748517958">
        <ele>482.01079880446196</ele>
        <time>1970-01-01T00:19:56Z</time>
        <extensions>
          <gpxtpx:TrackPointExtension>
            <gpxtpx:hr>183</gpxtpx:hr>
          </gpxtpx:TrackPointExtension>
        </extensions>
      </trkpt>
      <trkpt lat="30.476291847955025" lon="104.01644938204139">
        <ele>482.0394719801843</ele>
        <time>1970-01-01T00:19:57Z</time>
        <extensions>
          <gpxtpx:TrackPointExtension>
            <gpxtpx:hr>183</gpxtpx:hr>
          </gpxtpx:TrackPointExtension>
        </extensions>
      </trkpt>
      <trkpt lat="30.476272948430953" lon="104.0164737888514">
        <ele>482.07432416360825</ele>
        <time>1970-01-01T00:19:58Z</time>
        <extensions>
          <gpxtpx:TrackPointExtension>
            <gpxtpx:hr>183</gpxtpx:hr>
          </gpxtpx:TrackPointExtension>
        </extensions>
      </trkpt>
      <trkpt lat="30.476254875011392" lon="104.01650003607111">
        <ele>482.11410567816347</ele>
        <time>1970-01-01T00:19:59Z</time>
        <extensions>
          <gpxtpx:TrackPointExtension>
            <gpxtpx:hr>183</gpxtpx:hr>
          </gpxtpx:TrackPointExtension>
        </extensions>
      </trkpt>
      <trkpt lat="30.47623735707132" lon="104.01652693435017">
        <ele>482.1574233099818</ele>
        <time>1970-01-01T00:20:00Z</time>
        <extensions>
          <gpxtpx:TrackPointExtension>
            <gpxtpx:hr>183</gpxtpx:hr>
          </gpxtpx:TrackPointExtension>
        </extensions>
      </trkpt>
      <trkpt lat="30.476219960008894" lon="104.01655395874836">
        <ele>482.2029285468161</ele>
        <time>1970-01-01T00:20:01Z</time>
        <extensions>
          <gpxtpx:TrackPointExtension>
            <gpxtpx:hr>183</gpxtpx:hr>
          </gpxtpx:TrackPointExtension>
        </extensions>
      </trkpt>
      <trkpt lat="30.476201403229062" lon="104.01658070650517">
        <ele>482.24956699460745</ele>
        <time>1970-01-01T00:20:02Z</time>
        <extensions>
          <gpxtpx:TrackPointExtension>
            <gpxtpx:hr>183</gpxtpx:hr>
          </gpxtpx:TrackPointExtension>
        </extensions>
      </trkpt>
      <trkpt lat="30.476181378765077" lon="104.01660708397597">
        <ele>482.29652731865644</ele>
        <time>1970-01-01T00:20:03Z</time>
        <extensions>
          <gpxtpx:TrackPointExtension>
            <gpxtpx:hr>183</gpxtpx:hr>
          </gpxtpx:TrackPointExtension>
        </extensions>
      </trkpt>
      <trkpt lat="30.476160210527176" lon="104.01663392123454">
        <ele>482.3431009501219</ele>
        <time>1970-01-01T00:20:04Z</time>
        <extensions>
          <gpxtpx:TrackPointExtension>
            <gpxtpx:hr>183</gpxtpx:hr>
          </gpxtpx:TrackPointExtension>
        </extensions>
      </trkpt>
      <trkpt lat="30.4761388426373" lon="104.01666144434925">
        <ele>482.3890525819734</ele>
        <time>1970-01-01T00:20:05Z</time>
        <extensions>
          <gpxtpx:TrackPointExtension>
            <gpxtpx:hr>183</gpxtpx:hr>
          </gpxtpx:TrackPointExtension>
        </extensions>
      </trkpt>
      <trkpt lat="30.476117709735185" lon="104.01668942678977">
        <ele>482.43361161183566</ele>
        <time>1970-01-01T00:20:06Z</time>
        <extensions>
          <gpxtpx:TrackPointExtension>
            <gpxtpx:hr>183</gpxtpx:hr>
          </gpxtpx:TrackPointExtension>
        </extensions>
      </trkpt>
      <trkpt lat="30.476096713948213" lon="104.01671734913431">
        <ele>482.4759229691699</ele>
        <time>1970-01-01T00:20:07Z</time>
        <extensions>
          <gpxtpx:TrackPointExtension>
            <gpxtpx:hr>183</gpxtpx:hr>
          </gpxtpx:TrackPointExtension>
        </extensions>
      </trkpt>
      <trkpt lat="30.47607544326232" lon="104.01674432323756">
        <ele>482.5149958189577</ele>
        <time>1970-01-01T00:20:08Z</time>
        <extensions>
          <gpxtpx:TrackPointExtension>
            <gpxtpx:hr>183</gpxtpx:hr>
          </gpxtpx:TrackPointExtension>
        </extensions>
      </trkpt>
      <trkpt lat="30.476054278767524" lon="104.01677093963298">
        <ele>482.54955273866653</ele>
        <time>1970-01-01T00:20:09Z</time>
        <extensions>
          <gpxtpx:TrackPointExtension>
            <gpxtpx:hr>183</gpxtpx:hr>
          </gpxtpx:TrackPointExtension>
        </extensions>
      </trkpt>
      <trkpt lat="30.476033415716998" lon="104.01679837840311">
        <ele>482.5779666751623</ele>
        <time>1970-01-01T00:20:10Z</time>
        <extensions>
          <gpxtpx:TrackPointExtension>
            <gpxtpx:hr>183</gpxtpx:hr>
          </gpxtpx:TrackPointExtension>
        </extensions>
      </trkpt>
      <trkpt lat="30.476012632182215" lon="104.01682674467334">
        <ele>482.5986907053739</ele>
        <time>1970-01-01T00:20:11Z</time>
        <extensions>
          <gpxtpx:TrackPointExtension>
            <gpxtpx:hr>183</gpxtpx:hr>
          </gpxtpx:TrackPointExtension>
        </extensions>
      </trkpt>
      <trkpt lat="30.475992944181673" lon="104.0168547579417">
        <ele>482.61029515974224</ele>
        <time>1970-01-01T00:20:12Z</time>
        <extensions>
          <gpxtpx:TrackPointExtension>
            <gpxtpx:hr>183</gpxtpx:hr>
          </gpxtpx:TrackPointExtension>
        </extensions>
      </trkpt>
      <trkpt lat="30.4759746253467" lon="104.01688176000302">
        <ele>482.61163710430264</ele>
        <time>1970-01-01T00:20:13Z</time>
        <extensions>
          <gpxtpx:TrackPointExtension>
            <gpxtpx:hr>183</gpxtpx:hr>
          </gpxtpx:TrackPointExtension>
        </extensions>
      </trkpt>
      <trkpt lat="30.47595777094185" lon="104.01690939719118">
        <ele>482.60248771030456</ele>
        <time>1970-01-01T00:20:14Z</time>
        <extensions>
          <gpxtpx:TrackPointExtension>
            <gpxtpx:hr>183</gpxtpx:hr>
          </gpxtpx:TrackPointExtension>
        </extensions>
      </trkpt>
      <trkpt lat="30.475942138122434" lon="104.01693912367833">
        <ele>482.5834775948897</ele>
        <time>1970-01-01T00:20:15Z</time>
        <extensions>
          <gpxtpx:TrackPointExtension>
            <gpxtpx:hr>183</gpxtpx:hr>
          </gpxtpx:TrackPointExtension>
        </extensions>
      </trkpt>
      <trkpt lat="30.475927053675292" lon="104.01697059965647">
        <ele>482.55623476579785</ele>
        <time>1970-01-01T00:20:16Z</time>
        <extensions>
          <gpxtpx:TrackPointExtension>
            <gpxtpx:hr>183</gpxtpx:hr>
          </gpxtpx:TrackPointExtension>
        </extensions>
      </trkpt>
      <trkpt lat="30.47591188190653" lon="104.01700405220353">
        <ele>482.5231568226591</ele>
        <time>1970-01-01T00:20:17Z</time>
        <extensions>
          <gpxtpx:TrackPointExtension>
            <gpxtpx:hr>182</gpxtpx:hr>
          </gpxtpx:TrackPointExtension>
        </extensions>
      </trkpt>
      <trkpt lat="30.475896770935417" lon="104.01703871553921">
        <ele>482.48704249970615</ele>
        <time>1970-01-01T00:20:18Z</time>
        <extensions>
          <gpxtpx:TrackPointExtension>
            <gpxtpx:hr>182</gpxtpx:hr>
          </gpxtpx:TrackPointExtension>
        </extensions>
      </trkpt>
      <trkpt lat="30.475882287570037" lon="104.01707243931764">
        <ele>482.45068339817226</ele>
        <time>1970-01-01T00:20:19Z</time>
        <extensions>
          <gpxtpx:TrackPointExtension>
            <gpxtpx:hr>182</gpxtpx:hr>
          </gpxtpx:TrackPointExtension>
        </extensions>
      </trkpt>
      <trkpt lat="30.475867620805957" lon="104.01710523030722">
        <ele>482.41648338362575</ele>
        <time>1970-01-01T00:20:20Z</time>
        <extensions>
          <gpxtpx:TrackPointExtension>
            <gpxtpx:hr>182</gpxtpx:hr>
          </gpxtpx:TrackPointExtension>
        </extensions>
      </trkpt>
      <trkpt lat="30.475851968786184" lon="104.01713762644142">
        <ele>482.3862333027646</ele>
        <time>1970-01-01T00:20:21Z</time>
        <extensions>
          <gpxtpx:TrackPointExtension>
            <gpxtpx:hr>182</gpxtpx:hr>
          </gpxtpx:TrackPointExtension>
        </extensions>
      </trkpt>
      <trkpt lat="30.47583465842166" lon="104.01717029946158">
        <ele>482.36105970386416</ele>
        <time>1970-01-01T00:20:22Z</time>
        <extensions>
          <gpxtpx:TrackPointExtension>
            <gpxtpx:hr>182</gpxtpx:hr>
          </gpxtpx:TrackPointExtension>
        </extensions>
      </trkpt>
      <trkpt lat="30.475816486468528" lon="104.01720299853024">
        <ele>482.34135697502643</ele>
        <time>1970-01-01T00:20:23Z</time>
        <extensions>
          <gpxtpx:TrackPointExtension>
            <gpxtpx:hr>182</gpxtpx:hr>
          </gpxtpx:TrackPointExtension>
        </extensions>
      </trkpt>
      <trkpt lat="30.47579836669084" lon="104.01723449659833">
        <ele>482.32687039207667</ele>
        <time>1970-01-01T00:20:24Z</time>
        <extensions>
          <gpxtpx:TrackPointExtension>
            <gpxtpx:hr>182</gpxtpx:hr>
          </gpxtpx:TrackPointExtension>
        </extensions>
      </trkpt>
      <trkpt lat="30.47578067810946" lon="104.01726448951332">
        <ele>482.3169880323112</ele>
        <time>1970-01-01T00:20:25Z</time>
        <extensions>
          <gpxtpx:TrackPointExtension>
            <gpxtpx:hr>182</gpxtpx:hr>
          </gpxtpx:TrackPointExtension>
        </extensions>
      </trkpt>
      <trkpt lat="30.475764290459278" lon="104.01729285278442">
        <ele>482.31099775992334</ele>
        <time>1970-01-01T00:20:26Z</time>
        <extensions>
          <gpxtpx:TrackPointExtension>
            <gpxtpx:hr>182</gpxtpx:hr>
          </gpxtpx:TrackPointExtension>
        </extensions>
      </trkpt>
      <trkpt lat="30.475748634099336" lon="104.01732094355532">
        <ele>482.30821493361145</ele>
        <time>1970-01-01T00:20:27Z</time>
        <extensions>
          <gpxtpx:TrackPointExtension>
            <gpxtpx:hr>182</gpxtpx:hr>
          </gpxtpx:TrackPointExtension>
        </extensions>
      </trkpt>
      <trkpt lat="30.475732125303317" lon="104.01734960802168">
        <ele>482.30825474020094</ele>
        <time>1970-01-01T00:20:28Z</time>
        <extensions>
          <gpxtpx:TrackPointExtension>
            <gpxtpx:hr>182</gpxtpx:hr>
          </gpxtpx:TrackPointExtension>
        </extensions>
      </trkpt>
      <trkpt lat="30.475713134609983" lon="104.01737741650065">
        <ele>482.3106015631929</ele>
        <time>1970-01-01T00:20:29Z</time>
        <extensions>
          <gpxtpx:TrackPointExtension>
            <gpxtpx:hr>182</gpxtpx:hr>
          </gpxtpx:TrackPointExtension>
        </extensions>
      </trkpt>
      <trkpt lat="30.475691647357763" lon="104.01740303571148">
        <ele>482.3146542906761</ele>
        <time>1970-01-01T00:20:30Z</time>
        <extensions>
          <gpxtpx:TrackPointExtension>
            <gpxtpx:hr>182</gpxtpx:hr>
          </gpxtpx:TrackPointExtension>
        </extensions>
      </trkpt>
      <trkpt lat="30.47566814840988" lon="104.01742584757105">
        <ele>482.31965515296906</ele>
        <time>1970-01-01T00:20:31Z</time>
        <extensions>
          <gpxtpx:TrackPointExtension>
            <gpxtpx:hr>182</gpxtpx:hr>
          </gpxtpx:TrackPointExtension>
        </extensions>
      </trkpt>
      <trkpt lat="30.475643875145767" lon="104.01744696042273">
        <ele>482.32493929192424</ele>
        <time>1970-01-01T00:20:32Z</time>
        <extensions>
          <gpxtpx:TrackPointExtension>
            <gpxtpx:hr>182</gpxtpx:hr>
          </gpxtpx:TrackPointExtension>
        </extensions>
      </trkpt>
      <trkpt lat="30.47561948903578" lon="104.01746850084204">
        <ele>482.3297072108835</ele>
        <time>1970-01-01T00:20:33Z</time>
        <extensions>
          <gpxtpx:TrackPointExtension>
            <gpxtpx:hr>183</gpxtpx:hr>
          </gpxtpx:TrackPointExtension>
        </extensions>
      </trkpt>
      <trkpt lat="30.47559471697559" lon="104.0174910762248">
        <ele>482.3332359548658</ele>
        <time>1970-01-01T00:20:34Z</time>
        <extensions>
          <gpxtpx:TrackPointExtension>
            <gpxtpx:hr>183</gpxtpx:hr>
          </gpxtpx:TrackPointExtension>
        </extensions>
      </trkpt>
      <trkpt lat="30.475570100175077" lon="104.01751451480143">
        <ele>482.3349457969889</ele>
        <time>1970-01-01T00:20:35Z</time>
        <extensions>
          <gpxtpx:TrackPointExtension>
            <gpxtpx:hr>183</gpxtpx:hr>
          </gpxtpx:TrackPointExtension>
        </extensions>
      </trkpt>
      <trkpt lat="30.475545465432912" lon="104.01753771509934">
        <ele>482.3344226013869</ele>
        <time>1970-01-01T00:20:36Z</time>
        <extensions>
          <gpxtpx:TrackPointExtension>
            <gpxtpx:hr>183</gpxtpx:hr>
          </gpxtpx:TrackPointExtension>
        </extensions>
      </trkpt>
      <trkpt lat="30.475521024956727" lon="104.01756063047632">
        <ele>482.33166285417974</ele>
        <time>1970-01-01T00:20:37Z</time>
        <extensions>
          <gpxtpx:TrackPointExtension>
            <gpxtpx:hr>183</gpxtpx:hr>
          </gpxtpx:TrackPointExtension>
        </extensions>
      </trkpt>
      <trkpt lat="30.475496773461288" lon="104.01758359862289">
        <ele>482.327134761028</ele>
        <time>1970-01-01T00:20:38Z</time>
        <extensions>
          <gpxtpx:TrackPointExtension>
            <gpxtpx:hr>183</gpxtpx:hr>
          </gpxtpx:TrackPointExtension>
        </extensions>
      </trkpt>
      <trkpt lat="30.47547271260488" lon="104.01760621838062">
        <ele>482.32183811161667</ele>
        <time>1970-01-01T00:20:39Z</time>
        <extensions>
          <gpxtpx:TrackPointExtension>
            <gpxtpx:hr>183</gpxtpx:hr>
          </gpxtpx:TrackPointExtension>
        </extensions>
      </trkpt>
      <trkpt lat="30.475449009699624" lon="104.01762839644492">
        <ele>482.31708273664117</ele>
        <time>1970-01-01T00:20:40Z</time>
        <extensions>
          <gpxtpx:TrackPointExtension>
            <gpxtpx:hr>183</gpxtpx:hr>
          </gpxtpx:TrackPointExtension>
        </extensions>
      </trkpt>
      <trkpt lat="30.475424943464702" lon="104.01765025534309">
        <ele>482.31425957381725</ele>
        <time>1970-01-01T00:20:41Z</time>
        <extensions>
          <gpxtpx:TrackPointExtension>
            <gpxtpx:hr>183</gpxtpx:hr>
          </gpxtpx:TrackPointExtension>
        </extensions>
      </trkpt>
      <trkpt lat="30.475400281911064" lon="104.01767290573052">
        <ele>482.3140593562275</ele>
        <time>1970-01-01T00:20:42Z</time>
        <extensions>
          <gpxtpx:TrackPointExtension>
            <gpxtpx:hr>183</gpxtpx:hr>
          </gpxtpx:TrackPointExtension>
        </extensions>
      </trkpt>
      <trkpt lat="30.47537543690123" lon="104.01769622561602">
        <ele>482.3167471596971</ele>
        <time>1970-01-01T00:20:43Z</time>
        <extensions>
          <gpxtpx:TrackPointExtension>
            <gpxtpx:hr>183</gpxtpx:hr>
          </gpxtpx:TrackPointExtension>
        </extensions>
      </trkpt>
      <trkpt lat="30.475351875810862" lon="104.01771960426778">
        <ele>482.3221781030297</ele>
        <time>1970-01-01T00:20:44Z</time>
        <extensions>
          <gpxtpx:TrackPointExtension>
            <gpxtpx:hr>183</gpxtpx:hr>
          </gpxtpx:TrackPointExtension>
        </extensions>
      </trkpt>
      <trkpt lat="30.475330338948552" lon="104.0177430186386">
        <ele>482.3297854429111</ele>
        <time>1970-01-01T00:20:45Z</time>
        <extensions>
          <gpxtpx:TrackPointExtension>
            <gpxtpx:hr>183</gpxtpx:hr>
          </gpxtpx:TrackPointExtension>
        </extensions>
      </trkpt>
      <trkpt lat="30.47531138138849" lon="104.01776801022413">
        <ele>482.33858214505017</ele>
        <time>1970-01-01T00:20:46Z</time>
        <extensions>
          <gpxtpx:TrackPointExtension>
            <gpxtpx:hr>183</gpxtpx:hr>
          </gpxtpx:TrackPointExtension>
        </extensions>
      </trkpt>
      <trkpt lat="30.475296002056254" lon="104.01779672863371">
        <ele>482.347565619275</ele>
        <time>1970-01-01T00:20:47Z</time>
        <extensions>
          <gpxtpx:TrackPointExtension>
            <gpxtpx:hr>183</gpxtpx:hr>
          </gpxtpx:TrackPointExtension>
        </extensions>
      </trkpt>
      <trkpt lat="30.47528403627634" lon="104.01782925754775">
        <ele>482.3556626820937</ele>
        <time>1970-01-01T00:20:48Z</time>
        <extensions>
          <gpxtpx:TrackPointExtension>
            <gpxtpx:hr>183</gpxtpx:hr>
          </gpxtpx:TrackPointExtension>
        </extensions>
      </trkpt>
      <trkpt lat="30.475275027498565" lon="104.01786409940102">
        <ele>482.361817356199</ele>
        <time>1970-01-01T00:20:49Z</time>
        <extensions>
          <gpxtpx:TrackPointExtension>
            <gpxtpx:hr>185</gpxtpx:hr>
          </gpxtpx:TrackPointExtension>
        </extensions>
      </trkpt>
      <trkpt lat="30.475267043812472" lon="104.01789909648929">
        <ele>482.36531511414796</ele>
        <time>1970-01-01T00:20:50Z</time>
        <extensions>
          <gpxtpx:TrackPointExtension>
            <gpxtpx:hr>185</gpxtpx:hr>
          </gpxtpx:TrackPointExtension>
        </extensions>
      </trkpt>
      <trkpt lat="30.47525871579985" lon="104.01793308307812">
        <ele>482.36592017300427</ele>
        <time>1970-01-01T00:20:51Z</time>
        <extensions>
          <gpxtpx:TrackPointExtension>
            <gpxtpx:hr>185</gpxtpx:hr>
          </gpxtpx:TrackPointExtension>
        </extensions>
      </trkpt>
      <trkpt lat="30.4752493269605" lon="104.0179665345072">
        <ele>482.3640142790973</ele>
        <time>1970-01-01T00:20:52Z</time>
        <extensions>
          <gpxtpx:TrackPointExtension>
            <gpxtpx:hr>185</gpxtpx:hr>
          </gpxtpx:TrackPointExtension>
        </extensions>
      </trkpt>
      <trkpt lat="30.475238720670376" lon="104.0180004357945">
        <ele>482.36051333975047</ele>
        <time>1970-01-01T00:20:53Z</time>
        <extensions>
          <gpxtpx:TrackPointExtension>
            <gpxtpx:hr>183</gpxtpx:hr>
          </gpxtpx:TrackPointExtension>
        </extensions>
      </trkpt>
      <trkpt lat="30.47522784648916" lon="104.01803507050494">
        <ele>482.3566813413054</ele>
        <time>1970-01-01T00:20:54Z</time>
        <extensions>
          <gpxtpx:TrackPointExtension>
            <gpxtpx:hr>183</gpxtpx:hr>
          </gpxtpx:TrackPointExtension>
        </extensions>
      </trkpt>
      <trkpt lat="30.475217743134696" lon="104.01807008689008">
        <ele>482.35382561106235</ele>
        <time>1970-01-01T00:20:55Z</time>
        <extensions>
          <gpxtpx:TrackPointExtension>
            <gpxtpx:hr>183</gpxtpx:hr>
          </gpxtpx:TrackPointExtension>
        </extensions>
      </trkpt>
      <trkpt lat="30.475209063421374" lon="104.01810503312413">
        <ele>482.3531395820901</ele>
        <time>1970-01-01T00:20:56Z</time>
        <extensions>
          <gpxtpx:TrackPointExtension>
            <gpxtpx:hr>183</gpxtpx:hr>
          </gpxtpx:TrackPointExtension>
        </extensions>
      </trkpt>
      <trkpt lat="30.47520172840197" lon="104.01813942353878">
        <ele>482.3552646264434</ele>
        <time>1970-01-01T00:20:57Z</time>
        <extensions>
          <gpxtpx:TrackPointExtension>
            <gpxtpx:hr>183</gpxtpx:hr>
          </gpxtpx:TrackPointExtension>
        </extensions>
      </trkpt>
      <trkpt lat="30.475196660851715" lon="104.01817215076153">
        <ele>482.360171710141</ele>
        <time>1970-01-01T00:20:58Z</time>
        <extensions>
          <gpxtpx:TrackPointExtension>
            <gpxtpx:hr>184</gpxtpx:hr>
          </gpxtpx:TrackPointExtension>
        </extensions>
      </trkpt>
      <trkpt lat="30.475194874945288" lon="104.01820358580682">
        <ele>482.3672455009073</ele>
        <time>1970-01-01T00:20:59Z</time>
        <extensions>
          <gpxtpx:TrackPointExtension>
            <gpxtpx:hr>184</gpxtpx:hr>
          </gpxtpx:TrackPointExtension>
        </extensions>
      </trkpt>
      <trkpt lat="30.475197930491614" lon="104.018234456542">
        <ele>482.37581837084144</ele>
        <time>1970-01-01T00:21:00Z</time>
        <extensions>
          <gpxtpx:TrackPointExtension>
            <gpxtpx:hr>184</gpxtpx:hr>
          </gpxtpx:TrackPointExtension>
        </extensions>
      </trkpt>
      <trkpt lat="30.475206122706574" lon="104.01826557144703">
        <ele>482.3850379344076</ele>
        <time>1970-01-01T00:21:01Z</time>
        <extensions>
          <gpxtpx:TrackPointExtension>
            <gpxtpx:hr>184</gpxtpx:hr>
          </gpxtpx:TrackPointExtension>
        </extensions>
      </trkpt>
      <trkpt lat="30.47521739531589" lon="104.018297961127">
        <ele>482.39402797445655</ele>
        <time>1970-01-01T00:21:02Z</time>
        <extensions>
          <gpxtpx:TrackPointExtension>
            <gpxtpx:hr>184</gpxtpx:hr>
          </gpxtpx:TrackPointExtension>
        </extensions>
      </trkpt>
      <trkpt lat="30.475229745638842" lon="104.01833142779526">
        <ele>482.40203531458974</ele>
        <time>1970-01-01T00:21:03Z</time>
        <extensions>
          <gpxtpx:TrackPointExtension>
            <gpxtpx:hr>184</gpxtpx:hr>
          </gpxtpx:TrackPointExtension>
        </extensions>
      </trkpt>
      <trkpt lat="30.47524188632857" lon="104.01836442433209">
        <ele>482.4085501935333</ele>
        <time>1970-01-01T00:21:04Z</time>
        <extensions>
          <gpxtpx:TrackPointExtension>
            <gpxtpx:hr>184</gpxtpx:hr>
          </gpxtpx:TrackPointExtension>
        </extensions>
      </trkpt>
      <trkpt lat="30.475253518465557" lon="104.01839562781102">
        <ele>482.4132655225694</ele>
        <time>1970-01-01T00:21:05Z</time>
        <extensions>
          <gpxtpx:TrackPointExtension>
            <gpxtpx:hr>184</gpxtpx:hr>
          </gpxtpx:TrackPointExtension>
        </extensions>
      </trkpt>
      <trkpt lat="30.475264673375563" lon="104.01842611325917">
        <ele>482.4162770714611</ele>
        <time>1970-01-01T00:21:06Z</time>
        <extensions>
          <gpxtpx:TrackPointExtension>
            <gpxtpx:hr>184</gpxtpx:hr>
          </gpxtpx:TrackPointExtension>
        </extensions>
      </trkpt>
      <trkpt lat="30.475275825090343" lon="104.01845679955804">
        <ele>482.4181600417942</ele>
        <time>1970-01-01T00:21:07Z</time>
        <extensions>
          <gpxtpx:TrackPointExtension>
            <gpxtpx:hr>184</gpxtpx:hr>
          </gpxtpx:TrackPointExtension>
        </extensions>
      </trkpt>
      <trkpt lat="30.475287062836767" lon="104.0184881276548">
        <ele>482.41958270035684</ele>
        <time>1970-01-01T00:21:08Z</time>
        <extensions>
          <gpxtpx:TrackPointExtension>
            <gpxtpx:hr>184</gpxtpx:hr>
          </gpxtpx:TrackPointExtension>
        </extensions>
      </trkpt>
      <trkpt lat="30.475298548535" lon="104.0185202829423">
        <ele>482.4210798367858</ele>
        <time>1970-01-01T00:21:09Z</time>
        <extensions>
          <gpxtpx:TrackPointExtension>
            <gpxtpx:hr>182</gpxtpx:hr>
          </gpxtpx:TrackPointExtension>
        </extensions>
      </trkpt>
      <trkpt lat="30.47531033662331" lon="104.01855294713143">
        <ele>482.4228509841487</ele>
        <time>1970-01-01T00:21:10Z</time>
        <extensions>
          <gpxtpx:TrackPointExtension>
            <gpxtpx:hr>182</gpxtpx:hr>
          </gpxtpx:TrackPointExtension>
        </extensions>
      </trkpt>
      <trkpt lat="30.475322117794775" lon="104.01858585167244">
        <ele>482.42469575535506</ele>
        <time>1970-01-01T00:21:11Z</time>
        <extensions>
          <gpxtpx:TrackPointExtension>
            <gpxtpx:hr>182</gpxtpx:hr>
          </gpxtpx:TrackPointExtension>
        </extensions>
      </trkpt>
      <trkpt lat="30.475333973106693" lon="104.01861872060859">
        <ele>482.42599156312644</ele>
        <time>1970-01-01T00:21:12Z</time>
        <extensions>
          <gpxtpx:TrackPointExtension>
            <gpxtpx:hr>182</gpxtpx:hr>
          </gpxtpx:TrackPointExtension>
        </extensions>
      </trkpt>
      <trkpt lat="30.47534615220395" lon="104.01865221377524">
        <ele>482.4262987403199</ele>
        <time>1970-01-01T00:21:13Z</time>
        <extensions>
          <gpxtpx:TrackPointExtension>
            <gpxtpx:hr>182</gpxtpx:hr>
          </gpxtpx:TrackPointExtension>
        </extensions>
      </trkpt>
      <trkpt lat="30.47535895325083" lon="104.01868667557332">
        <ele>482.42519772425294</ele>
        <time>1970-01-01T00:21:14Z</time>
        <extensions>
          <gpxtpx:TrackPointExtension>
            <gpxtpx:hr>182</gpxtpx:hr>
          </gpxtpx:TrackPointExtension>
        </extensions>
      </trkpt>
      <trkpt lat="30.4753712417384" lon="104.01872217415182">
        <ele>482.4225447997451</ele>
        <time>1970-01-01T00:21:15Z</time>
        <extensions>
          <gpxtpx:TrackPointExtension>
            <gpxtpx:hr>182</gpxtpx:hr>
          </gpxtpx:TrackPointExtension>
        </extensions>
      </trkpt>
      <trkpt lat="30.475381904665298" lon="104.01875777857727">
        <ele>482.4186159092933</ele>
        <time>1970-01-01T00:21:16Z</time>
        <extensions>
          <gpxtpx:TrackPointExtension>
            <gpxtpx:hr>182</gpxtpx:hr>
          </gpxtpx:TrackPointExtension>
        </extensions>
      </trkpt>
      <trkpt lat="30.475391090716997" lon="104.01879235508099">
        <ele>482.41424020100385</ele>
        <time>1970-01-01T00:21:17Z</time>
        <extensions>
          <gpxtpx:TrackPointExtension>
            <gpxtpx:hr>182</gpxtpx:hr>
          </gpxtpx:TrackPointExtension>
        </extensions>
      </trkpt>
      <trkpt lat="30.47539918728061" lon="104.01882629036542">
        <ele>482.4104397157207</ele>
        <time>1970-01-01T00:21:18Z</time>
        <extensions>
          <gpxtpx:TrackPointExtension>
            <gpxtpx:hr>182</gpxtpx:hr>
          </gpxtpx:TrackPointExtension>
        </extensions>
      </trkpt>
      <trkpt lat="30.475406349287326" lon="104.01885968639982">
        <ele>482.4084441270679</ele>
        <time>1970-01-01T00:21:19Z</time>
        <extensions>
          <gpxtpx:TrackPointExtension>
            <gpxtpx:hr>182</gpxtpx:hr>
          </gpxtpx:TrackPointExtension>
        </extensions>
      </trkpt>
      <trkpt lat="30.475412798191087" lon="104.01889242721217">
        <ele>482.40936780162156</ele>
        <time>1970-01-01T00:21:20Z</time>
        <extensions>
          <gpxtpx:TrackPointExtension>
            <gpxtpx:hr>182</gpxtpx:hr>
          </gpxtpx:TrackPointExtension>
        </extensions>
      </trkpt>
      <trkpt lat="30.475419146651227" lon="104.01892497545136">
        <ele>482.41390234511346</ele>
        <time>1970-01-01T00:21:21Z</time>
        <extensions>
          <gpxtpx:TrackPointExtension>
            <gpxtpx:hr>182</gpxtpx:hr>
          </gpxtpx:TrackPointExtension>
        </extensions>
      </trkpt>
      <trkpt lat="30.475425094720425" lon="104.01895834784511">
        <ele>482.4221787266433</ele>
        <time>1970-01-01T00:21:22Z</time>
        <extensions>
          <gpxtpx:TrackPointExtension>
            <gpxtpx:hr>182</gpxtpx:hr>
          </gpxtpx:TrackPointExtension>
        </extensions>
      </trkpt>
      <trkpt lat="30.475431333285215" lon="104.018992639349">
        <ele>482.4337676987052</ele>
        <time>1970-01-01T00:21:23Z</time>
        <extensions>
          <gpxtpx:TrackPointExtension>
            <gpxtpx:hr>182</gpxtpx:hr>
          </gpxtpx:TrackPointExtension>
        </extensions>
      </trkpt>
      <trkpt lat="30.475438614203924" lon="104.0190268097495">
        <ele>482.4477394018322</ele>
        <time>1970-01-01T00:21:24Z</time>
        <extensions>
          <gpxtpx:TrackPointExtension>
            <gpxtpx:hr>183</gpxtpx:hr>
          </gpxtpx:TrackPointExtension>
        </extensions>
      </trkpt>
      <trkpt lat="30.475446602542508" lon="104.01906064087164">
        <ele>482.4628622280434</ele>
        <time>1970-01-01T00:21:25Z</time>
        <extensions>
          <gpxtpx:TrackPointExtension>
            <gpxtpx:hr>183</gpxtpx:hr>
          </gpxtpx:TrackPointExtension>
        </extensions>
      </trkpt>
      <trkpt lat="30.475455561071715" lon="104.01909409934491">
        <ele>482.47793812491</ele>
        <time>1970-01-01T00:21:26Z</time>
        <extensions>
          <gpxtpx:TrackPointExtension>
            <gpxtpx:hr>183</gpxtpx:hr>
          </gpxtpx:TrackPointExtension>
        </extensions>
      </trkpt>
      <trkpt lat="30.475465362963927" lon="104.01912713666937">
        <ele>482.4920242317021</ele>
        <time>1970-01-01T00:21:27Z</time>
        <extensions>
          <gpxtpx:TrackPointExtension>
            <gpxtpx:hr>183</gpxtpx:hr>
          </gpxtpx:TrackPointExtension>
        </extensions>
      </trkpt>
      <trkpt lat="30.475476411324877" lon="104.01915996577966">
        <ele>482.50452494062483</ele>
        <time>1970-01-01T00:21:28Z</time>
        <extensions>
          <gpxtpx:TrackPointExtension>
            <gpxtpx:hr>182</gpxtpx:hr>
          </gpxtpx:TrackPointExtension>
        </extensions>
      </trkpt>
      <trkpt lat="30.475489559254644" lon="104.0191922487859">
        <ele>482.5152501985431</ele>
        <time>1970-01-01T00:21:29Z</time>
        <extensions>
          <gpxtpx:TrackPointExtension>
            <gpxtpx:hr>182</gpxtpx:hr>
          </gpxtpx:TrackPointExtension>
        </extensions>
      </trkpt>
      <trkpt lat="30.47550604163075" lon="104.01922257773958">
        <ele>482.5244083851576</ele>
        <time>1970-01-01T00:21:30Z</time>
        <extensions>
          <gpxtpx:TrackPointExtension>
            <gpxtpx:hr>182</gpxtpx:hr>
          </gpxtpx:TrackPointExtension>
        </extensions>
      </trkpt>
      <trkpt lat="30.475525786652383" lon="104.01924997425549">
        <ele>482.532438242808</ele>
        <time>1970-01-01T00:21:31Z</time>
        <extensions>
          <gpxtpx:TrackPointExtension>
            <gpxtpx:hr>182</gpxtpx:hr>
          </gpxtpx:TrackPointExtension>
        </extensions>
      </trkpt>
      <trkpt lat="30.475546983574112" lon="104.01927503624579">
        <ele>482.5398832615465</ele>
        <time>1970-01-01T00:21:32Z</time>
        <extensions>
          <gpxtpx:TrackPointExtension>
            <gpxtpx:hr>182</gpxtpx:hr>
          </gpxtpx:TrackPointExtension>
        </extensions>
      </trkpt>
      <trkpt lat="30.4755685671048" lon="104.01929911240794">
        <ele>482.54712986107916</ele>
        <time>1970-01-01T00:21:33Z</time>
        <extensions>
          <gpxtpx:TrackPointExtension>
            <gpxtpx:hr>182</gpxtpx:hr>
          </gpxtpx:TrackPointExtension>
        </extensions>
      </trkpt>
      <trkpt lat="30.475590209026443" lon="104.01932395149001">
        <ele>482.55429183412343</ele>
        <time>1970-01-01T00:21:34Z</time>
        <extensions>
          <gpxtpx:TrackPointExtension>
            <gpxtpx:hr>182</gpxtpx:hr>
          </gpxtpx:TrackPointExtension>
        </extensions>
      </trkpt>
      <trkpt lat="30.47561150257313" lon="104.01934997336733">
        <ele>482.561241238378</ele>
        <time>1970-01-01T00:21:35Z</time>
        <extensions>
          <gpxtpx:TrackPointExtension>
            <gpxtpx:hr>182</gpxtpx:hr>
          </gpxtpx:TrackPointExtension>
        </extensions>
      </trkpt>
      <trkpt lat="30.475631797809406" lon="104.01937623604036">
        <ele>482.5675906725228</ele>
        <time>1970-01-01T00:21:36Z</time>
        <extensions>
          <gpxtpx:TrackPointExtension>
            <gpxtpx:hr>182</gpxtpx:hr>
          </gpxtpx:TrackPointExtension>
        </extensions>
      </trkpt>
      <trkpt lat="30.47565147547008" lon="104.01940173941577">
        <ele>482.57286810781807</ele>
        <time>1970-01-01T00:21:37Z</time>
        <extensions>
          <gpxtpx:TrackPointExtension>
            <gpxtpx:hr>182</gpxtpx:hr>
          </gpxtpx:TrackPointExtension>
        </extensions>
      </trkpt>
      <trkpt lat="30.475671138851485" lon="104.0194264497435">
        <ele>482.57663265801966</ele>
        <time>1970-01-01T00:21:38Z</time>
        <extensions>
          <gpxtpx:TrackPointExtension>
            <gpxtpx:hr>182</gpxtpx:hr>
          </gpxtpx:TrackPointExtension>
        </extensions>
      </trkpt>
      <trkpt lat="30.475691611123086" lon="104.01945079962755">
        <ele>482.5784896519035</ele>
        <time>1970-01-01T00:21:39Z</time>
        <extensions>
          <gpxtpx:TrackPointExtension>
            <gpxtpx:hr>181</gpxtpx:hr>
          </gpxtpx:TrackPointExtension>
        </extensions>
      </trkpt>
      <trkpt lat="30.47571351817339" lon="104.01947498611077">
        <ele>482.57821784634143</ele>
        <time>1970-01-01T00:21:40Z</time>
        <extensions>
          <gpxtpx:TrackPointExtension>
            <gpxtpx:hr>181</gpxtpx:hr>
          </gpxtpx:TrackPointExtension>
        </extensions>
      </trkpt>
      <trkpt lat="30.475736231817454" lon="104.01949841258262">
        <ele>482.57550809998065</ele>
        <time>1970-01-01T00:21:41Z</time>
        <extensions>
          <gpxtpx:TrackPointExtension>
            <gpxtpx:hr>181</gpxtpx:hr>
          </gpxtpx:TrackPointExtension>
        </extensions>
      </trkpt>
      <trkpt lat="30.475759988513204" lon="104.01951900149872">
        <ele>482.57009946368635</ele>
        <time>1970-01-01T00:21:42Z</time>
        <extensions>
          <gpxtpx:TrackPointExtension>
            <gpxtpx:hr>181</gpxtpx:hr>
          </gpxtpx:TrackPointExtension>
        </extensions>
      </trkpt>
      <trkpt lat="30.475785411457373" lon="104.01953605568087">
        <ele>482.5618250630796</ele>
        <time>1970-01-01T00:21:43Z</time>
        <extensions>
          <gpxtpx:TrackPointExtension>
            <gpxtpx:hr>181</gpxtpx:hr>
          </gpxtpx:TrackPointExtension>
        </extensions>
      </trkpt>
      <trkpt lat="30.475812270495375" lon="104.0195501257712">
        <ele>482.55059079639614</ele>
        <time>1970-01-01T00:21:44Z</time>
        <extensions>
          <gpxtpx:TrackPointExtension>
            <gpxtpx:hr>182</gpxtpx:hr>
          </gpxtpx:TrackPointExtension>
        </extensions>
      </trkpt>
      <trkpt lat="30.475839884588883" lon="104.01956184974148">
        <ele>482.53633908368647</ele>
        <time>1970-01-01T00:21:45Z</time>
        <extensions>
          <gpxtpx:TrackPointExtension>
            <gpxtpx:hr>182</gpxtpx:hr>
          </gpxtpx:TrackPointExtension>
        </extensions>
      </trkpt>
      <trkpt lat="30.475867831904115" lon="104.01957109477685">
        <ele>482.51895127631724</ele>
        <time>1970-01-01T00:21:46Z</time>
        <extensions>
          <gpxtpx:TrackPointExtension>
            <gpxtpx:hr>182</gpxtpx:hr>
          </gpxtpx:TrackPointExtension>
        </extensions>
      </trkpt>
      <trkpt lat="30.47589597454665" lon="104.0195774903811">
        <ele>482.4982395209372</ele>
        <time>1970-01-01T00:21:47Z</time>
        <extensions>
          <gpxtpx:TrackPointExtension>
            <gpxtpx:hr>182</gpxtpx:hr>
          </gpxtpx:TrackPointExtension>
        </extensions>
      </trkpt>
      <trkpt lat="30.475923996636652" lon="104.01958149967263">
        <ele>482.4739143298939</ele>
        <time>1970-01-01T00:21:48Z</time>
        <extensions>
          <gpxtpx:TrackPointExtension>
            <gpxtpx:hr>182</gpxtpx:hr>
          </gpxtpx:TrackPointExtension>
        </extensions>
      </trkpt>
      <trkpt lat="30.475952318404786" lon="104.01958438931675">
        <ele>482.4461258407682</ele>
        <time>1970-01-01T00:21:49Z</time>
        <extensions>
          <gpxtpx:TrackPointExtension>
            <gpxtpx:hr>182</gpxtpx:hr>
          </gpxtpx:TrackPointExtension>
        </extensions>
      </trkpt>
      <trkpt lat="30.475980932905152" lon="104.01958802847781">
        <ele>482.4151638485491</ele>
        <time>1970-01-01T00:21:50Z</time>
        <extensions>
          <gpxtpx:TrackPointExtension>
            <gpxtpx:hr>182</gpxtpx:hr>
          </gpxtpx:TrackPointExtension>
        </extensions>
      </trkpt>
      <trkpt lat="30.47600980710509" lon="104.01959267125454">
        <ele>482.3816409483552</ele>
        <time>1970-01-01T00:21:51Z</time>
        <extensions>
          <gpxtpx:TrackPointExtension>
            <gpxtpx:hr>182</gpxtpx:hr>
          </gpxtpx:TrackPointExtension>
        </extensions>
      </trkpt>
      <trkpt lat="30.4760390394874" lon="104.01959839330813">
        <ele>482.3464763239026</ele>
        <time>1970-01-01T00:21:52Z</time>
        <extensions>
          <gpxtpx:TrackPointExtension>
            <gpxtpx:hr>182</gpxtpx:hr>
          </gpxtpx:TrackPointExtension>
        </extensions>
      </trkpt>
      <trkpt lat="30.47606856156572" lon="104.019605155943">
        <ele>482.31076165568084</ele>
        <time>1970-01-01T00:21:53Z</time>
        <extensions>
          <gpxtpx:TrackPointExtension>
            <gpxtpx:hr>182</gpxtpx:hr>
          </gpxtpx:TrackPointExtension>
        </extensions>
      </trkpt>
      <trkpt lat="30.47609847376704" lon="104.0196129226101">
        <ele>482.27563294488937</ele>
        <time>1970-01-01T00:21:54Z</time>
        <extensions>
          <gpxtpx:TrackPointExtension>
            <gpxtpx:hr>182</gpxtpx:hr>
          </gpxtpx:TrackPointExtension>
        </extensions>
      </trkpt>
      <trkpt lat="30.47612832845398" lon="104.01962097214647">
        <ele>482.2423046026379</ele>
        <time>1970-01-01T00:21:55Z</time>
        <extensions>
          <gpxtpx:TrackPointExtension>
            <gpxtpx:hr>182</gpxtpx:hr>
          </gpxtpx:TrackPointExtension>
        </extensions>
      </trkpt>
      <trkpt lat="30.476157898167195" lon="104.01962766179057">
        <ele>482.2120010731742</ele>
        <time>1970-01-01T00:21:56Z</time>
        <extensions>
          <gpxtpx:TrackPointExtension>
            <gpxtpx:hr>182</gpxtpx:hr>
          </gpxtpx:TrackPointExtension>
        </extensions>
      </trkpt>
      <trkpt lat="30.476187265010548" lon="104.0196322752168">
        <ele>482.185782504268</ele>
        <time>1970-01-01T00:21:57Z</time>
        <extensions>
          <gpxtpx:TrackPointExtension>
            <gpxtpx:hr>182</gpxtpx:hr>
          </gpxtpx:TrackPointExtension>
        </extensions>
      </trkpt>
      <trkpt lat="30.476216400048596" lon="104.01963476326178">
        <ele>482.1643222924322</ele>
        <time>1970-01-01T00:21:58Z</time>
        <extensions>
          <gpxtpx:TrackPointExtension>
            <gpxtpx:hr>182</gpxtpx:hr>
          </gpxtpx:TrackPointExtension>
        </extensions>
      </trkpt>
      <trkpt lat="30.476245860431707" lon="104.01963580495038">
        <ele>482.147695960477</ele>
        <time>1970-01-01T00:21:59Z</time>
        <extensions>
          <gpxtpx:TrackPointExtension>
            <gpxtpx:hr>182</gpxtpx:hr>
          </gpxtpx:TrackPointExtension>
        </extensions>
      </trkpt>
      <trkpt lat="30.476276260650785" lon="104.01963614145237">
        <ele>482.1354626165703</ele>
        <time>1970-01-01T00:22:00Z</time>
        <extensions>
          <gpxtpx:TrackPointExtension>
            <gpxtpx:hr>182</gpxtpx:hr>
          </gpxtpx:TrackPointExtension>
        </extensions>
      </trkpt>
      <trkpt lat="30.476306869792243" lon="104.0196364277667">
        <ele>482.12683379556984</ele>
        <time>1970-01-01T00:22:01Z</time>
        <extensions>
          <gpxtpx:TrackPointExtension>
            <gpxtpx:hr>182</gpxtpx:hr>
          </gpxtpx:TrackPointExtension>
        </extensions>
      </trkpt>
      <trkpt lat="30.476337275039803" lon="104.01963612132575">
        <ele>482.1209375523031</ele>
        <time>1970-01-01T00:22:02Z</time>
        <extensions>
          <gpxtpx:TrackPointExtension>
            <gpxtpx:hr>181</gpxtpx:hr>
          </gpxtpx:TrackPointExtension>
        </extensions>
      </trkpt>
      <trkpt lat="30.47636730776527" lon="104.01963466074157">
        <ele>482.116929853335</ele>
        <time>1970-01-01T00:22:03Z</time>
        <extensions>
          <gpxtpx:TrackPointExtension>
            <gpxtpx:hr>181</gpxtpx:hr>
          </gpxtpx:TrackPointExtension>
        </extensions>
      </trkpt>
      <trkpt lat="30.47639732097313" lon="104.019631816415">
        <ele>482.1140835387632</ele>
        <time>1970-01-01T00:22:04Z</time>
        <extensions>
          <gpxtpx:TrackPointExtension>
            <gpxtpx:hr>181</gpxtpx:hr>
          </gpxtpx:TrackPointExtension>
        </extensions>
      </trkpt>
      <trkpt lat="30.4764283538078" lon="104.01962778910845">
        <ele>482.11185023840517</ele>
        <time>1970-01-01T00:22:05Z</time>
        <extensions>
          <gpxtpx:TrackPointExtension>
            <gpxtpx:hr>181</gpxtpx:hr>
          </gpxtpx:TrackPointExtension>
        </extensions>
      </trkpt>
      <trkpt lat="30.47645979062288" lon="104.01962361297069">
        <ele>482.1098636975512</ele>
        <time>1970-01-01T00:22:06Z</time>
        <extensions>
          <gpxtpx:TrackPointExtension>
            <gpxtpx:hr>181</gpxtpx:hr>
          </gpxtpx:TrackPointExtension>
        </extensions>
      </trkpt>
      <trkpt lat="30.476490933996324" lon="104.01961877754286">
        <ele>482.1080462131649</ele>
        <time>1970-01-01T00:22:07Z</time>
        <extensions>
          <gpxtpx:TrackPointExtension>
            <gpxtpx:hr>181</gpxtpx:hr>
          </gpxtpx:TrackPointExtension>
        </extensions>
      </trkpt>
      <trkpt lat="30.476521555919614" lon="104.01961278804751">
        <ele>482.1065524453297</ele>
        <time>1970-01-01T00:22:08Z</time>
        <extensions>
          <gpxtpx:TrackPointExtension>
            <gpxtpx:hr>182</gpxtpx:hr>
          </gpxtpx:TrackPointExtension>
        </extensions>
      </trkpt>
      <trkpt lat="30.47655164790145" lon="104.01960541438821">
        <ele>482.1055505340919</ele>
        <time>1970-01-01T00:22:09Z</time>
        <extensions>
          <gpxtpx:TrackPointExtension>
            <gpxtpx:hr>182</gpxtpx:hr>
          </gpxtpx:TrackPointExtension>
        </extensions>
      </trkpt>
      <trkpt lat="30.476581308993534" lon="104.01959698392623">
        <ele>482.10510578751564</ele>
        <time>1970-01-01T00:22:10Z</time>
        <extensions>
          <gpxtpx:TrackPointExtension>
            <gpxtpx:hr>182</gpxtpx:hr>
          </gpxtpx:TrackPointExtension>
        </extensions>
      </trkpt>
      <trkpt lat="30.47661032238921" lon="104.01958808695757">
        <ele>482.10521464794874</ele>
        <time>1970-01-01T00:22:11Z</time>
        <extensions>
          <gpxtpx:TrackPointExtension>
            <gpxtpx:hr>182</gpxtpx:hr>
          </gpxtpx:TrackPointExtension>
        </extensions>
      </trkpt>
      <trkpt lat="30.476639073737044" lon="104.01957881165097">
        <ele>482.10566447582096</ele>
        <time>1970-01-01T00:22:12Z</time>
        <extensions>
          <gpxtpx:TrackPointExtension>
            <gpxtpx:hr>180</gpxtpx:hr>
          </gpxtpx:TrackPointExtension>
        </extensions>
      </trkpt>
      <trkpt lat="30.476667552190335" lon="104.0195694066512">
        <ele>482.1060516219586</ele>
        <time>1970-01-01T00:22:13Z</time>
        <extensions>
          <gpxtpx:TrackPointExtension>
            <gpxtpx:hr>180</gpxtpx:hr>
          </gpxtpx:TrackPointExtension>
        </extensions>
      </trkpt>
      <trkpt lat="30.476695752551834" lon="104.0195592496445">
        <ele>482.10598231479526</ele>
        <time>1970-01-01T00:22:14Z</time>
        <extensions>
          <gpxtpx:TrackPointExtension>
            <gpxtpx:hr>180</gpxtpx:hr>
          </gpxtpx:TrackPointExtension>
        </extensions>
      </trkpt>
      <trkpt lat="30.47672364512857" lon="104.0195480833135">
        <ele>482.10524711571634</ele>
        <time>1970-01-01T00:22:15Z</time>
        <extensions>
          <gpxtpx:TrackPointExtension>
            <gpxtpx:hr>180</gpxtpx:hr>
          </gpxtpx:TrackPointExtension>
        </extensions>
      </trkpt>
      <trkpt lat="30.476751952649234" lon="104.01953612565721">
        <ele>482.10363032016903</ele>
        <time>1970-01-01T00:22:16Z</time>
        <extensions>
          <gpxtpx:TrackPointExtension>
            <gpxtpx:hr>180</gpxtpx:hr>
          </gpxtpx:TrackPointExtension>
        </extensions>
      </trkpt>
      <trkpt lat="30.476781320244953" lon="104.01952485186071">
        <ele>482.10083359852433</ele>
        <time>1970-01-01T00:22:17Z</time>
        <extensions>
          <gpxtpx:TrackPointExtension>
            <gpxtpx:hr>180</gpxtpx:hr>
          </gpxtpx:TrackPointExtension>
        </extensions>
      </trkpt>
      <trkpt lat="30.476810982608377" lon="104.01951543071469">
        <ele>482.09673917572945</ele>
        <time>1970-01-01T00:22:18Z</time>
        <extensions>
          <gpxtpx:TrackPointExtension>
            <gpxtpx:hr>180</gpxtpx:hr>
          </gpxtpx:TrackPointExtension>
        </extensions>
      </trkpt>
      <trkpt lat="30.476840219184567" lon="104.019507758791">
        <ele>482.0915837492794</ele>
        <time>1970-01-01T00:22:19Z</time>
        <extensions>
          <gpxtpx:TrackPointExtension>
            <gpxtpx:hr>180</gpxtpx:hr>
          </gpxtpx:TrackPointExtension>
        </extensions>
      </trkpt>
      <trkpt lat="30.4768693249683" lon="104.01950129328466">
        <ele>482.08583020139486</ele>
        <time>1970-01-01T00:22:20Z</time>
        <extensions>
          <gpxtpx:TrackPointExtension>
            <gpxtpx:hr>180</gpxtpx:hr>
          </gpxtpx:TrackPointExtension>
        </extensions>
      </trkpt>
      <trkpt lat="30.476899209633295" lon="104.01949544022942">
        <ele>482.0801182743162</ele>
        <time>1970-01-01T00:22:21Z</time>
        <extensions>
          <gpxtpx:TrackPointExtension>
            <gpxtpx:hr>180</gpxtpx:hr>
          </gpxtpx:TrackPointExtension>
        </extensions>
      </trkpt>
      <trkpt lat="30.47692957347216" lon="104.01949054624677">
        <ele>482.075196031481</ele>
        <time>1970-01-01T00:22:22Z</time>
        <extensions>
          <gpxtpx:TrackPointExtension>
            <gpxtpx:hr>180</gpxtpx:hr>
          </gpxtpx:TrackPointExtension>
        </extensions>
      </trkpt>
      <trkpt lat="30.47695993976777" lon="104.01948619731321">
        <ele>482.07162796892226</ele>
        <time>1970-01-01T00:22:23Z</time>
        <extensions>
          <gpxtpx:TrackPointExtension>
            <gpxtpx:hr>180</gpxtpx:hr>
          </gpxtpx:TrackPointExtension>
        </extensions>
      </trkpt>
      <trkpt lat="30.47698978097776" lon="104.01948244160256">
        <ele>482.0695333657786</ele>
        <time>1970-01-01T00:22:24Z</time>
        <extensions>
          <gpxtpx:TrackPointExtension>
            <gpxtpx:hr>180</gpxtpx:hr>
          </gpxtpx:TrackPointExtension>
        </extensions>
      </trkpt>
      <trkpt lat="30.47701970249632" lon="104.01947970609835">
        <ele>482.06853197608143</ele>
        <time>1970-01-01T00:22:25Z</time>
        <extensions>
          <gpxtpx:TrackPointExtension>
            <gpxtpx:hr>180</gpxtpx:hr>
          </gpxtpx:TrackPointExtension>
        </extensions>
      </trkpt>
      <trkpt lat="30.477050153892385" lon="104.01947831044185">
        <ele>482.06801974773407</ele>
        <time>1970-01-01T00:22:26Z</time>
        <extensions>
          <gpxtpx:TrackPointExtension>
            <gpxtpx:hr>180</gpxtpx:hr>
          </gpxtpx:TrackPointExtension>
        </extensions>
      </trkpt>
      <trkpt lat="30.477080346313244" lon="104.01947800451255">
        <ele>482.06743270438164</ele>
        <time>1970-01-01T00:22:27Z</time>
        <extensions>
          <gpxtpx:TrackPointExtension>
            <gpxtpx:hr>180</gpxtpx:hr>
          </gpxtpx:TrackPointExtension>
        </extensions>
      </trkpt>
      <trkpt lat="30.477109638916502" lon="104.01947860442891">
        <ele>482.0663933446631</ele>
        <time>1970-01-01T00:22:28Z</time>
        <extensions>
          <gpxtpx:TrackPointExtension>
            <gpxtpx:hr>180</gpxtpx:hr>
          </gpxtpx:TrackPointExtension>
        </extensions>
      </trkpt>
      <trkpt lat="30.477138179895743" lon="104.0194800469964">
        <ele>482.0647341469303</ele>
        <time>1970-01-01T00:22:29Z</time>
        <extensions>
          <gpxtpx:TrackPointExtension>
            <gpxtpx:hr>179</gpxtpx:hr>
          </gpxtpx:TrackPointExtension>
        </extensions>
      </trkpt>
      <trkpt lat="30.477166544856072" lon="104.01948187524343">
        <ele>482.06263191159815</ele>
        <time>1970-01-01T00:22:30Z</time>
        <extensions>
          <gpxtpx:TrackPointExtension>
            <gpxtpx:hr>179</gpxtpx:hr>
          </gpxtpx:TrackPointExtension>
        </extensions>
      </trkpt>
      <trkpt lat="30.4771949479227" lon="104.01948415384746">
        <ele>482.06037791166455</ele>
        <time>1970-01-01T00:22:31Z</time>
        <extensions>
          <gpxtpx:TrackPointExtension>
            <gpxtpx:hr>179</gpxtpx:hr>
          </gpxtpx:TrackPointExtension>
        </extensions>
      </trkpt>
      <trkpt lat="30.47722400109962" lon="104.0194873170036">
        <ele>482.05819353368133</ele>
        <time>1970-01-01T00:22:32Z</time>
        <extensions>
          <gpxtpx:TrackPointExtension>
            <gpxtpx:hr>179</gpxtpx:hr>
          </gpxtpx:TrackPointExtension>
        </extensions>
      </trkpt>
      <trkpt lat="30.477253844816698" lon="104.01949306447372">
        <ele>482.0561650376767</ele>
        <time>1970-01-01T00:22:33Z</time>
        <extensions>
          <gpxtpx:TrackPointExtension>
            <gpxtpx:hr>179</gpxtpx:hr>
          </gpxtpx:TrackPointExtension>
        </extensions>
      </trkpt>
      <trkpt lat="30.47728418022913" lon="104.01950270599062">
        <ele>482.0543253365904</ele>
        <time>1970-01-01T00:22:34Z</time>
        <extensions>
          <gpxtpx:TrackPointExtension>
            <gpxtpx:hr>179</gpxtpx:hr>
          </gpxtpx:TrackPointExtension>
        </extensions>
      </trkpt>
      <trkpt lat="30.477313641292923" lon="104.01951563273846">
        <ele>482.0527764055878</ele>
        <time>1970-01-01T00:22:35Z</time>
        <extensions>
          <gpxtpx:TrackPointExtension>
            <gpxtpx:hr>179</gpxtpx:hr>
          </gpxtpx:TrackPointExtension>
        </extensions>
      </trkpt>
      <trkpt lat="30.477342282995497" lon="104.01953015320387">
        <ele>482.0516254939139</ele>
        <time>1970-01-01T00:22:36Z</time>
        <extensions>
          <gpxtpx:TrackPointExtension>
            <gpxtpx:hr>179</gpxtpx:hr>
          </gpxtpx:TrackPointExtension>
        </extensions>
      </trkpt>
      <trkpt lat="30.47737050280738" lon="104.01954491192944">
        <ele>482.0509677277878</ele>
        <time>1970-01-01T00:22:37Z</time>
        <extensions>
          <gpxtpx:TrackPointExtension>
            <gpxtpx:hr>178</gpxtpx:hr>
          </gpxtpx:TrackPointExtension>
        </extensions>
      </trkpt>
      <trkpt lat="30.477398255209966" lon="104.01955917213334">
        <ele>482.0509363953024</ele>
        <time>1970-01-01T00:22:38Z</time>
        <extensions>
          <gpxtpx:TrackPointExtension>
            <gpxtpx:hr>178</gpxtpx:hr>
          </gpxtpx:TrackPointExtension>
        </extensions>
      </trkpt>
      <trkpt lat="30.477426015503866" lon="104.01957335178926">
        <ele>482.05167881026864</ele>
        <time>1970-01-01T00:22:39Z</time>
        <extensions>
          <gpxtpx:TrackPointExtension>
            <gpxtpx:hr>178</gpxtpx:hr>
          </gpxtpx:TrackPointExtension>
        </extensions>
      </trkpt>
      <trkpt lat="30.477453767707743" lon="104.01958806955972">
        <ele>482.05308408662677</ele>
        <time>1970-01-01T00:22:40Z</time>
        <extensions>
          <gpxtpx:TrackPointExtension>
            <gpxtpx:hr>178</gpxtpx:hr>
          </gpxtpx:TrackPointExtension>
        </extensions>
      </trkpt>
      <trkpt lat="30.47748171026917" lon="104.01960342132243">
        <ele>482.0549625046551</ele>
        <time>1970-01-01T00:22:41Z</time>
        <extensions>
          <gpxtpx:TrackPointExtension>
            <gpxtpx:hr>178</gpxtpx:hr>
          </gpxtpx:TrackPointExtension>
        </extensions>
      </trkpt>
      <trkpt lat="30.47750908672761" lon="104.01961955252075">
        <ele>482.057224355638</ele>
        <time>1970-01-01T00:22:42Z</time>
        <extensions>
          <gpxtpx:TrackPointExtension>
            <gpxtpx:hr>178</gpxtpx:hr>
          </gpxtpx:TrackPointExtension>
        </extensions>
      </trkpt>
      <trkpt lat="30.477535895052853" lon="104.01963658530347">
        <ele>482.0597079824656</ele>
        <time>1970-01-01T00:22:43Z</time>
        <extensions>
          <gpxtpx:TrackPointExtension>
            <gpxtpx:hr>178</gpxtpx:hr>
          </gpxtpx:TrackPointExtension>
        </extensions>
      </trkpt>
      <trkpt lat="30.477561959785287" lon="104.0196551134739">
        <ele>482.0621969513595</ele>
        <time>1970-01-01T00:22:44Z</time>
        <extensions>
          <gpxtpx:TrackPointExtension>
            <gpxtpx:hr>178</gpxtpx:hr>
          </gpxtpx:TrackPointExtension>
        </extensions>
      </trkpt>
      <trkpt lat="30.477587072885143" lon="104.01967558585964">
        <ele>482.06437458563596</ele>
        <time>1970-01-01T00:22:45Z</time>
        <extensions>
          <gpxtpx:TrackPointExtension>
            <gpxtpx:hr>178</gpxtpx:hr>
          </gpxtpx:TrackPointExtension>
        </extensions>
      </trkpt>
      <trkpt lat="30.47761200413038" lon="104.01969776309211">
        <ele>482.0657758694142</ele>
        <time>1970-01-01T00:22:46Z</time>
        <extensions>
          <gpxtpx:TrackPointExtension>
            <gpxtpx:hr>181</gpxtpx:hr>
          </gpxtpx:TrackPointExtension>
        </extensions>
      </trkpt>
      <trkpt lat="30.477637023955467" lon="104.01972032665849">
        <ele>482.0657075988129</ele>
        <time>1970-01-01T00:22:47Z</time>
        <extensions>
          <gpxtpx:TrackPointExtension>
            <gpxtpx:hr>181</gpxtpx:hr>
          </gpxtpx:TrackPointExtension>
        </extensions>
      </trkpt>
      <trkpt lat="30.477662694970554" lon="104.01974241839184">
        <ele>482.06350833177567</ele>
        <time>1970-01-01T00:22:48Z</time>
        <extensions>
          <gpxtpx:TrackPointExtension>
            <gpxtpx:hr>181</gpxtpx:hr>
          </gpxtpx:TrackPointExtension>
        </extensions>
      </trkpt>
      <trkpt lat="30.47768882690618" lon="104.01976407420203">
        <ele>482.0586591530591</ele>
        <time>1970-01-01T00:22:49Z</time>
        <extensions>
          <gpxtpx:TrackPointExtension>
            <gpxtpx:hr>181</gpxtpx:hr>
          </gpxtpx:TrackPointExtension>
        </extensions>
      </trkpt>
      <trkpt lat="30.477715356249796" lon="104.01978534847466">
        <ele>482.0509497895837</ele>
        <time>1970-01-01T00:22:50Z</time>
        <extensions>
          <gpxtpx:TrackPointExtension>
            <gpxtpx:hr>181</gpxtpx:hr>
          </gpxtpx:TrackPointExtension>
        </extensions>
      </trkpt>
      <trkpt lat="30.47774170766714" lon="104.01980688945137">
        <ele>482.04049433674663</ele>
        <time>1970-01-01T00:22:51Z</time>
        <extensions>
          <gpxtpx:TrackPointExtension>
            <gpxtpx:hr>180</gpxtpx:hr>
          </gpxtpx:TrackPointExtension>
        </extensions>
      </trkpt>
      <trkpt lat="30.47776667283507" lon="104.01982973766437">
        <ele>482.0276731895283</ele>
        <time>1970-01-01T00:22:52Z</time>
        <extensions>
          <gpxtpx:TrackPointExtension>
            <gpxtpx:hr>180</gpxtpx:hr>
          </gpxtpx:TrackPointExtension>
        </extensions>
      </trkpt>
      <trkpt lat="30.47779001928399" lon="104.01985426799243">
        <ele>482.0132241686806</ele>
        <time>1970-01-01T00:22:53Z</time>
        <extensions>
          <gpxtpx:TrackPointExtension>
            <gpxtpx:hr>180</gpxtpx:hr>
          </gpxtpx:TrackPointExtension>
        </extensions>
      </trkpt>
      <trkpt lat="30.477812232527217" lon="104.01987950846987">
        <ele>481.9979455405846</ele>
        <time>1970-01-01T00:22:54Z</time>
        <extensions>
          <gpxtpx:TrackPointExtension>
            <gpxtpx:hr>180</gpxtpx:hr>
          </gpxtpx:TrackPointExtension>
        </extensions>
      </trkpt>
      <trkpt lat="30.477834341859786" lon="104.01990474464456">
        <ele>481.98255263082683</ele>
        <time>1970-01-01T00:22:55Z</time>
        <extensions>
          <gpxtpx:TrackPointExtension>
            <gpxtpx:hr>180</gpxtpx:hr>
          </gpxtpx:TrackPointExtension>
        </extensions>
      </trkpt>
      <trkpt lat="30.477856168010632" lon="104.0199296821677">
        <ele>481.9677444687113</ele>
        <time>1970-01-01T00:22:56Z</time>
        <extensions>
          <gpxtpx:TrackPointExtension>
            <gpxtpx:hr>181</gpxtpx:hr>
          </gpxtpx:TrackPointExtension>
        </extensions>
      </trkpt>
      <trkpt lat="30.477877996437684" lon="104.01995472336186">
        <ele>481.9541064519435</ele>
        <time>1970-01-01T00:22:57Z</time>
        <extensions>
          <gpxtpx:TrackPointExtension>
            <gpxtpx:hr>181</gpxtpx:hr>
          </gpxtpx:TrackPointExtension>
        </extensions>
      </trkpt>
      <trkpt lat="30.47789940230197" lon="104.01998051260404">
        <ele>481.9419213300571</ele>
        <time>1970-01-01T00:22:58Z</time>
        <extensions>
          <gpxtpx:TrackPointExtension>
            <gpxtpx:hr>181</gpxtpx:hr>
          </gpxtpx:TrackPointExtension>
        </extensions>
      </trkpt>
      <trkpt lat="30.477919408232072" lon="104.02000735698141">
        <ele>481.9313601087779</ele>
        <time>1970-01-01T00:22:59Z</time>
        <extensions>
          <gpxtpx:TrackPointExtension>
            <gpxtpx:hr>181</gpxtpx:hr>
          </gpxtpx:TrackPointExtension>
        </extensions>
      </trkpt>
      <trkpt lat="30.477938232277353" lon="104.02003569233882">
        <ele>481.92264868691564</ele>
        <time>1970-01-01T00:23:00Z</time>
        <extensions>
          <gpxtpx:TrackPointExtension>
            <gpxtpx:hr>181</gpxtpx:hr>
          </gpxtpx:TrackPointExtension>
        </extensions>
      </trkpt>
      <trkpt lat="30.477955865458874" lon="104.02006557615941">
        <ele>481.91597151290625</ele>
        <time>1970-01-01T00:23:01Z</time>
        <extensions>
          <gpxtpx:TrackPointExtension>
            <gpxtpx:hr>181</gpxtpx:hr>
          </gpxtpx:TrackPointExtension>
        </extensions>
      </trkpt>
      <trkpt lat="30.477972377550888" lon="104.02009592261889">
        <ele>481.91140517406166</ele>
        <time>1970-01-01T00:23:02Z</time>
        <extensions>
          <gpxtpx:TrackPointExtension>
            <gpxtpx:hr>181</gpxtpx:hr>
          </gpxtpx:TrackPointExtension>
        </extensions>
      </trkpt>
      <trkpt lat="30.47798754243334" lon="104.02012557801895">
        <ele>481.9088534079492</ele>
        <time>1970-01-01T00:23:03Z</time>
        <extensions>
          <gpxtpx:TrackPointExtension>
            <gpxtpx:hr>181</gpxtpx:hr>
          </gpxtpx:TrackPointExtension>
        </extensions>
      </trkpt>
      <trkpt lat="30.478002219673215" lon="104.02015513474731">
        <ele>481.9079896872863</ele>
        <time>1970-01-01T00:23:04Z</time>
        <extensions>
          <gpxtpx:TrackPointExtension>
            <gpxtpx:hr>181</gpxtpx:hr>
          </gpxtpx:TrackPointExtension>
        </extensions>
      </trkpt>
      <trkpt lat="30.4780167222586" lon="104.02018488364456">
        <ele>481.9082011152059</ele>
        <time>1970-01-01T00:23:05Z</time>
        <extensions>
          <gpxtpx:TrackPointExtension>
            <gpxtpx:hr>181</gpxtpx:hr>
          </gpxtpx:TrackPointExtension>
        </extensions>
      </trkpt>
      <trkpt lat="30.47803035989796" lon="104.02021520108038">
        <ele>481.90873303078115</ele>
        <time>1970-01-01T00:23:06Z</time>
        <extensions>
          <gpxtpx:TrackPointExtension>
            <gpxtpx:hr>181</gpxtpx:hr>
          </gpxtpx:TrackPointExtension>
        </extensions>
      </trkpt>
      <trkpt lat="30.478042488048953" lon="104.0202471098159">
        <ele>481.9088279819116</ele>
        <time>1970-01-01T00:23:07Z</time>
        <extensions>
          <gpxtpx:TrackPointExtension>
            <gpxtpx:hr>181</gpxtpx:hr>
          </gpxtpx:TrackPointExtension>
        </extensions>
      </trkpt>
      <trkpt lat="30.47805241234062" lon="104.02028054746933">
        <ele>481.9080429710448</ele>
        <time>1970-01-01T00:23:08Z</time>
        <extensions>
          <gpxtpx:TrackPointExtension>
            <gpxtpx:hr>181</gpxtpx:hr>
          </gpxtpx:TrackPointExtension>
        </extensions>
      </trkpt>
      <trkpt lat="30.47806072527135" lon="104.0203147910556">
        <ele>481.906381374225</ele>
        <time>1970-01-01T00:23:09Z</time>
        <extensions>
          <gpxtpx:TrackPointExtension>
            <gpxtpx:hr>181</gpxtpx:hr>
          </gpxtpx:TrackPointExtension>
        </extensions>
      </trkpt>
      <trkpt lat="30.47806767437251" lon="104.02034916321995">
        <ele>481.9042273629457</ele>
        <time>1970-01-01T00:23:10Z</time>
        <extensions>
          <gpxtpx:TrackPointExtension>
            <gpxtpx:hr>181</gpxtpx:hr>
          </gpxtpx:TrackPointExtension>
        </extensions>
      </trkpt>
      <trkpt lat="30.47807402163554" lon="104.02038422324459">
        <ele>481.9020234849304</ele>
        <time>1970-01-01T00:23:11Z</time>
        <extensions>
          <gpxtpx:TrackPointExtension>
            <gpxtpx:hr>181</gpxtpx:hr>
          </gpxtpx:TrackPointExtension>
        </extensions>
      </trkpt>
      <trkpt lat="30.47808055518488" lon="104.02042005553167">
        <ele>481.9003002131358</ele>
        <time>1970-01-01T00:23:12Z</time>
        <extensions>
          <gpxtpx:TrackPointExtension>
            <gpxtpx:hr>181</gpxtpx:hr>
          </gpxtpx:TrackPointExtension>
        </extensions>
      </trkpt>
      <trkpt lat="30.478086400291193" lon="104.02045545195845">
        <ele>481.8995534190908</ele>
        <time>1970-01-01T00:23:13Z</time>
        <extensions>
          <gpxtpx:TrackPointExtension>
            <gpxtpx:hr>181</gpxtpx:hr>
          </gpxtpx:TrackPointExtension>
        </extensions>
      </trkpt>
      <trkpt lat="30.478090710360963" lon="104.02049063192125">
        <ele>481.9001313224435</ele>
        <time>1970-01-01T00:23:14Z</time>
        <extensions>
          <gpxtpx:TrackPointExtension>
            <gpxtpx:hr>181</gpxtpx:hr>
          </gpxtpx:TrackPointExtension>
        </extensions>
      </trkpt>
      <trkpt lat="30.47809333340245" lon="104.02052569530814">
        <ele>481.9022090686485</ele>
        <time>1970-01-01T00:23:15Z</time>
        <extensions>
          <gpxtpx:TrackPointExtension>
            <gpxtpx:hr>181</gpxtpx:hr>
          </gpxtpx:TrackPointExtension>
        </extensions>
      </trkpt>
      <trkpt lat="30.478094937006052" lon="104.0205599848751">
        <ele>481.9058188404888</ele>
        <time>1970-01-01T00:23:16Z</time>
        <extensions>
          <gpxtpx:TrackPointExtension>
            <gpxtpx:hr>181</gpxtpx:hr>
          </gpxtpx:TrackPointExtension>
        </extensions>
      </trkpt>
      <trkpt lat="30.478096041441063" lon="104.02059333922031">
        <ele>481.9107913253829</ele>
        <time>1970-01-01T00:23:17Z</time>
        <extensions>
          <gpxtpx:TrackPointExtension>
            <gpxtpx:hr>181</gpxtpx:hr>
          </gpxtpx:TrackPointExtension>
        </extensions>
      </trkpt>
      <trkpt lat="30.478096616892998" lon="104.02062662309129">
        <ele>481.9167285542935</ele>
        <time>1970-01-01T00:23:18Z</time>
        <extensions>
          <gpxtpx:TrackPointExtension>
            <gpxtpx:hr>181</gpxtpx:hr>
          </gpxtpx:TrackPointExtension>
        </extensions>
      </trkpt>
      <trkpt lat="30.478095787590174" lon="104.0206603326625">
        <ele>481.9228803785518</ele>
        <time>1970-01-01T00:23:19Z</time>
        <extensions>
          <gpxtpx:TrackPointExtension>
            <gpxtpx:hr>181</gpxtpx:hr>
          </gpxtpx:TrackPointExtension>
        </extensions>
      </trkpt>
      <trkpt lat="30.4780934359498" lon="104.02069446023584">
        <ele>481.9284947225824</ele>
        <time>1970-01-01T00:23:20Z</time>
        <extensions>
          <gpxtpx:TrackPointExtension>
            <gpxtpx:hr>181</gpxtpx:hr>
          </gpxtpx:TrackPointExtension>
        </extensions>
      </trkpt>
      <trkpt lat="30.4780902009532" lon="104.02072927915437">
        <ele>481.9330600006506</ele>
        <time>1970-01-01T00:23:21Z</time>
        <extensions>
          <gpxtpx:TrackPointExtension>
            <gpxtpx:hr>181</gpxtpx:hr>
          </gpxtpx:TrackPointExtension>
        </extensions>
      </trkpt>
      <trkpt lat="30.47808672134394" lon="104.02076387647408">
        <ele>481.9363104356453</ele>
        <time>1970-01-01T00:23:22Z</time>
        <extensions>
          <gpxtpx:TrackPointExtension>
            <gpxtpx:hr>181</gpxtpx:hr>
          </gpxtpx:TrackPointExtension>
        </extensions>
      </trkpt>
      <trkpt lat="30.47808360132254" lon="104.02079825203053">
        <ele>481.93803992681205</ele>
        <time>1970-01-01T00:23:23Z</time>
        <extensions>
          <gpxtpx:TrackPointExtension>
            <gpxtpx:hr>180</gpxtpx:hr>
          </gpxtpx:TrackPointExtension>
        </extensions>
      </trkpt>
      <trkpt lat="30.47807972677285" lon="104.02083283403464">
        <ele>481.9383890852332</ele>
        <time>1970-01-01T00:23:24Z</time>
        <extensions>
          <gpxtpx:TrackPointExtension>
            <gpxtpx:hr>180</gpxtpx:hr>
          </gpxtpx:TrackPointExtension>
        </extensions>
      </trkpt>
      <trkpt lat="30.478074348657938" lon="104.02086756312406">
        <ele>481.937611005269</ele>
        <time>1970-01-01T00:23:25Z</time>
        <extensions>
          <gpxtpx:TrackPointExtension>
            <gpxtpx:hr>180</gpxtpx:hr>
          </gpxtpx:TrackPointExtension>
        </extensions>
      </trkpt>
      <trkpt lat="30.47806780389754" lon="104.02090257562928">
        <ele>481.93587477877736</ele>
        <time>1970-01-01T00:23:26Z</time>
        <extensions>
          <gpxtpx:TrackPointExtension>
            <gpxtpx:hr>180</gpxtpx:hr>
          </gpxtpx:TrackPointExtension>
        </extensions>
      </trkpt>
      <trkpt lat="30.478061060899805" lon="104.02093734042197">
        <ele>481.9332214742899</ele>
        <time>1970-01-01T00:23:27Z</time>
        <extensions>
          <gpxtpx:TrackPointExtension>
            <gpxtpx:hr>180</gpxtpx:hr>
          </gpxtpx:TrackPointExtension>
        </extensions>
      </trkpt>
      <trkpt lat="30.47805451823892" lon="104.0209710680403">
        <ele>481.9298823773861</ele>
        <time>1970-01-01T00:23:28Z</time>
        <extensions>
          <gpxtpx:TrackPointExtension>
            <gpxtpx:hr>180</gpxtpx:hr>
          </gpxtpx:TrackPointExtension>
        </extensions>
      </trkpt>
      <trkpt lat="30.478047409399064" lon="104.02100344586957">
        <ele>481.92619562521577</ele>
        <time>1970-01-01T00:23:29Z</time>
        <extensions>
          <gpxtpx:TrackPointExtension>
            <gpxtpx:hr>180</gpxtpx:hr>
          </gpxtpx:TrackPointExtension>
        </extensions>
      </trkpt>
      <trkpt lat="30.478039682146125" lon="104.0210348438289">
        <ele>481.9224924510345</ele>
        <time>1970-01-01T00:23:30Z</time>
        <extensions>
          <gpxtpx:TrackPointExtension>
            <gpxtpx:hr>180</gpxtpx:hr>
          </gpxtpx:TrackPointExtension>
        </extensions>
      </trkpt>
      <trkpt lat="30.47803188097446" lon="104.02106689260754">
        <ele>481.9189617736265</ele>
        <time>1970-01-01T00:23:31Z</time>
        <extensions>
          <gpxtpx:TrackPointExtension>
            <gpxtpx:hr>180</gpxtpx:hr>
          </gpxtpx:TrackPointExtension>
        </extensions>
      </trkpt>
      <trkpt lat="30.478024591586635" lon="104.02110064543548">
        <ele>481.9156609708443</ele>
        <time>1970-01-01T00:23:32Z</time>
        <extensions>
          <gpxtpx:TrackPointExtension>
            <gpxtpx:hr>180</gpxtpx:hr>
          </gpxtpx:TrackPointExtension>
        </extensions>
      </trkpt>
      <trkpt lat="30.478018021613593" lon="104.0211346144326">
        <ele>481.9123472813517</ele>
        <time>1970-01-01T00:23:33Z</time>
        <extensions>
          <gpxtpx:TrackPointExtension>
            <gpxtpx:hr>180</gpxtpx:hr>
          </gpxtpx:TrackPointExtension>
        </extensions>
      </trkpt>
      <trkpt lat="30.478012528794594" lon="104.02116753982729">
        <ele>481.90838373079896</ele>
        <time>1970-01-01T00:23:34Z</time>
        <extensions>
          <gpxtpx:TrackPointExtension>
            <gpxtpx:hr>180</gpxtpx:hr>
          </gpxtpx:TrackPointExtension>
        </extensions>
      </trkpt>
      <trkpt lat="30.478007625209568" lon="104.02119985384832">
        <ele>481.9030725136399</ele>
        <time>1970-01-01T00:23:35Z</time>
        <extensions>
          <gpxtpx:TrackPointExtension>
            <gpxtpx:hr>180</gpxtpx:hr>
          </gpxtpx:TrackPointExtension>
        </extensions>
      </trkpt>
      <trkpt lat="30.478002374174388" lon="104.02123203201485">
        <ele>481.8960086395964</ele>
        <time>1970-01-01T00:23:36Z</time>
        <extensions>
          <gpxtpx:TrackPointExtension>
            <gpxtpx:hr>180</gpxtpx:hr>
          </gpxtpx:TrackPointExtension>
        </extensions>
      </trkpt>
      <trkpt lat="30.477997032305897" lon="104.0212644873765">
        <ele>481.88719676434994</ele>
        <time>1970-01-01T00:23:37Z</time>
        <extensions>
          <gpxtpx:TrackPointExtension>
            <gpxtpx:hr>180</gpxtpx:hr>
          </gpxtpx:TrackPointExtension>
        </extensions>
      </trkpt>
      <trkpt lat="30.477992709807385" lon="104.02129680430788">
        <ele>481.8769359504804</ele>
        <time>1970-01-01T00:23:38Z</time>
        <extensions>
          <gpxtpx:TrackPointExtension>
            <gpxtpx:hr>180</gpxtpx:hr>
          </gpxtpx:TrackPointExtension>
        </extensions>
      </trkpt>
      <trkpt lat="30.477989712468172" lon="104.02132862801723">
        <ele>481.8657132545486</ele>
        <time>1970-01-01T00:23:39Z</time>
        <extensions>
          <gpxtpx:TrackPointExtension>
            <gpxtpx:hr>180</gpxtpx:hr>
          </gpxtpx:TrackPointExtension>
        </extensions>
      </trkpt>
      <trkpt lat="30.477987162926496" lon="104.02136088094636">
        <ele>481.85401122737676</ele>
        <time>1970-01-01T00:23:40Z</time>
        <extensions>
          <gpxtpx:TrackPointExtension>
            <gpxtpx:hr>180</gpxtpx:hr>
          </gpxtpx:TrackPointExtension>
        </extensions>
      </trkpt>
      <trkpt lat="30.477985351664568" lon="104.02139335969073">
        <ele>481.8420827453956</ele>
        <time>1970-01-01T00:23:41Z</time>
        <extensions>
          <gpxtpx:TrackPointExtension>
            <gpxtpx:hr>180</gpxtpx:hr>
          </gpxtpx:TrackPointExtension>
        </extensions>
      </trkpt>
      <trkpt lat="30.477984990912176" lon="104.0214254823556">
        <ele>481.8300531907007</ele>
        <time>1970-01-01T00:23:42Z</time>
        <extensions>
          <gpxtpx:TrackPointExtension>
            <gpxtpx:hr>180</gpxtpx:hr>
          </gpxtpx:TrackPointExtension>
        </extensions>
      </trkpt>
      <trkpt lat="30.477986388163348" lon="104.02145837936935">
        <ele>481.81792249530554</ele>
        <time>1970-01-01T00:23:43Z</time>
        <extensions>
          <gpxtpx:TrackPointExtension>
            <gpxtpx:hr>180</gpxtpx:hr>
          </gpxtpx:TrackPointExtension>
        </extensions>
      </trkpt>
      <trkpt lat="30.4779887574997" lon="104.0214930972553">
        <ele>481.8058125991374</ele>
        <time>1970-01-01T00:23:44Z</time>
        <extensions>
          <gpxtpx:TrackPointExtension>
            <gpxtpx:hr>180</gpxtpx:hr>
          </gpxtpx:TrackPointExtension>
        </extensions>
      </trkpt>
      <trkpt lat="30.47799161943958" lon="104.02152915973234">
        <ele>481.7940583769232</ele>
        <time>1970-01-01T00:23:45Z</time>
        <extensions>
          <gpxtpx:TrackPointExtension>
            <gpxtpx:hr>180</gpxtpx:hr>
          </gpxtpx:TrackPointExtension>
        </extensions>
      </trkpt>
      <trkpt lat="30.477995049245457" lon="104.02156547154443">
        <ele>481.78316922392696</ele>
        <time>1970-01-01T00:23:46Z</time>
        <extensions>
          <gpxtpx:TrackPointExtension>
            <gpxtpx:hr>180</gpxtpx:hr>
          </gpxtpx:TrackPointExtension>
        </extensions>
      </trkpt>
      <trkpt lat="30.477998500701375" lon="104.02160081097826">
        <ele>481.77354061510414</ele>
        <time>1970-01-01T00:23:47Z</time>
        <extensions>
          <gpxtpx:TrackPointExtension>
            <gpxtpx:hr>180</gpxtpx:hr>
          </gpxtpx:TrackPointExtension>
        </extensions>
      </trkpt>
      <trkpt lat="30.47800182462479" lon="104.02163505555691">
        <ele>481.7655344195664</ele>
        <time>1970-01-01T00:23:48Z</time>
        <extensions>
          <gpxtpx:TrackPointExtension>
            <gpxtpx:hr>180</gpxtpx:hr>
          </gpxtpx:TrackPointExtension>
        </extensions>
      </trkpt>
      <trkpt lat="30.478004866356066" lon="104.0216683675545">
        <ele>481.7594662355259</ele>
        <time>1970-01-01T00:23:49Z</time>
        <extensions>
          <gpxtpx:TrackPointExtension>
            <gpxtpx:hr>180</gpxtpx:hr>
          </gpxtpx:TrackPointExtension>
        </extensions>
      </trkpt>
      <trkpt lat="30.478008755775864" lon="104.02170004696282">
        <ele>481.75563990697265</ele>
        <time>1970-01-01T00:23:50Z</time>
        <extensions>
          <gpxtpx:TrackPointExtension>
            <gpxtpx:hr>180</gpxtpx:hr>
          </gpxtpx:TrackPointExtension>
        </extensions>
      </trkpt>
      <trkpt lat="30.478014612681356" lon="104.02173081445025">
        <ele>481.75423475168645</ele>
        <time>1970-01-01T00:23:51Z</time>
        <extensions>
          <gpxtpx:TrackPointExtension>
            <gpxtpx:hr>182</gpxtpx:hr>
          </gpxtpx:TrackPointExtension>
        </extensions>
      </trkpt>
      <trkpt lat="30.4780223587752" lon="104.02176332532265">
        <ele>481.7552149416879</ele>
        <time>1970-01-01T00:23:52Z</time>
        <extensions>
          <gpxtpx:TrackPointExtension>
            <gpxtpx:hr>182</gpxtpx:hr>
          </gpxtpx:TrackPointExtension>
        </extensions>
      </trkpt>
      <trkpt lat="30.47803098406911" lon="104.02179912932783">
        <ele>481.7583674499765</ele>
        <time>1970-01-01T00:23:53Z</time>
        <extensions>
          <gpxtpx:TrackPointExtension>
            <gpxtpx:hr>182</gpxtpx:hr>
          </gpxtpx:TrackPointExtension>
        </extensions>
      </trkpt>
      <trkpt lat="30.478039443187075" lon="104.02183602071611">
        <ele>481.76333171874285</ele>
        <time>1970-01-01T00:23:54Z</time>
        <extensions>
          <gpxtpx:TrackPointExtension>
            <gpxtpx:hr>182</gpxtpx:hr>
          </gpxtpx:TrackPointExtension>
        </extensions>
      </trkpt>
      <trkpt lat="30.47804817075691" lon="104.02187109877146">
        <ele>481.7694079093635</ele>
        <time>1970-01-01T00:23:55Z</time>
        <extensions>
          <gpxtpx:TrackPointExtension>
            <gpxtpx:hr>182</gpxtpx:hr>
          </gpxtpx:TrackPointExtension>
        </extensions>
      </trkpt>
      <trkpt lat="30.47805730831984" lon="104.02190410163414">
        <ele>481.77589101716876</ele>
        <time>1970-01-01T00:23:56Z</time>
        <extensions>
          <gpxtpx:TrackPointExtension>
            <gpxtpx:hr>182</gpxtpx:hr>
          </gpxtpx:TrackPointExtension>
        </extensions>
      </trkpt>
      <trkpt lat="30.478067113593426" lon="104.02193645285016">
        <ele>481.7823428250849</ele>
        <time>1970-01-01T00:23:57Z</time>
        <extensions>
          <gpxtpx:TrackPointExtension>
            <gpxtpx:hr>182</gpxtpx:hr>
          </gpxtpx:TrackPointExtension>
        </extensions>
      </trkpt>
      <trkpt lat="30.478077437145835" lon="104.0219696879573">
        <ele>481.78849499393255</ele>
        <time>1970-01-01T00:23:58Z</time>
        <extensions>
          <gpxtpx:TrackPointExtension>
            <gpxtpx:hr>182</gpxtpx:hr>
          </gpxtpx:TrackPointExtension>
        </extensions>
      </trkpt>
      <trkpt lat="30.478088171437886" lon="104.02200375433976">
        <ele>481.7940285988152</ele>
        <time>1970-01-01T00:23:59Z</time>
        <extensions>
          <gpxtpx:TrackPointExtension>
            <gpxtpx:hr>182</gpxtpx:hr>
          </gpxtpx:TrackPointExtension>
        </extensions>
      </trkpt>
      <trkpt lat="30.478099391771774" lon="104.02203788660819">
        <ele>481.79858569428325</ele>
        <time>1970-01-01T00:24:00Z</time>
        <extensions>
          <gpxtpx:TrackPointExtension>
            <gpxtpx:hr>182</gpxtpx:hr>
          </gpxtpx:TrackPointExtension>
        </extensions>
      </trkpt>
      <trkpt lat="30.478110865830757" lon="104.02207095390612">
        <ele>481.8018369274214</ele>
        <time>1970-01-01T00:24:01Z</time>
        <extensions>
          <gpxtpx:TrackPointExtension>
            <gpxtpx:hr>182</gpxtpx:hr>
          </gpxtpx:TrackPointExtension>
        </extensions>
      </trkpt>
      <trkpt lat="30.4781228979931" lon="104.02210175210978">
        <ele>481.80351252947</ele>
        <time>1970-01-01T00:24:02Z</time>
        <extensions>
          <gpxtpx:TrackPointExtension>
            <gpxtpx:hr>182</gpxtpx:hr>
          </gpxtpx:TrackPointExtension>
        </extensions>
      </trkpt>
      <trkpt lat="30.478135283932943" lon="104.02213158638679">
        <ele>481.80347734410316</ele>
        <time>1970-01-01T00:24:03Z</time>
        <extensions>
          <gpxtpx:TrackPointExtension>
            <gpxtpx:hr>182</gpxtpx:hr>
          </gpxtpx:TrackPointExtension>
        </extensions>
      </trkpt>
      <trkpt lat="30.478148005782913" lon="104.02216240760056">
        <ele>481.80189535114914</ele>
        <time>1970-01-01T00:24:04Z</time>
        <extensions>
          <gpxtpx:TrackPointExtension>
            <gpxtpx:hr>181</gpxtpx:hr>
          </gpxtpx:TrackPointExtension>
        </extensions>
      </trkpt>
      <trkpt lat="30.478160657142926" lon="104.02219425183968">
        <ele>481.7992474362254</ele>
        <time>1970-01-01T00:24:05Z</time>
        <extensions>
          <gpxtpx:TrackPointExtension>
            <gpxtpx:hr>181</gpxtpx:hr>
          </gpxtpx:TrackPointExtension>
        </extensions>
      </trkpt>
      <trkpt lat="30.478173036510345" lon="104.02222679929945">
        <ele>481.7960706911981</ele>
        <time>1970-01-01T00:24:06Z</time>
        <extensions>
          <gpxtpx:TrackPointExtension>
            <gpxtpx:hr>181</gpxtpx:hr>
          </gpxtpx:TrackPointExtension>
        </extensions>
      </trkpt>
      <trkpt lat="30.478185371926006" lon="104.02225985684444">
        <ele>481.79272128548473</ele>
        <time>1970-01-01T00:24:07Z</time>
        <extensions>
          <gpxtpx:TrackPointExtension>
            <gpxtpx:hr>181</gpxtpx:hr>
          </gpxtpx:TrackPointExtension>
        </extensions>
      </trkpt>
      <trkpt lat="30.478197888216762" lon="104.02229213826206">
        <ele>481.7893220121041</ele>
        <time>1970-01-01T00:24:08Z</time>
        <extensions>
          <gpxtpx:TrackPointExtension>
            <gpxtpx:hr>181</gpxtpx:hr>
          </gpxtpx:TrackPointExtension>
        </extensions>
      </trkpt>
      <trkpt lat="30.47821118056345" lon="104.02232223234928">
        <ele>481.7857680618763</ele>
        <time>1970-01-01T00:24:09Z</time>
        <extensions>
          <gpxtpx:TrackPointExtension>
            <gpxtpx:hr>181</gpxtpx:hr>
          </gpxtpx:TrackPointExtension>
        </extensions>
      </trkpt>
      <trkpt lat="30.478224642057558" lon="104.02234983285331">
        <ele>481.7818747870624</ele>
        <time>1970-01-01T00:24:10Z</time>
        <extensions>
          <gpxtpx:TrackPointExtension>
            <gpxtpx:hr>181</gpxtpx:hr>
          </gpxtpx:TrackPointExtension>
        </extensions>
      </trkpt>
      <trkpt lat="30.478238776500458" lon="104.0223766031356">
        <ele>481.77750628907233</ele>
        <time>1970-01-01T00:24:11Z</time>
        <extensions>
          <gpxtpx:TrackPointExtension>
            <gpxtpx:hr>181</gpxtpx:hr>
          </gpxtpx:TrackPointExtension>
        </extensions>
      </trkpt>
      <trkpt lat="30.47825404834286" lon="104.0224049076954">
        <ele>481.77269223704934</ele>
        <time>1970-01-01T00:24:12Z</time>
        <extensions>
          <gpxtpx:TrackPointExtension>
            <gpxtpx:hr>181</gpxtpx:hr>
          </gpxtpx:TrackPointExtension>
        </extensions>
      </trkpt>
      <trkpt lat="30.47826968323995" lon="104.02243559571217">
        <ele>481.7675017323345</ele>
        <time>1970-01-01T00:24:13Z</time>
        <extensions>
          <gpxtpx:TrackPointExtension>
            <gpxtpx:hr>180</gpxtpx:hr>
          </gpxtpx:TrackPointExtension>
        </extensions>
      </trkpt>
      <trkpt lat="30.478285194679717" lon="104.02246788440483">
        <ele>481.762031798251</ele>
        <time>1970-01-01T00:24:14Z</time>
        <extensions>
          <gpxtpx:TrackPointExtension>
            <gpxtpx:hr>180</gpxtpx:hr>
          </gpxtpx:TrackPointExtension>
        </extensions>
      </trkpt>
      <trkpt lat="30.478300600510654" lon="104.02249965810348">
        <ele>481.7564591374248</ele>
        <time>1970-01-01T00:24:15Z</time>
        <extensions>
          <gpxtpx:TrackPointExtension>
            <gpxtpx:hr>180</gpxtpx:hr>
          </gpxtpx:TrackPointExtension>
        </extensions>
      </trkpt>
      <trkpt lat="30.478316997396103" lon="104.02252998037642">
        <ele>481.75093436054885</ele>
        <time>1970-01-01T00:24:16Z</time>
        <extensions>
          <gpxtpx:TrackPointExtension>
            <gpxtpx:hr>180</gpxtpx:hr>
          </gpxtpx:TrackPointExtension>
        </extensions>
      </trkpt>
      <trkpt lat="30.47833453071815" lon="104.02255920265064">
        <ele>481.74533926323056</ele>
        <time>1970-01-01T00:24:17Z</time>
        <extensions>
          <gpxtpx:TrackPointExtension>
            <gpxtpx:hr>180</gpxtpx:hr>
          </gpxtpx:TrackPointExtension>
        </extensions>
      </trkpt>
      <trkpt lat="30.478353309014583" lon="104.02258736701941">
        <ele>481.74001484084874</ele>
        <time>1970-01-01T00:24:18Z</time>
        <extensions>
          <gpxtpx:TrackPointExtension>
            <gpxtpx:hr>180</gpxtpx:hr>
          </gpxtpx:TrackPointExtension>
        </extensions>
      </trkpt>
      <trkpt lat="30.4783729993209" lon="104.02261446618205">
        <ele>481.73535230290145</ele>
        <time>1970-01-01T00:24:19Z</time>
        <extensions>
          <gpxtpx:TrackPointExtension>
            <gpxtpx:hr>181</gpxtpx:hr>
          </gpxtpx:TrackPointExtension>
        </extensions>
      </trkpt>
      <trkpt lat="30.478392914504187" lon="104.02264038989645">
        <ele>481.7317143213004</ele>
        <time>1970-01-01T00:24:20Z</time>
        <extensions>
          <gpxtpx:TrackPointExtension>
            <gpxtpx:hr>181</gpxtpx:hr>
          </gpxtpx:TrackPointExtension>
        </extensions>
      </trkpt>
      <trkpt lat="30.478413684950365" lon="104.02266562896827">
        <ele>481.7294898862019</ele>
        <time>1970-01-01T00:24:21Z</time>
        <extensions>
          <gpxtpx:TrackPointExtension>
            <gpxtpx:hr>181</gpxtpx:hr>
          </gpxtpx:TrackPointExtension>
        </extensions>
      </trkpt>
      <trkpt lat="30.478435428868963" lon="104.02269050315881">
        <ele>481.72944481670856</ele>
        <time>1970-01-01T00:24:22Z</time>
        <extensions>
          <gpxtpx:TrackPointExtension>
            <gpxtpx:hr>181</gpxtpx:hr>
          </gpxtpx:TrackPointExtension>
        </extensions>
      </trkpt>
      <trkpt lat="30.478457836936386" lon="104.02271513281357">
        <ele>481.7323344601318</ele>
        <time>1970-01-01T00:24:23Z</time>
        <extensions>
          <gpxtpx:TrackPointExtension>
            <gpxtpx:hr>181</gpxtpx:hr>
          </gpxtpx:TrackPointExtension>
        </extensions>
      </trkpt>
      <trkpt lat="30.47848075434518" lon="104.02274004316806">
        <ele>481.7389510627836</ele>
        <time>1970-01-01T00:24:24Z</time>
        <extensions>
          <gpxtpx:TrackPointExtension>
            <gpxtpx:hr>181</gpxtpx:hr>
          </gpxtpx:TrackPointExtension>
        </extensions>
      </trkpt>
      <trkpt lat="30.47850399533817" lon="104.02276498917517">
        <ele>481.74984945263714</ele>
        <time>1970-01-01T00:24:25Z</time>
        <extensions>
          <gpxtpx:TrackPointExtension>
            <gpxtpx:hr>181</gpxtpx:hr>
          </gpxtpx:TrackPointExtension>
        </extensions>
      </trkpt>
      <trkpt lat="30.478527516651425" lon="104.02278943412594">
        <ele>481.76509286649525</ele>
        <time>1970-01-01T00:24:26Z</time>
        <extensions>
          <gpxtpx:TrackPointExtension>
            <gpxtpx:hr>181</gpxtpx:hr>
          </gpxtpx:TrackPointExtension>
        </extensions>
      </trkpt>
      <trkpt lat="30.478551690036838" lon="104.02281267976802">
        <ele>481.7840915285051</ele>
        <time>1970-01-01T00:24:27Z</time>
        <extensions>
          <gpxtpx:TrackPointExtension>
            <gpxtpx:hr>181</gpxtpx:hr>
          </gpxtpx:TrackPointExtension>
        </extensions>
      </trkpt>
      <trkpt lat="30.478576277917952" lon="104.0228342564852">
        <ele>481.805408093147</ele>
        <time>1970-01-01T00:24:28Z</time>
        <extensions>
          <gpxtpx:TrackPointExtension>
            <gpxtpx:hr>181</gpxtpx:hr>
          </gpxtpx:TrackPointExtension>
        </extensions>
      </trkpt>
      <trkpt lat="30.47860057795295" lon="104.02285476246075">
        <ele>481.8271968765184</ele>
        <time>1970-01-01T00:24:29Z</time>
        <extensions>
          <gpxtpx:TrackPointExtension>
            <gpxtpx:hr>181</gpxtpx:hr>
          </gpxtpx:TrackPointExtension>
        </extensions>
      </trkpt>
      <trkpt lat="30.47862437626848" lon="104.02287498707838">
        <ele>481.8477122411132</ele>
        <time>1970-01-01T00:24:30Z</time>
        <extensions>
          <gpxtpx:TrackPointExtension>
            <gpxtpx:hr>181</gpxtpx:hr>
          </gpxtpx:TrackPointExtension>
        </extensions>
      </trkpt>
      <trkpt lat="30.478647644341752" lon="104.02289546988814">
        <ele>481.8656218573451</ele>
        <time>1970-01-01T00:24:31Z</time>
        <extensions>
          <gpxtpx:TrackPointExtension>
            <gpxtpx:hr>180</gpxtpx:hr>
          </gpxtpx:TrackPointExtension>
        </extensions>
      </trkpt>
      <trkpt lat="30.47867056228296" lon="104.02291613797952">
        <ele>481.88012328743935</ele>
        <time>1970-01-01T00:24:32Z</time>
        <extensions>
          <gpxtpx:TrackPointExtension>
            <gpxtpx:hr>180</gpxtpx:hr>
          </gpxtpx:TrackPointExtension>
        </extensions>
      </trkpt>
      <trkpt lat="30.478693277118257" lon="104.0229371619479">
        <ele>481.89085276890546</ele>
        <time>1970-01-01T00:24:33Z</time>
        <extensions>
          <gpxtpx:TrackPointExtension>
            <gpxtpx:hr>180</gpxtpx:hr>
          </gpxtpx:TrackPointExtension>
        </extensions>
      </trkpt>
      <trkpt lat="30.47871648457544" lon="104.02295933966697">
        <ele>481.8977790605277</ele>
        <time>1970-01-01T00:24:34Z</time>
        <extensions>
          <gpxtpx:TrackPointExtension>
            <gpxtpx:hr>180</gpxtpx:hr>
          </gpxtpx:TrackPointExtension>
        </extensions>
      </trkpt>
      <trkpt lat="30.478739951857047" lon="104.02298220174595">
        <ele>481.90109570138156</ele>
        <time>1970-01-01T00:24:35Z</time>
        <extensions>
          <gpxtpx:TrackPointExtension>
            <gpxtpx:hr>180</gpxtpx:hr>
          </gpxtpx:TrackPointExtension>
        </extensions>
      </trkpt>
      <trkpt lat="30.478763189059983" lon="104.02300416712768">
        <ele>481.9010144248605</ele>
        <time>1970-01-01T00:24:36Z</time>
        <extensions>
          <gpxtpx:TrackPointExtension>
            <gpxtpx:hr>180</gpxtpx:hr>
          </gpxtpx:TrackPointExtension>
        </extensions>
      </trkpt>
      <trkpt lat="30.478786067809207" lon="104.0230236838122">
        <ele>481.89777776412666</ele>
        <time>1970-01-01T00:24:37Z</time>
        <extensions>
          <gpxtpx:TrackPointExtension>
            <gpxtpx:hr>180</gpxtpx:hr>
          </gpxtpx:TrackPointExtension>
        </extensions>
      </trkpt>
      <trkpt lat="30.478808565388437" lon="104.0230400895836">
        <ele>481.8917191531509</ele>
        <time>1970-01-01T00:24:38Z</time>
        <extensions>
          <gpxtpx:TrackPointExtension>
            <gpxtpx:hr>180</gpxtpx:hr>
          </gpxtpx:TrackPointExtension>
        </extensions>
      </trkpt>
      <trkpt lat="30.47883142217766" lon="104.0230541618777">
        <ele>481.88321637548506</ele>
        <time>1970-01-01T00:24:39Z</time>
        <extensions>
          <gpxtpx:TrackPointExtension>
            <gpxtpx:hr>180</gpxtpx:hr>
          </gpxtpx:TrackPointExtension>
        </extensions>
      </trkpt>
      <trkpt lat="30.478855199036804" lon="104.02306814037296">
        <ele>481.8725751321763</ele>
        <time>1970-01-01T00:24:40Z</time>
        <extensions>
          <gpxtpx:TrackPointExtension>
            <gpxtpx:hr>180</gpxtpx:hr>
          </gpxtpx:TrackPointExtension>
        </extensions>
      </trkpt>
      <trkpt lat="30.478880406469518" lon="104.0230839249349">
        <ele>481.85994511377066</ele>
        <time>1970-01-01T00:24:41Z</time>
        <extensions>
          <gpxtpx:TrackPointExtension>
            <gpxtpx:hr>180</gpxtpx:hr>
          </gpxtpx:TrackPointExtension>
        </extensions>
      </trkpt>
      <trkpt lat="30.47890605096889" lon="104.02310157009438">
        <ele>481.8454457325861</ele>
        <time>1970-01-01T00:24:42Z</time>
        <extensions>
          <gpxtpx:TrackPointExtension>
            <gpxtpx:hr>180</gpxtpx:hr>
          </gpxtpx:TrackPointExtension>
        </extensions>
      </trkpt>
      <trkpt lat="30.47893159022024" lon="104.02311988388438">
        <ele>481.82926624361426</ele>
        <time>1970-01-01T00:24:43Z</time>
        <extensions>
          <gpxtpx:TrackPointExtension>
            <gpxtpx:hr>181</gpxtpx:hr>
          </gpxtpx:TrackPointExtension>
        </extensions>
      </trkpt>
      <trkpt lat="30.478957341945737" lon="104.02313752529422">
        <ele>481.8117032982409</ele>
        <time>1970-01-01T00:24:44Z</time>
        <extensions>
          <gpxtpx:TrackPointExtension>
            <gpxtpx:hr>181</gpxtpx:hr>
          </gpxtpx:TrackPointExtension>
        </extensions>
      </trkpt>
      <trkpt lat="30.478984244570817" lon="104.02315407945433">
        <ele>481.79314190894365</ele>
        <time>1970-01-01T00:24:45Z</time>
        <extensions>
          <gpxtpx:TrackPointExtension>
            <gpxtpx:hr>181</gpxtpx:hr>
          </gpxtpx:TrackPointExtension>
        </extensions>
      </trkpt>
      <trkpt lat="30.479012561284144" lon="104.02316943010239">
        <ele>481.77402475941926</ele>
        <time>1970-01-01T00:24:46Z</time>
        <extensions>
          <gpxtpx:TrackPointExtension>
            <gpxtpx:hr>181</gpxtpx:hr>
          </gpxtpx:TrackPointExtension>
        </extensions>
      </trkpt>
      <trkpt lat="30.47904097936771" lon="104.02318391629221">
        <ele>481.7547387043014</ele>
        <time>1970-01-01T00:24:47Z</time>
        <extensions>
          <gpxtpx:TrackPointExtension>
            <gpxtpx:hr>181</gpxtpx:hr>
          </gpxtpx:TrackPointExtension>
        </extensions>
      </trkpt>
      <trkpt lat="30.479069272088903" lon="104.0231973452505">
        <ele>481.73551363218576</ele>
        <time>1970-01-01T00:24:48Z</time>
        <extensions>
          <gpxtpx:TrackPointExtension>
            <gpxtpx:hr>181</gpxtpx:hr>
          </gpxtpx:TrackPointExtension>
        </extensions>
      </trkpt>
      <trkpt lat="30.47909681879463" lon="104.02320935249584">
        <ele>481.7164350282401</ele>
        <time>1970-01-01T00:24:49Z</time>
        <extensions>
          <gpxtpx:TrackPointExtension>
            <gpxtpx:hr>182</gpxtpx:hr>
          </gpxtpx:TrackPointExtension>
        </extensions>
      </trkpt>
      <trkpt lat="30.47912424827885" lon="104.0232202895129">
        <ele>481.69747736956924</ele>
        <time>1970-01-01T00:24:50Z</time>
        <extensions>
          <gpxtpx:TrackPointExtension>
            <gpxtpx:hr>182</gpxtpx:hr>
          </gpxtpx:TrackPointExtension>
        </extensions>
      </trkpt>
      <trkpt lat="30.479152907735255" lon="104.02323079860707">
        <ele>481.67867259774357</ele>
        <time>1970-01-01T00:24:51Z</time>
        <extensions>
          <gpxtpx:TrackPointExtension>
            <gpxtpx:hr>182</gpxtpx:hr>
          </gpxtpx:TrackPointExtension>
        </extensions>
      </trkpt>
      <trkpt lat="30.479182233320135" lon="104.02324104444716">
        <ele>481.6601066282019</ele>
        <time>1970-01-01T00:24:52Z</time>
        <extensions>
          <gpxtpx:TrackPointExtension>
            <gpxtpx:hr>181</gpxtpx:hr>
          </gpxtpx:TrackPointExtension>
        </extensions>
      </trkpt>
      <trkpt lat="30.47921146635431" lon="104.02325076619162">
        <ele>481.6418679403141</ele>
        <time>1970-01-01T00:24:53Z</time>
        <extensions>
          <gpxtpx:TrackPointExtension>
            <gpxtpx:hr>181</gpxtpx:hr>
          </gpxtpx:TrackPointExtension>
        </extensions>
      </trkpt>
      <trkpt lat="30.479240017614917" lon="104.02326103344785">
        <ele>481.6241373959929</ele>
        <time>1970-01-01T00:24:54Z</time>
        <extensions>
          <gpxtpx:TrackPointExtension>
            <gpxtpx:hr>181</gpxtpx:hr>
          </gpxtpx:TrackPointExtension>
        </extensions>
      </trkpt>
      <trkpt lat="30.479268646374734" lon="104.02327266438635">
        <ele>481.6070895381272</ele>
        <time>1970-01-01T00:24:55Z</time>
        <extensions>
          <gpxtpx:TrackPointExtension>
            <gpxtpx:hr>181</gpxtpx:hr>
          </gpxtpx:TrackPointExtension>
        </extensions>
      </trkpt>
      <trkpt lat="30.47929778132112" lon="104.02328499499087">
        <ele>481.59096891619265</ele>
        <time>1970-01-01T00:24:56Z</time>
        <extensions>
          <gpxtpx:TrackPointExtension>
            <gpxtpx:hr>182</gpxtpx:hr>
          </gpxtpx:TrackPointExtension>
        </extensions>
      </trkpt>
      <trkpt lat="30.47932706254495" lon="104.023295819269">
        <ele>481.57610637228936</ele>
        <time>1970-01-01T00:24:57Z</time>
        <extensions>
          <gpxtpx:TrackPointExtension>
            <gpxtpx:hr>182</gpxtpx:hr>
          </gpxtpx:TrackPointExtension>
        </extensions>
      </trkpt>
      <trkpt lat="30.479356595824143" lon="104.02330317060057">
        <ele>481.5629101609811</ele>
        <time>1970-01-01T00:24:58Z</time>
        <extensions>
          <gpxtpx:TrackPointExtension>
            <gpxtpx:hr>182</gpxtpx:hr>
          </gpxtpx:TrackPointExtension>
        </extensions>
      </trkpt>
      <trkpt lat="30.479386656484348" lon="104.02330819682726">
        <ele>481.55166253075004</ele>
        <time>1970-01-01T00:24:59Z</time>
        <extensions>
          <gpxtpx:TrackPointExtension>
            <gpxtpx:hr>182</gpxtpx:hr>
          </gpxtpx:TrackPointExtension>
        </extensions>
      </trkpt>
      <trkpt lat="30.479417591602413" lon="104.0233140151689">
        <ele>481.54256282094866</ele>
        <time>1970-01-01T00:25:00Z</time>
        <extensions>
          <gpxtpx:TrackPointExtension>
            <gpxtpx:hr>182</gpxtpx:hr>
          </gpxtpx:TrackPointExtension>
        </extensions>
      </trkpt>
      <trkpt lat="30.479449323990753" lon="104.02332273488534">
        <ele>481.53573665209115</ele>
        <time>1970-01-01T00:25:01Z</time>
        <extensions>
          <gpxtpx:TrackPointExtension>
            <gpxtpx:hr>181</gpxtpx:hr>
          </gpxtpx:TrackPointExtension>
        </extensions>
      </trkpt>
      <trkpt lat="30.47948114392719" lon="104.02333410043975">
        <ele>481.5313024446368</ele>
        <time>1970-01-01T00:25:02Z</time>
        <extensions>
          <gpxtpx:TrackPointExtension>
            <gpxtpx:hr>181</gpxtpx:hr>
          </gpxtpx:TrackPointExtension>
        </extensions>
      </trkpt>
      <trkpt lat="30.479511428643644" lon="104.02334655789205">
        <ele>481.5293878763914</ele>
        <time>1970-01-01T00:25:03Z</time>
        <extensions>
          <gpxtpx:TrackPointExtension>
            <gpxtpx:hr>181</gpxtpx:hr>
          </gpxtpx:TrackPointExtension>
        </extensions>
      </trkpt>
      <trkpt lat="30.479540936732825" lon="104.02335847589738">
        <ele>481.5297770360485</ele>
        <time>1970-01-01T00:25:04Z</time>
        <extensions>
          <gpxtpx:TrackPointExtension>
            <gpxtpx:hr>181</gpxtpx:hr>
          </gpxtpx:TrackPointExtension>
        </extensions>
      </trkpt>
      <trkpt lat="30.479570565048114" lon="104.02336931710728">
        <ele>481.53206656780094</ele>
        <time>1970-01-01T00:25:05Z</time>
        <extensions>
          <gpxtpx:TrackPointExtension>
            <gpxtpx:hr>181</gpxtpx:hr>
          </gpxtpx:TrackPointExtension>
        </extensions>
      </trkpt>
      <trkpt lat="30.479600367404448" lon="104.02337901775255">
        <ele>481.5357216130942</ele>
        <time>1970-01-01T00:25:06Z</time>
        <extensions>
          <gpxtpx:TrackPointExtension>
            <gpxtpx:hr>181</gpxtpx:hr>
          </gpxtpx:TrackPointExtension>
        </extensions>
      </trkpt>
      <trkpt lat="30.479630644302464" lon="104.0233871791766">
        <ele>481.5402393285185</ele>
        <time>1970-01-01T00:25:07Z</time>
        <extensions>
          <gpxtpx:TrackPointExtension>
            <gpxtpx:hr>181</gpxtpx:hr>
          </gpxtpx:TrackPointExtension>
        </extensions>
      </trkpt>
      <trkpt lat="30.479661245192375" lon="104.0233941581937">
        <ele>481.54516383074224</ele>
        <time>1970-01-01T00:25:08Z</time>
        <extensions>
          <gpxtpx:TrackPointExtension>
            <gpxtpx:hr>181</gpxtpx:hr>
          </gpxtpx:TrackPointExtension>
        </extensions>
      </trkpt>
      <trkpt lat="30.479691974328226" lon="104.02340077104819">
        <ele>481.55014427099377</ele>
        <time>1970-01-01T00:25:09Z</time>
        <extensions>
          <gpxtpx:TrackPointExtension>
            <gpxtpx:hr>181</gpxtpx:hr>
          </gpxtpx:TrackPointExtension>
        </extensions>
      </trkpt>
      <trkpt lat="30.479722250596485" lon="104.02340745040226">
        <ele>481.55488421954215</ele>
        <time>1970-01-01T00:25:10Z</time>
        <extensions>
          <gpxtpx:TrackPointExtension>
            <gpxtpx:hr>181</gpxtpx:hr>
          </gpxtpx:TrackPointExtension>
        </extensions>
      </trkpt>
      <trkpt lat="30.479752865542498" lon="104.02341399792549">
        <ele>481.55908654723316</ele>
        <time>1970-01-01T00:25:11Z</time>
        <extensions>
          <gpxtpx:TrackPointExtension>
            <gpxtpx:hr>181</gpxtpx:hr>
          </gpxtpx:TrackPointExtension>
        </extensions>
      </trkpt>
      <trkpt lat="30.479783889810818" lon="104.0234201462177">
        <ele>481.5622872589156</ele>
        <time>1970-01-01T00:25:12Z</time>
        <extensions>
          <gpxtpx:TrackPointExtension>
            <gpxtpx:hr>180</gpxtpx:hr>
          </gpxtpx:TrackPointExtension>
        </extensions>
      </trkpt>
      <trkpt lat="30.47981516230751" lon="104.02342584708587">
        <ele>481.5642071692273</ele>
        <time>1970-01-01T00:25:13Z</time>
        <extensions>
          <gpxtpx:TrackPointExtension>
            <gpxtpx:hr>180</gpxtpx:hr>
          </gpxtpx:TrackPointExtension>
        </extensions>
      </trkpt>
      <trkpt lat="30.479846345691605" lon="104.02343122982779">
        <ele>481.56480060890317</ele>
        <time>1970-01-01T00:25:14Z</time>
        <extensions>
          <gpxtpx:TrackPointExtension>
            <gpxtpx:hr>180</gpxtpx:hr>
          </gpxtpx:TrackPointExtension>
        </extensions>
      </trkpt>
      <trkpt lat="30.47987709991009" lon="104.02343583099272">
        <ele>481.5641443738714</ele>
        <time>1970-01-01T00:25:15Z</time>
        <extensions>
          <gpxtpx:TrackPointExtension>
            <gpxtpx:hr>180</gpxtpx:hr>
          </gpxtpx:TrackPointExtension>
        </extensions>
      </trkpt>
      <trkpt lat="30.479907405845083" lon="104.0234388583947">
        <ele>481.56221642531455</ele>
        <time>1970-01-01T00:25:16Z</time>
        <extensions>
          <gpxtpx:TrackPointExtension>
            <gpxtpx:hr>180</gpxtpx:hr>
          </gpxtpx:TrackPointExtension>
        </extensions>
      </trkpt>
      <trkpt lat="30.479937516015333" lon="104.02344020727273">
        <ele>481.55895697697997</ele>
        <time>1970-01-01T00:25:17Z</time>
        <extensions>
          <gpxtpx:TrackPointExtension>
            <gpxtpx:hr>180</gpxtpx:hr>
          </gpxtpx:TrackPointExtension>
        </extensions>
      </trkpt>
      <trkpt lat="30.479968616331675" lon="104.02344043369217">
        <ele>481.5541299302131</ele>
        <time>1970-01-01T00:25:18Z</time>
        <extensions>
          <gpxtpx:TrackPointExtension>
            <gpxtpx:hr>180</gpxtpx:hr>
          </gpxtpx:TrackPointExtension>
        </extensions>
      </trkpt>
      <trkpt lat="30.480000403240624" lon="104.02344107855683">
        <ele>481.5474416036159</ele>
        <time>1970-01-01T00:25:19Z</time>
        <extensions>
          <gpxtpx:TrackPointExtension>
            <gpxtpx:hr>180</gpxtpx:hr>
          </gpxtpx:TrackPointExtension>
        </extensions>
      </trkpt>
      <trkpt lat="30.480032308041025" lon="104.0234429335569">
        <ele>481.53869147691876</ele>
        <time>1970-01-01T00:25:20Z</time>
        <extensions>
          <gpxtpx:TrackPointExtension>
            <gpxtpx:hr>180</gpxtpx:hr>
          </gpxtpx:TrackPointExtension>
        </extensions>
      </trkpt>
      <trkpt lat="30.48006353074236" lon="104.02344512549033">
        <ele>481.52771201357245</ele>
        <time>1970-01-01T00:25:21Z</time>
        <extensions>
          <gpxtpx:TrackPointExtension>
            <gpxtpx:hr>181</gpxtpx:hr>
          </gpxtpx:TrackPointExtension>
        </extensions>
      </trkpt>
      <trkpt lat="30.48009397929948" lon="104.02344617639801">
        <ele>481.51484753564</ele>
        <time>1970-01-01T00:25:22Z</time>
        <extensions>
          <gpxtpx:TrackPointExtension>
            <gpxtpx:hr>181</gpxtpx:hr>
          </gpxtpx:TrackPointExtension>
        </extensions>
      </trkpt>
      <trkpt lat="30.48012380455333" lon="104.02344510019448">
        <ele>481.500800463371</ele>
        <time>1970-01-01T00:25:23Z</time>
        <extensions>
          <gpxtpx:TrackPointExtension>
            <gpxtpx:hr>181</gpxtpx:hr>
          </gpxtpx:TrackPointExtension>
        </extensions>
      </trkpt>
      <trkpt lat="30.480153742337453" lon="104.02344233751133">
        <ele>481.4865310266614</ele>
        <time>1970-01-01T00:25:24Z</time>
        <extensions>
          <gpxtpx:TrackPointExtension>
            <gpxtpx:hr>181</gpxtpx:hr>
          </gpxtpx:TrackPointExtension>
        </extensions>
      </trkpt>
      <trkpt lat="30.48018482857134" lon="104.02343876258966">
        <ele>481.47296981699765</ele>
        <time>1970-01-01T00:25:25Z</time>
        <extensions>
          <gpxtpx:TrackPointExtension>
            <gpxtpx:hr>181</gpxtpx:hr>
          </gpxtpx:TrackPointExtension>
        </extensions>
      </trkpt>
      <trkpt lat="30.480216763692443" lon="104.02343492954581">
        <ele>481.46105295140296</ele>
        <time>1970-01-01T00:25:26Z</time>
        <extensions>
          <gpxtpx:TrackPointExtension>
            <gpxtpx:hr>181</gpxtpx:hr>
          </gpxtpx:TrackPointExtension>
        </extensions>
      </trkpt>
      <trkpt lat="30.480249310579687" lon="104.02343136841841">
        <ele>481.4515281673521</ele>
        <time>1970-01-01T00:25:27Z</time>
        <extensions>
          <gpxtpx:TrackPointExtension>
            <gpxtpx:hr>181</gpxtpx:hr>
          </gpxtpx:TrackPointExtension>
        </extensions>
      </trkpt>
      <trkpt lat="30.48028137432814" lon="104.02342813610882">
        <ele>481.4448824953288</ele>
        <time>1970-01-01T00:25:28Z</time>
        <extensions>
          <gpxtpx:TrackPointExtension>
            <gpxtpx:hr>182</gpxtpx:hr>
          </gpxtpx:TrackPointExtension>
        </extensions>
      </trkpt>
      <trkpt lat="30.480312779900864" lon="104.02342432934027">
        <ele>481.4412594875321</ele>
        <time>1970-01-01T00:25:29Z</time>
        <extensions>
          <gpxtpx:TrackPointExtension>
            <gpxtpx:hr>182</gpxtpx:hr>
          </gpxtpx:TrackPointExtension>
        </extensions>
      </trkpt>
      <trkpt lat="30.48034310904572" lon="104.02341952757769">
        <ele>481.440705970861</ele>
        <time>1970-01-01T00:25:30Z</time>
        <extensions>
          <gpxtpx:TrackPointExtension>
            <gpxtpx:hr>182</gpxtpx:hr>
          </gpxtpx:TrackPointExtension>
        </extensions>
      </trkpt>
      <trkpt lat="30.480372316778087" lon="104.02341384171027">
        <ele>481.4429783979431</ele>
        <time>1970-01-01T00:25:31Z</time>
        <extensions>
          <gpxtpx:TrackPointExtension>
            <gpxtpx:hr>182</gpxtpx:hr>
          </gpxtpx:TrackPointExtension>
        </extensions>
      </trkpt>
      <trkpt lat="30.480401684027093" lon="104.02340719889335">
        <ele>481.4473654879257</ele>
        <time>1970-01-01T00:25:32Z</time>
        <extensions>
          <gpxtpx:TrackPointExtension>
            <gpxtpx:hr>182</gpxtpx:hr>
          </gpxtpx:TrackPointExtension>
        </extensions>
      </trkpt>
      <trkpt lat="30.48043127053261" lon="104.02339930874135">
        <ele>481.45290009956807</ele>
        <time>1970-01-01T00:25:33Z</time>
        <extensions>
          <gpxtpx:TrackPointExtension>
            <gpxtpx:hr>182</gpxtpx:hr>
          </gpxtpx:TrackPointExtension>
        </extensions>
      </trkpt>
      <trkpt lat="30.480461092958205" lon="104.02338980331596">
        <ele>481.45874418132007</ele>
        <time>1970-01-01T00:25:34Z</time>
        <extensions>
          <gpxtpx:TrackPointExtension>
            <gpxtpx:hr>182</gpxtpx:hr>
          </gpxtpx:TrackPointExtension>
        </extensions>
      </trkpt>
      <trkpt lat="30.480490926952395" lon="104.02337912196144">
        <ele>481.46452825237066</ele>
        <time>1970-01-01T00:25:35Z</time>
        <extensions>
          <gpxtpx:TrackPointExtension>
            <gpxtpx:hr>182</gpxtpx:hr>
          </gpxtpx:TrackPointExtension>
        </extensions>
      </trkpt>
      <trkpt lat="30.480520830916422" lon="104.02336746890326">
        <ele>481.47017092164606</ele>
        <time>1970-01-01T00:25:36Z</time>
        <extensions>
          <gpxtpx:TrackPointExtension>
            <gpxtpx:hr>182</gpxtpx:hr>
          </gpxtpx:TrackPointExtension>
        </extensions>
      </trkpt>
      <trkpt lat="30.48055033307422" lon="104.02335488726936">
        <ele>481.4757606405765</ele>
        <time>1970-01-01T00:25:37Z</time>
        <extensions>
          <gpxtpx:TrackPointExtension>
            <gpxtpx:hr>182</gpxtpx:hr>
          </gpxtpx:TrackPointExtension>
        </extensions>
      </trkpt>
      <trkpt lat="30.480578944788483" lon="104.02334177607581">
        <ele>481.4814118258655</ele>
        <time>1970-01-01T00:25:38Z</time>
        <extensions>
          <gpxtpx:TrackPointExtension>
            <gpxtpx:hr>182</gpxtpx:hr>
          </gpxtpx:TrackPointExtension>
        </extensions>
      </trkpt>
      <trkpt lat="30.480607279390274" lon="104.02332794990285">
        <ele>481.48709203582257</ele>
        <time>1970-01-01T00:25:39Z</time>
        <extensions>
          <gpxtpx:TrackPointExtension>
            <gpxtpx:hr>182</gpxtpx:hr>
          </gpxtpx:TrackPointExtension>
        </extensions>
      </trkpt>
      <trkpt lat="30.480635674034772" lon="104.02331349407368">
        <ele>481.49253675621003</ele>
        <time>1970-01-01T00:25:40Z</time>
        <extensions>
          <gpxtpx:TrackPointExtension>
            <gpxtpx:hr>182</gpxtpx:hr>
          </gpxtpx:TrackPointExtension>
        </extensions>
      </trkpt>
      <trkpt lat="30.48066444082538" lon="104.02329908009138">
        <ele>481.49749393574893</ele>
        <time>1970-01-01T00:25:41Z</time>
        <extensions>
          <gpxtpx:TrackPointExtension>
            <gpxtpx:hr>182</gpxtpx:hr>
          </gpxtpx:TrackPointExtension>
        </extensions>
      </trkpt>
      <trkpt lat="30.48069273755701" lon="104.0232849693185">
        <ele>481.5019447924569</ele>
        <time>1970-01-01T00:25:42Z</time>
        <extensions>
          <gpxtpx:TrackPointExtension>
            <gpxtpx:hr>182</gpxtpx:hr>
          </gpxtpx:TrackPointExtension>
        </extensions>
      </trkpt>
      <trkpt lat="30.480720399592926" lon="104.02327000231736">
        <ele>481.5060253618285</ele>
        <time>1970-01-01T00:25:43Z</time>
        <extensions>
          <gpxtpx:TrackPointExtension>
            <gpxtpx:hr>181</gpxtpx:hr>
          </gpxtpx:TrackPointExtension>
        </extensions>
      </trkpt>
      <trkpt lat="30.48074773128467" lon="104.02325378555173">
        <ele>481.50993266981095</ele>
        <time>1970-01-01T00:25:44Z</time>
        <extensions>
          <gpxtpx:TrackPointExtension>
            <gpxtpx:hr>181</gpxtpx:hr>
          </gpxtpx:TrackPointExtension>
        </extensions>
      </trkpt>
      <trkpt lat="30.48077511298047" lon="104.02323656447061">
        <ele>481.5137603264302</ele>
        <time>1970-01-01T00:25:45Z</time>
        <extensions>
          <gpxtpx:TrackPointExtension>
            <gpxtpx:hr>181</gpxtpx:hr>
          </gpxtpx:TrackPointExtension>
        </extensions>
      </trkpt>
      <trkpt lat="30.480803125954385" lon="104.02321851336048">
        <ele>481.5174448825419</ele>
        <time>1970-01-01T00:25:46Z</time>
        <extensions>
          <gpxtpx:TrackPointExtension>
            <gpxtpx:hr>181</gpxtpx:hr>
          </gpxtpx:TrackPointExtension>
        </extensions>
      </trkpt>
      <trkpt lat="30.480831271094917" lon="104.02319978362576">
        <ele>481.5207645660266</ele>
        <time>1970-01-01T00:25:47Z</time>
        <extensions>
          <gpxtpx:TrackPointExtension>
            <gpxtpx:hr>181</gpxtpx:hr>
          </gpxtpx:TrackPointExtension>
        </extensions>
      </trkpt>
      <trkpt lat="30.48085909628963" lon="104.0231801724272">
        <ele>481.5235065417364</ele>
        <time>1970-01-01T00:25:48Z</time>
        <extensions>
          <gpxtpx:TrackPointExtension>
            <gpxtpx:hr>181</gpxtpx:hr>
          </gpxtpx:TrackPointExtension>
        </extensions>
      </trkpt>
      <trkpt lat="30.48088576028597" lon="104.02316041237843">
        <ele>481.5253802621737</ele>
        <time>1970-01-01T00:25:49Z</time>
        <extensions>
          <gpxtpx:TrackPointExtension>
            <gpxtpx:hr>181</gpxtpx:hr>
          </gpxtpx:TrackPointExtension>
        </extensions>
      </trkpt>
      <trkpt lat="30.480910403409425" lon="104.02314054809983">
        <ele>481.52624846436083</ele>
        <time>1970-01-01T00:25:50Z</time>
        <extensions>
          <gpxtpx:TrackPointExtension>
            <gpxtpx:hr>181</gpxtpx:hr>
          </gpxtpx:TrackPointExtension>
        </extensions>
      </trkpt>
      <trkpt lat="30.48093335563581" lon="104.02312016311272">
        <ele>481.52620188798755</ele>
        <time>1970-01-01T00:25:51Z</time>
        <extensions>
          <gpxtpx:TrackPointExtension>
            <gpxtpx:hr>181</gpxtpx:hr>
          </gpxtpx:TrackPointExtension>
        </extensions>
      </trkpt>
      <trkpt lat="30.48095635320845" lon="104.0230983858884">
        <ele>481.52560672163963</ele>
        <time>1970-01-01T00:25:52Z</time>
        <extensions>
          <gpxtpx:TrackPointExtension>
            <gpxtpx:hr>181</gpxtpx:hr>
          </gpxtpx:TrackPointExtension>
        </extensions>
      </trkpt>
      <trkpt lat="30.480979825128138" lon="104.02307440671171">
        <ele>481.5248665222898</ele>
        <time>1970-01-01T00:25:53Z</time>
        <extensions>
          <gpxtpx:TrackPointExtension>
            <gpxtpx:hr>181</gpxtpx:hr>
          </gpxtpx:TrackPointExtension>
        </extensions>
      </trkpt>
      <trkpt lat="30.481002589390528" lon="104.02304926284498">
        <ele>481.5245459526777</ele>
        <time>1970-01-01T00:25:54Z</time>
        <extensions>
          <gpxtpx:TrackPointExtension>
            <gpxtpx:hr>181</gpxtpx:hr>
          </gpxtpx:TrackPointExtension>
        </extensions>
      </trkpt>
      <trkpt lat="30.48102462725502" lon="104.02302367030745">
        <ele>481.5252404473722</ele>
        <time>1970-01-01T00:25:55Z</time>
        <extensions>
          <gpxtpx:TrackPointExtension>
            <gpxtpx:hr>181</gpxtpx:hr>
          </gpxtpx:TrackPointExtension>
        </extensions>
      </trkpt>
      <trkpt lat="30.48104648359023" lon="104.02299874458798">
        <ele>481.5274466490373</ele>
        <time>1970-01-01T00:25:56Z</time>
        <extensions>
          <gpxtpx:TrackPointExtension>
            <gpxtpx:hr>181</gpxtpx:hr>
          </gpxtpx:TrackPointExtension>
        </extensions>
      </trkpt>
      <trkpt lat="30.481068712562543" lon="104.02297503684127">
        <ele>481.5315769026056</ele>
        <time>1970-01-01T00:25:57Z</time>
        <extensions>
          <gpxtpx:TrackPointExtension>
            <gpxtpx:hr>181</gpxtpx:hr>
          </gpxtpx:TrackPointExtension>
        </extensions>
      </trkpt>
      <trkpt lat="30.481091283432125" lon="104.02295145090912">
        <ele>481.5375960795209</ele>
        <time>1970-01-01T00:25:58Z</time>
        <extensions>
          <gpxtpx:TrackPointExtension>
            <gpxtpx:hr>181</gpxtpx:hr>
          </gpxtpx:TrackPointExtension>
        </extensions>
      </trkpt>
      <trkpt lat="30.481113217580752" lon="104.02292713287096">
        <ele>481.54510058183223</ele>
        <time>1970-01-01T00:25:59Z</time>
        <extensions>
          <gpxtpx:TrackPointExtension>
            <gpxtpx:hr>181</gpxtpx:hr>
          </gpxtpx:TrackPointExtension>
        </extensions>
      </trkpt>
      <trkpt lat="30.481133992278075" lon="104.02290168706686">
        <ele>481.5533416364342</ele>
        <time>1970-01-01T00:26:00Z</time>
        <extensions>
          <gpxtpx:TrackPointExtension>
            <gpxtpx:hr>181</gpxtpx:hr>
          </gpxtpx:TrackPointExtension>
        </extensions>
      </trkpt>
      <trkpt lat="30.48115331236858" lon="104.0228752403351">
        <ele>481.56139116268605</ele>
        <time>1970-01-01T00:26:01Z</time>
        <extensions>
          <gpxtpx:TrackPointExtension>
            <gpxtpx:hr>181</gpxtpx:hr>
          </gpxtpx:TrackPointExtension>
        </extensions>
      </trkpt>
      <trkpt lat="30.4811715845325" lon="104.02284648143068">
        <ele>481.56820997036994</ele>
        <time>1970-01-01T00:26:02Z</time>
        <extensions>
          <gpxtpx:TrackPointExtension>
            <gpxtpx:hr>181</gpxtpx:hr>
          </gpxtpx:TrackPointExtension>
        </extensions>
      </trkpt>
      <trkpt lat="30.48118930402462" lon="104.02281590729764">
        <ele>481.5731251956895</ele>
        <time>1970-01-01T00:26:03Z</time>
        <extensions>
          <gpxtpx:TrackPointExtension>
            <gpxtpx:hr>181</gpxtpx:hr>
          </gpxtpx:TrackPointExtension>
        </extensions>
      </trkpt>
      <trkpt lat="30.48120697042192" lon="104.02278513610828">
        <ele>481.57579559180886</ele>
        <time>1970-01-01T00:26:04Z</time>
        <extensions>
          <gpxtpx:TrackPointExtension>
            <gpxtpx:hr>181</gpxtpx:hr>
          </gpxtpx:TrackPointExtension>
        </extensions>
      </trkpt>
      <trkpt lat="30.48122480794506" lon="104.02275443563154">
        <ele>481.576175945811</ele>
        <time>1970-01-01T00:26:05Z</time>
        <extensions>
          <gpxtpx:TrackPointExtension>
            <gpxtpx:hr>181</gpxtpx:hr>
          </gpxtpx:TrackPointExtension>
        </extensions>
      </trkpt>
      <trkpt lat="30.48124231149721" lon="104.02272426418031">
        <ele>481.5743721369654</ele>
        <time>1970-01-01T00:26:06Z</time>
        <extensions>
          <gpxtpx:TrackPointExtension>
            <gpxtpx:hr>181</gpxtpx:hr>
          </gpxtpx:TrackPointExtension>
        </extensions>
      </trkpt>
      <trkpt lat="30.48125945635355" lon="104.02269476306031">
        <ele>481.5707871420309</ele>
        <time>1970-01-01T00:26:07Z</time>
        <extensions>
          <gpxtpx:TrackPointExtension>
            <gpxtpx:hr>181</gpxtpx:hr>
          </gpxtpx:TrackPointExtension>
        </extensions>
      </trkpt>
      <trkpt lat="30.481275649095807" lon="104.02266641685851">
        <ele>481.5661705760285</ele>
        <time>1970-01-01T00:26:08Z</time>
        <extensions>
          <gpxtpx:TrackPointExtension>
            <gpxtpx:hr>181</gpxtpx:hr>
          </gpxtpx:TrackPointExtension>
        </extensions>
      </trkpt>
      <trkpt lat="30.48129060169132" lon="104.0226379692934">
        <ele>481.56147595960647</ele>
        <time>1970-01-01T00:26:09Z</time>
        <extensions>
          <gpxtpx:TrackPointExtension>
            <gpxtpx:hr>181</gpxtpx:hr>
          </gpxtpx:TrackPointExtension>
        </extensions>
      </trkpt>
      <trkpt lat="30.481304290960523" lon="104.02260812195293">
        <ele>481.55768378358334</ele>
        <time>1970-01-01T00:26:10Z</time>
        <extensions>
          <gpxtpx:TrackPointExtension>
            <gpxtpx:hr>181</gpxtpx:hr>
          </gpxtpx:TrackPointExtension>
        </extensions>
      </trkpt>
      <trkpt lat="30.48131669357056" lon="104.02257654600216">
        <ele>481.5553897814825</ele>
        <time>1970-01-01T00:26:11Z</time>
        <extensions>
          <gpxtpx:TrackPointExtension>
            <gpxtpx:hr>181</gpxtpx:hr>
          </gpxtpx:TrackPointExtension>
        </extensions>
      </trkpt>
      <trkpt lat="30.48132885803697" lon="104.02254355686235">
        <ele>481.5548402480781</ele>
        <time>1970-01-01T00:26:12Z</time>
        <extensions>
          <gpxtpx:TrackPointExtension>
            <gpxtpx:hr>181</gpxtpx:hr>
          </gpxtpx:TrackPointExtension>
        </extensions>
      </trkpt>
      <trkpt lat="30.481341849160223" lon="104.02251107903272">
        <ele>481.5558450007811</ele>
        <time>1970-01-01T00:26:13Z</time>
        <extensions>
          <gpxtpx:TrackPointExtension>
            <gpxtpx:hr>181</gpxtpx:hr>
          </gpxtpx:TrackPointExtension>
        </extensions>
      </trkpt>
      <trkpt lat="30.48135518309356" lon="104.02247954282137">
        <ele>481.5578809008002</ele>
        <time>1970-01-01T00:26:14Z</time>
        <extensions>
          <gpxtpx:TrackPointExtension>
            <gpxtpx:hr>180</gpxtpx:hr>
          </gpxtpx:TrackPointExtension>
        </extensions>
      </trkpt>
      <trkpt lat="30.48136747479871" lon="104.02244823557297">
        <ele>481.56036222260445</ele>
        <time>1970-01-01T00:26:15Z</time>
        <extensions>
          <gpxtpx:TrackPointExtension>
            <gpxtpx:hr>180</gpxtpx:hr>
          </gpxtpx:TrackPointExtension>
        </extensions>
      </trkpt>
      <trkpt lat="30.481378372500156" lon="104.02241564664308">
        <ele>481.5627451017499</ele>
        <time>1970-01-01T00:26:16Z</time>
        <extensions>
          <gpxtpx:TrackPointExtension>
            <gpxtpx:hr>180</gpxtpx:hr>
          </gpxtpx:TrackPointExtension>
        </extensions>
      </trkpt>
      <trkpt lat="30.481387999826474" lon="104.02238150929682">
        <ele>481.5645009325817</ele>
        <time>1970-01-01T00:26:17Z</time>
        <extensions>
          <gpxtpx:TrackPointExtension>
            <gpxtpx:hr>180</gpxtpx:hr>
          </gpxtpx:TrackPointExtension>
        </extensions>
      </trkpt>
      <trkpt lat="30.48139613354108" lon="104.02234695809813">
        <ele>481.5651027811691</ele>
        <time>1970-01-01T00:26:18Z</time>
        <extensions>
          <gpxtpx:TrackPointExtension>
            <gpxtpx:hr>182</gpxtpx:hr>
          </gpxtpx:TrackPointExtension>
        </extensions>
      </trkpt>
      <trkpt lat="30.481402746975142" lon="104.02231199029163">
        <ele>481.56420371867716</ele>
        <time>1970-01-01T00:26:19Z</time>
        <extensions>
          <gpxtpx:TrackPointExtension>
            <gpxtpx:hr>182</gpxtpx:hr>
          </gpxtpx:TrackPointExtension>
        </extensions>
      </trkpt>
      <trkpt lat="30.481407590618097" lon="104.0222768020072">
        <ele>481.56161119416356</ele>
        <time>1970-01-01T00:26:20Z</time>
        <extensions>
          <gpxtpx:TrackPointExtension>
            <gpxtpx:hr>182</gpxtpx:hr>
          </gpxtpx:TrackPointExtension>
        </extensions>
      </trkpt>
      <trkpt lat="30.481410705038787" lon="104.02224068802109">
        <ele>481.5573749197647</ele>
        <time>1970-01-01T00:26:21Z</time>
        <extensions>
          <gpxtpx:TrackPointExtension>
            <gpxtpx:hr>182</gpxtpx:hr>
          </gpxtpx:TrackPointExtension>
        </extensions>
      </trkpt>
      <trkpt lat="30.48141319152799" lon="104.02220445231436">
        <ele>481.5517854588106</ele>
        <time>1970-01-01T00:26:22Z</time>
        <extensions>
          <gpxtpx:TrackPointExtension>
            <gpxtpx:hr>182</gpxtpx:hr>
          </gpxtpx:TrackPointExtension>
        </extensions>
      </trkpt>
      <trkpt lat="30.48141624102026" lon="104.02216878292472">
        <ele>481.5453335037455</ele>
        <time>1970-01-01T00:26:23Z</time>
        <extensions>
          <gpxtpx:TrackPointExtension>
            <gpxtpx:hr>182</gpxtpx:hr>
          </gpxtpx:TrackPointExtension>
        </extensions>
      </trkpt>
      <trkpt lat="30.48141983059641" lon="104.02213330693651">
        <ele>481.53848548978567</ele>
        <time>1970-01-01T00:26:24Z</time>
        <extensions>
          <gpxtpx:TrackPointExtension>
            <gpxtpx:hr>182</gpxtpx:hr>
          </gpxtpx:TrackPointExtension>
        </extensions>
      </trkpt>
      <trkpt lat="30.481423458764628" lon="104.02209807972677">
        <ele>481.5317835342139</ele>
        <time>1970-01-01T00:26:25Z</time>
        <extensions>
          <gpxtpx:TrackPointExtension>
            <gpxtpx:hr>182</gpxtpx:hr>
          </gpxtpx:TrackPointExtension>
        </extensions>
      </trkpt>
      <trkpt lat="30.481426827973426" lon="104.02206282713546">
        <ele>481.5256751300767</ele>
        <time>1970-01-01T00:26:26Z</time>
        <extensions>
          <gpxtpx:TrackPointExtension>
            <gpxtpx:hr>182</gpxtpx:hr>
          </gpxtpx:TrackPointExtension>
        </extensions>
      </trkpt>
      <trkpt lat="30.481429973745396" lon="104.02202888191327">
        <ele>481.52039361186326</ele>
        <time>1970-01-01T00:26:27Z</time>
        <extensions>
          <gpxtpx:TrackPointExtension>
            <gpxtpx:hr>182</gpxtpx:hr>
          </gpxtpx:TrackPointExtension>
        </extensions>
      </trkpt>
      <trkpt lat="30.481432673046093" lon="104.02199547068194">
        <ele>481.5158273736015</ele>
        <time>1970-01-01T00:26:28Z</time>
        <extensions>
          <gpxtpx:TrackPointExtension>
            <gpxtpx:hr>182</gpxtpx:hr>
          </gpxtpx:TrackPointExtension>
        </extensions>
      </trkpt>
      <trkpt lat="30.481434413831042" lon="104.02196085734599">
        <ele>481.51165314391255</ele>
        <time>1970-01-01T00:26:29Z</time>
        <extensions>
          <gpxtpx:TrackPointExtension>
            <gpxtpx:hr>182</gpxtpx:hr>
          </gpxtpx:TrackPointExtension>
        </extensions>
      </trkpt>
      <trkpt lat="30.481434742464323" lon="104.02192602887428">
        <ele>481.5072612101212</ele>
        <time>1970-01-01T00:26:30Z</time>
        <extensions>
          <gpxtpx:TrackPointExtension>
            <gpxtpx:hr>182</gpxtpx:hr>
          </gpxtpx:TrackPointExtension>
        </extensions>
      </trkpt>
      <trkpt lat="30.481433231030397" lon="104.02189140853258">
        <ele>481.502049325034</ele>
        <time>1970-01-01T00:26:31Z</time>
        <extensions>
          <gpxtpx:TrackPointExtension>
            <gpxtpx:hr>182</gpxtpx:hr>
          </gpxtpx:TrackPointExtension>
        </extensions>
      </trkpt>
      <trkpt lat="30.48143036463963" lon="104.02185751616379">
        <ele>481.4956518150866</ele>
        <time>1970-01-01T00:26:32Z</time>
        <extensions>
          <gpxtpx:TrackPointExtension>
            <gpxtpx:hr>182</gpxtpx:hr>
          </gpxtpx:TrackPointExtension>
        </extensions>
      </trkpt>
      <trkpt lat="30.481426444871516" lon="104.02182372468191">
        <ele>481.4880191879347</ele>
        <time>1970-01-01T00:26:33Z</time>
        <extensions>
          <gpxtpx:TrackPointExtension>
            <gpxtpx:hr>182</gpxtpx:hr>
          </gpxtpx:TrackPointExtension>
        </extensions>
      </trkpt>
      <trkpt lat="30.481422370735707" lon="104.02178950160103">
        <ele>481.47926398925483</ele>
        <time>1970-01-01T00:26:34Z</time>
        <extensions>
          <gpxtpx:TrackPointExtension>
            <gpxtpx:hr>183</gpxtpx:hr>
          </gpxtpx:TrackPointExtension>
        </extensions>
      </trkpt>
      <trkpt lat="30.481419081344544" lon="104.02175529045287">
        <ele>481.4697935003787</ele>
        <time>1970-01-01T00:26:35Z</time>
        <extensions>
          <gpxtpx:TrackPointExtension>
            <gpxtpx:hr>183</gpxtpx:hr>
          </gpxtpx:TrackPointExtension>
        </extensions>
      </trkpt>
      <trkpt lat="30.481416269907925" lon="104.0217207160434">
        <ele>481.46026554424316</ele>
        <time>1970-01-01T00:26:36Z</time>
        <extensions>
          <gpxtpx:TrackPointExtension>
            <gpxtpx:hr>183</gpxtpx:hr>
          </gpxtpx:TrackPointExtension>
        </extensions>
      </trkpt>
      <trkpt lat="30.481413001207574" lon="104.02168620280015">
        <ele>481.4514763318002</ele>
        <time>1970-01-01T00:26:37Z</time>
        <extensions>
          <gpxtpx:TrackPointExtension>
            <gpxtpx:hr>183</gpxtpx:hr>
          </gpxtpx:TrackPointExtension>
        </extensions>
      </trkpt>
      <trkpt lat="30.481408325473005" lon="104.02165170994519">
        <ele>481.444148668088</ele>
        <time>1970-01-01T00:26:38Z</time>
        <extensions>
          <gpxtpx:TrackPointExtension>
            <gpxtpx:hr>183</gpxtpx:hr>
          </gpxtpx:TrackPointExtension>
        </extensions>
      </trkpt>
      <trkpt lat="30.481401892491657" lon="104.02161719802014">
        <ele>481.43878747709095</ele>
        <time>1970-01-01T00:26:39Z</time>
        <extensions>
          <gpxtpx:TrackPointExtension>
            <gpxtpx:hr>182</gpxtpx:hr>
          </gpxtpx:TrackPointExtension>
        </extensions>
      </trkpt>
      <trkpt lat="30.48139402408118" lon="104.02158191734736">
        <ele>481.43556223995984</ele>
        <time>1970-01-01T00:26:40Z</time>
        <extensions>
          <gpxtpx:TrackPointExtension>
            <gpxtpx:hr>182</gpxtpx:hr>
          </gpxtpx:TrackPointExtension>
        </extensions>
      </trkpt>
      <trkpt lat="30.48138595850097" lon="104.02154572786142">
        <ele>481.4342513754964</ele>
        <time>1970-01-01T00:26:41Z</time>
        <extensions>
          <gpxtpx:TrackPointExtension>
            <gpxtpx:hr>182</gpxtpx:hr>
          </gpxtpx:TrackPointExtension>
        </extensions>
      </trkpt>
      <trkpt lat="30.481378131319655" lon="104.02150976924246">
        <ele>481.43431524932384</ele>
        <time>1970-01-01T00:26:42Z</time>
        <extensions>
          <gpxtpx:TrackPointExtension>
            <gpxtpx:hr>183</gpxtpx:hr>
          </gpxtpx:TrackPointExtension>
        </extensions>
      </trkpt>
      <trkpt lat="30.48137018498584" lon="104.02147493575855">
        <ele>481.43519414775074</ele>
        <time>1970-01-01T00:26:43Z</time>
        <extensions>
          <gpxtpx:TrackPointExtension>
            <gpxtpx:hr>183</gpxtpx:hr>
          </gpxtpx:TrackPointExtension>
        </extensions>
      </trkpt>
      <trkpt lat="30.48136179371348" lon="104.02144087011861">
        <ele>481.4364551762119</ele>
        <time>1970-01-01T00:26:44Z</time>
        <extensions>
          <gpxtpx:TrackPointExtension>
            <gpxtpx:hr>183</gpxtpx:hr>
          </gpxtpx:TrackPointExtension>
        </extensions>
      </trkpt>
      <trkpt lat="30.48135338717869" lon="104.02140661157247">
        <ele>481.43781914003193</ele>
        <time>1970-01-01T00:26:45Z</time>
        <extensions>
          <gpxtpx:TrackPointExtension>
            <gpxtpx:hr>183</gpxtpx:hr>
          </gpxtpx:TrackPointExtension>
        </extensions>
      </trkpt>
      <trkpt lat="30.481345992534546" lon="104.0213721589484">
        <ele>481.43910281639546</ele>
        <time>1970-01-01T00:26:46Z</time>
        <extensions>
          <gpxtpx:TrackPointExtension>
            <gpxtpx:hr>183</gpxtpx:hr>
          </gpxtpx:TrackPointExtension>
        </extensions>
      </trkpt>
      <trkpt lat="30.481339113447103" lon="104.02133714198268">
        <ele>481.4402042767033</ele>
        <time>1970-01-01T00:26:47Z</time>
        <extensions>
          <gpxtpx:TrackPointExtension>
            <gpxtpx:hr>183</gpxtpx:hr>
          </gpxtpx:TrackPointExtension>
        </extensions>
      </trkpt>
      <trkpt lat="30.481332134415496" lon="104.02130193604113">
        <ele>481.44097276125103</ele>
        <time>1970-01-01T00:26:48Z</time>
        <extensions>
          <gpxtpx:TrackPointExtension>
            <gpxtpx:hr>181</gpxtpx:hr>
          </gpxtpx:TrackPointExtension>
        </extensions>
      </trkpt>
      <trkpt lat="30.4813246941046" lon="104.02126698995637">
        <ele>481.44129607081413</ele>
        <time>1970-01-01T00:26:49Z</time>
        <extensions>
          <gpxtpx:TrackPointExtension>
            <gpxtpx:hr>181</gpxtpx:hr>
          </gpxtpx:TrackPointExtension>
        </extensions>
      </trkpt>
      <trkpt lat="30.48131681658966" lon="104.02123314014308">
        <ele>481.4411724433303</ele>
        <time>1970-01-01T00:26:50Z</time>
        <extensions>
          <gpxtpx:TrackPointExtension>
            <gpxtpx:hr>181</gpxtpx:hr>
          </gpxtpx:TrackPointExtension>
        </extensions>
      </trkpt>
      <trkpt lat="30.48130901576705" lon="104.02120054392746">
        <ele>481.4405677188188</ele>
        <time>1970-01-01T00:26:51Z</time>
        <extensions>
          <gpxtpx:TrackPointExtension>
            <gpxtpx:hr>181</gpxtpx:hr>
          </gpxtpx:TrackPointExtension>
        </extensions>
      </trkpt>
      <trkpt lat="30.48130150363824" lon="104.02116741090165">
        <ele>481.43968565762043</ele>
        <time>1970-01-01T00:26:52Z</time>
        <extensions>
          <gpxtpx:TrackPointExtension>
            <gpxtpx:hr>181</gpxtpx:hr>
          </gpxtpx:TrackPointExtension>
        </extensions>
      </trkpt>
      <trkpt lat="30.48129431827403" lon="104.02113347209577">
        <ele>481.43894876912236</ele>
        <time>1970-01-01T00:26:53Z</time>
        <extensions>
          <gpxtpx:TrackPointExtension>
            <gpxtpx:hr>181</gpxtpx:hr>
          </gpxtpx:TrackPointExtension>
        </extensions>
      </trkpt>
      <trkpt lat="30.481286956456852" lon="104.02109903981395">
        <ele>481.43893295899034</ele>
        <time>1970-01-01T00:26:54Z</time>
        <extensions>
          <gpxtpx:TrackPointExtension>
            <gpxtpx:hr>181</gpxtpx:hr>
          </gpxtpx:TrackPointExtension>
        </extensions>
      </trkpt>
      <trkpt lat="30.481279088482893" lon="104.02106493280603">
        <ele>481.4400967415422</ele>
        <time>1970-01-01T00:26:55Z</time>
        <extensions>
          <gpxtpx:TrackPointExtension>
            <gpxtpx:hr>181</gpxtpx:hr>
          </gpxtpx:TrackPointExtension>
        </extensions>
      </trkpt>
      <trkpt lat="30.481269976900368" lon="104.02103161662441">
        <ele>481.44292764458805</ele>
        <time>1970-01-01T00:26:56Z</time>
        <extensions>
          <gpxtpx:TrackPointExtension>
            <gpxtpx:hr>181</gpxtpx:hr>
          </gpxtpx:TrackPointExtension>
        </extensions>
      </trkpt>
      <trkpt lat="30.481259786730774" lon="104.02099885831136">
        <ele>481.4478235654533</ele>
        <time>1970-01-01T00:26:57Z</time>
        <extensions>
          <gpxtpx:TrackPointExtension>
            <gpxtpx:hr>181</gpxtpx:hr>
          </gpxtpx:TrackPointExtension>
        </extensions>
      </trkpt>
      <trkpt lat="30.481249093905674" lon="104.02096641656794">
        <ele>481.45497449859977</ele>
        <time>1970-01-01T00:26:58Z</time>
        <extensions>
          <gpxtpx:TrackPointExtension>
            <gpxtpx:hr>182</gpxtpx:hr>
          </gpxtpx:TrackPointExtension>
        </extensions>
      </trkpt>
      <trkpt lat="30.481237887464204" lon="104.02093374452105">
        <ele>481.46424600016326</ele>
        <time>1970-01-01T00:26:59Z</time>
        <extensions>
          <gpxtpx:TrackPointExtension>
            <gpxtpx:hr>182</gpxtpx:hr>
          </gpxtpx:TrackPointExtension>
        </extensions>
      </trkpt>
      <trkpt lat="30.48122694297057" lon="104.02090051846396">
        <ele>481.4749722927809</ele>
        <time>1970-01-01T00:27:00Z</time>
        <extensions>
          <gpxtpx:TrackPointExtension>
            <gpxtpx:hr>182</gpxtpx:hr>
          </gpxtpx:TrackPointExtension>
        </extensions>
      </trkpt>
      <trkpt lat="30.481216057912675" lon="104.02086622946027">
        <ele>481.48614032007754</ele>
        <time>1970-01-01T00:27:01Z</time>
        <extensions>
          <gpxtpx:TrackPointExtension>
            <gpxtpx:hr>182</gpxtpx:hr>
          </gpxtpx:TrackPointExtension>
        </extensions>
      </trkpt>
      <trkpt lat="30.481204681940305" lon="104.02083193814201">
        <ele>481.4965140260756</ele>
        <time>1970-01-01T00:27:02Z</time>
        <extensions>
          <gpxtpx:TrackPointExtension>
            <gpxtpx:hr>182</gpxtpx:hr>
          </gpxtpx:TrackPointExtension>
        </extensions>
      </trkpt>
      <trkpt lat="30.48119292484458" lon="104.02079878214148">
        <ele>481.5048764562234</ele>
        <time>1970-01-01T00:27:03Z</time>
        <extensions>
          <gpxtpx:TrackPointExtension>
            <gpxtpx:hr>182</gpxtpx:hr>
          </gpxtpx:TrackPointExtension>
        </extensions>
      </trkpt>
      <trkpt lat="30.48118180578648" lon="104.02076592604666">
        <ele>481.5102466670796</ele>
        <time>1970-01-01T00:27:04Z</time>
        <extensions>
          <gpxtpx:TrackPointExtension>
            <gpxtpx:hr>182</gpxtpx:hr>
          </gpxtpx:TrackPointExtension>
        </extensions>
      </trkpt>
      <trkpt lat="30.48117188366552" lon="104.02073291117573">
        <ele>481.51234706584364</ele>
        <time>1970-01-01T00:27:05Z</time>
        <extensions>
          <gpxtpx:TrackPointExtension>
            <gpxtpx:hr>182</gpxtpx:hr>
          </gpxtpx:TrackPointExtension>
        </extensions>
      </trkpt>
      <trkpt lat="30.481161562910806" lon="104.02070042652512">
        <ele>481.51124239712954</ele>
        <time>1970-01-01T00:27:06Z</time>
        <extensions>
          <gpxtpx:TrackPointExtension>
            <gpxtpx:hr>182</gpxtpx:hr>
          </gpxtpx:TrackPointExtension>
        </extensions>
      </trkpt>
      <trkpt lat="30.481149733902072" lon="104.02066988651222">
        <ele>481.50721379648894</ele>
        <time>1970-01-01T00:27:07Z</time>
        <extensions>
          <gpxtpx:TrackPointExtension>
            <gpxtpx:hr>182</gpxtpx:hr>
          </gpxtpx:TrackPointExtension>
        </extensions>
      </trkpt>
      <trkpt lat="30.481135686696984" lon="104.02064085461969">
        <ele>481.50072904024273</ele>
        <time>1970-01-01T00:27:08Z</time>
        <extensions>
          <gpxtpx:TrackPointExtension>
            <gpxtpx:hr>182</gpxtpx:hr>
          </gpxtpx:TrackPointExtension>
        </extensions>
      </trkpt>
      <trkpt lat="30.481120748844468" lon="104.02061148748184">
        <ele>481.49249260965735</ele>
        <time>1970-01-01T00:27:09Z</time>
        <extensions>
          <gpxtpx:TrackPointExtension>
            <gpxtpx:hr>182</gpxtpx:hr>
          </gpxtpx:TrackPointExtension>
        </extensions>
      </trkpt>
      <trkpt lat="30.481106836540164" lon="104.02058033570631">
        <ele>481.4833862967789</ele>
        <time>1970-01-01T00:27:10Z</time>
        <extensions>
          <gpxtpx:TrackPointExtension>
            <gpxtpx:hr>182</gpxtpx:hr>
          </gpxtpx:TrackPointExtension>
        </extensions>
      </trkpt>
      <trkpt lat="30.48109359967552" lon="104.02054731428784">
        <ele>481.47440313268453</ele>
        <time>1970-01-01T00:27:11Z</time>
        <extensions>
          <gpxtpx:TrackPointExtension>
            <gpxtpx:hr>182</gpxtpx:hr>
          </gpxtpx:TrackPointExtension>
        </extensions>
      </trkpt>
      <trkpt lat="30.481080791915254" lon="104.02051432372025">
        <ele>481.46650627441704</ele>
        <time>1970-01-01T00:27:12Z</time>
        <extensions>
          <gpxtpx:TrackPointExtension>
            <gpxtpx:hr>183</gpxtpx:hr>
          </gpxtpx:TrackPointExtension>
        </extensions>
      </trkpt>
      <trkpt lat="30.481067744016382" lon="104.02048221307406">
        <ele>481.4604759020731</ele>
        <time>1970-01-01T00:27:13Z</time>
        <extensions>
          <gpxtpx:TrackPointExtension>
            <gpxtpx:hr>183</gpxtpx:hr>
          </gpxtpx:TrackPointExtension>
        </extensions>
      </trkpt>
      <trkpt lat="30.481054101638875" lon="104.02045081833147">
        <ele>481.45678713638335</ele>
        <time>1970-01-01T00:27:14Z</time>
        <extensions>
          <gpxtpx:TrackPointExtension>
            <gpxtpx:hr>183</gpxtpx:hr>
          </gpxtpx:TrackPointExtension>
        </extensions>
      </trkpt>
      <trkpt lat="30.481039890584427" lon="104.02042044639086">
        <ele>481.4554204484448</ele>
        <time>1970-01-01T00:27:15Z</time>
        <extensions>
          <gpxtpx:TrackPointExtension>
            <gpxtpx:hr>183</gpxtpx:hr>
          </gpxtpx:TrackPointExtension>
        </extensions>
      </trkpt>
      <trkpt lat="30.481025838439162" lon="104.02039091740731">
        <ele>481.45603088941425</ele>
        <time>1970-01-01T00:27:16Z</time>
        <extensions>
          <gpxtpx:TrackPointExtension>
            <gpxtpx:hr>183</gpxtpx:hr>
          </gpxtpx:TrackPointExtension>
        </extensions>
      </trkpt>
      <trkpt lat="30.481012864516924" lon="104.02036011515914">
        <ele>481.4581185756251</ele>
        <time>1970-01-01T00:27:17Z</time>
        <extensions>
          <gpxtpx:TrackPointExtension>
            <gpxtpx:hr>183</gpxtpx:hr>
          </gpxtpx:TrackPointExtension>
        </extensions>
      </trkpt>
      <trkpt lat="30.481001468910986" lon="104.02032730372751">
        <ele>481.4610699340701</ele>
        <time>1970-01-01T00:27:18Z</time>
        <extensions>
          <gpxtpx:TrackPointExtension>
            <gpxtpx:hr>185</gpxtpx:hr>
          </gpxtpx:TrackPointExtension>
        </extensions>
      </trkpt>
      <trkpt lat="30.480991528060866" lon="104.0202937768667">
        <ele>481.4642595909536</ele>
        <time>1970-01-01T00:27:19Z</time>
        <extensions>
          <gpxtpx:TrackPointExtension>
            <gpxtpx:hr>185</gpxtpx:hr>
          </gpxtpx:TrackPointExtension>
        </extensions>
      </trkpt>
      <trkpt lat="30.48098171425783" lon="104.02025985550506">
        <ele>481.4672033423558</ele>
        <time>1970-01-01T00:27:20Z</time>
        <extensions>
          <gpxtpx:TrackPointExtension>
            <gpxtpx:hr>185</gpxtpx:hr>
          </gpxtpx:TrackPointExtension>
        </extensions>
      </trkpt>
      <trkpt lat="30.480971432463864" lon="104.0202253596449">
        <ele>481.46953834965825</ele>
        <time>1970-01-01T00:27:21Z</time>
        <extensions>
          <gpxtpx:TrackPointExtension>
            <gpxtpx:hr>185</gpxtpx:hr>
          </gpxtpx:TrackPointExtension>
        </extensions>
      </trkpt>
      <trkpt lat="30.48096059807603" lon="104.02019064682968">
        <ele>481.47093857545406</ele>
        <time>1970-01-01T00:27:22Z</time>
        <extensions>
          <gpxtpx:TrackPointExtension>
            <gpxtpx:hr>185</gpxtpx:hr>
          </gpxtpx:TrackPointExtension>
        </extensions>
      </trkpt>
      <trkpt lat="30.48094981124493" lon="104.02015702143667">
        <ele>481.47126402519643</ele>
        <time>1970-01-01T00:27:23Z</time>
        <extensions>
          <gpxtpx:TrackPointExtension>
            <gpxtpx:hr>185</gpxtpx:hr>
          </gpxtpx:TrackPointExtension>
        </extensions>
      </trkpt>
      <trkpt lat="30.480939323466348" lon="104.0201257347815">
        <ele>481.4705093866214</ele>
        <time>1970-01-01T00:27:24Z</time>
        <extensions>
          <gpxtpx:TrackPointExtension>
            <gpxtpx:hr>184</gpxtpx:hr>
          </gpxtpx:TrackPointExtension>
        </extensions>
      </trkpt>
      <trkpt lat="30.480928070860156" lon="104.02009606212857">
        <ele>481.468840431422</ele>
        <time>1970-01-01T00:27:25Z</time>
        <extensions>
          <gpxtpx:TrackPointExtension>
            <gpxtpx:hr>184</gpxtpx:hr>
          </gpxtpx:TrackPointExtension>
        </extensions>
      </trkpt>
      <trkpt lat="30.480915971908452" lon="104.02006599730721">
        <ele>481.4665949223563</ele>
        <time>1970-01-01T00:27:26Z</time>
        <extensions>
          <gpxtpx:TrackPointExtension>
            <gpxtpx:hr>184</gpxtpx:hr>
          </gpxtpx:TrackPointExtension>
        </extensions>
      </trkpt>
      <trkpt lat="30.480903403516944" lon="104.02003420024846">
        <ele>481.46427687909454</ele>
        <time>1970-01-01T00:27:27Z</time>
        <extensions>
          <gpxtpx:TrackPointExtension>
            <gpxtpx:hr>184</gpxtpx:hr>
          </gpxtpx:TrackPointExtension>
        </extensions>
      </trkpt>
      <trkpt lat="30.48089061347932" lon="104.0200003461181">
        <ele>481.46246142406017</ele>
        <time>1970-01-01T00:27:28Z</time>
        <extensions>
          <gpxtpx:TrackPointExtension>
            <gpxtpx:hr>184</gpxtpx:hr>
          </gpxtpx:TrackPointExtension>
        </extensions>
      </trkpt>
      <trkpt lat="30.48087705389219" lon="104.01996612236135">
        <ele>481.46171380300075</ele>
        <time>1970-01-01T00:27:29Z</time>
        <extensions>
          <gpxtpx:TrackPointExtension>
            <gpxtpx:hr>184</gpxtpx:hr>
          </gpxtpx:TrackPointExtension>
        </extensions>
      </trkpt>
      <trkpt lat="30.48086220445133" lon="104.0199328829656">
        <ele>481.46242754533887</ele>
        <time>1970-01-01T00:27:30Z</time>
        <extensions>
          <gpxtpx:TrackPointExtension>
            <gpxtpx:hr>184</gpxtpx:hr>
          </gpxtpx:TrackPointExtension>
        </extensions>
      </trkpt>
      <trkpt lat="30.4808466167543" lon="104.01990128080662">
        <ele>481.4647032879293</ele>
        <time>1970-01-01T00:27:31Z</time>
        <extensions>
          <gpxtpx:TrackPointExtension>
            <gpxtpx:hr>184</gpxtpx:hr>
          </gpxtpx:TrackPointExtension>
        </extensions>
      </trkpt>
      <trkpt lat="30.480830533527698" lon="104.0198724142277">
        <ele>481.4684457788244</ele>
        <time>1970-01-01T00:27:32Z</time>
        <extensions>
          <gpxtpx:TrackPointExtension>
            <gpxtpx:hr>185</gpxtpx:hr>
          </gpxtpx:TrackPointExtension>
        </extensions>
      </trkpt>
      <trkpt lat="30.48081378125055" lon="104.0198450242279">
        <ele>481.47329652961344</ele>
        <time>1970-01-01T00:27:33Z</time>
        <extensions>
          <gpxtpx:TrackPointExtension>
            <gpxtpx:hr>185</gpxtpx:hr>
          </gpxtpx:TrackPointExtension>
        </extensions>
      </trkpt>
      <trkpt lat="30.480795513645177" lon="104.01981717789437">
        <ele>481.4787309989333</ele>
        <time>1970-01-01T00:27:34Z</time>
        <extensions>
          <gpxtpx:TrackPointExtension>
            <gpxtpx:hr>185</gpxtpx:hr>
          </gpxtpx:TrackPointExtension>
        </extensions>
      </trkpt>
      <trkpt lat="30.480776131687684" lon="104.01978852795507">
        <ele>481.4841542802751</ele>
        <time>1970-01-01T00:27:35Z</time>
        <extensions>
          <gpxtpx:TrackPointExtension>
            <gpxtpx:hr>185</gpxtpx:hr>
          </gpxtpx:TrackPointExtension>
        </extensions>
      </trkpt>
      <trkpt lat="30.480756711415236" lon="104.01975904648404">
        <ele>481.4890730082989</ele>
        <time>1970-01-01T00:27:36Z</time>
        <extensions>
          <gpxtpx:TrackPointExtension>
            <gpxtpx:hr>185</gpxtpx:hr>
          </gpxtpx:TrackPointExtension>
        </extensions>
      </trkpt>
      <trkpt lat="30.48073766093112" lon="104.0197286605646">
        <ele>481.4930806523189</ele>
        <time>1970-01-01T00:27:37Z</time>
        <extensions>
          <gpxtpx:TrackPointExtension>
            <gpxtpx:hr>185</gpxtpx:hr>
          </gpxtpx:TrackPointExtension>
        </extensions>
      </trkpt>
      <trkpt lat="30.48071956690663" lon="104.0196982602621">
        <ele>481.4957950832322</ele>
        <time>1970-01-01T00:27:38Z</time>
        <extensions>
          <gpxtpx:TrackPointExtension>
            <gpxtpx:hr>184</gpxtpx:hr>
          </gpxtpx:TrackPointExtension>
        </extensions>
      </trkpt>
      <trkpt lat="30.48070181989569" lon="104.01966876461913">
        <ele>481.49692064523697</ele>
        <time>1970-01-01T00:27:39Z</time>
        <extensions>
          <gpxtpx:TrackPointExtension>
            <gpxtpx:hr>184</gpxtpx:hr>
          </gpxtpx:TrackPointExtension>
        </extensions>
      </trkpt>
      <trkpt lat="30.480683789330982" lon="104.01963974960559">
        <ele>481.4963049478829</ele>
        <time>1970-01-01T00:27:40Z</time>
        <extensions>
          <gpxtpx:TrackPointExtension>
            <gpxtpx:hr>184</gpxtpx:hr>
          </gpxtpx:TrackPointExtension>
        </extensions>
      </trkpt>
      <trkpt lat="30.480665156830934" lon="104.01961065517733">
        <ele>481.4940941426903</ele>
        <time>1970-01-01T00:27:41Z</time>
        <extensions>
          <gpxtpx:TrackPointExtension>
            <gpxtpx:hr>184</gpxtpx:hr>
          </gpxtpx:TrackPointExtension>
        </extensions>
      </trkpt>
      <trkpt lat="30.480645840634622" lon="104.01958201485346">
        <ele>481.49058011360466</ele>
        <time>1970-01-01T00:27:42Z</time>
        <extensions>
          <gpxtpx:TrackPointExtension>
            <gpxtpx:hr>184</gpxtpx:hr>
          </gpxtpx:TrackPointExtension>
        </extensions>
      </trkpt>
      <trkpt lat="30.480626439109407" lon="104.01955465515769">
        <ele>481.48616163339466</ele>
        <time>1970-01-01T00:27:43Z</time>
        <extensions>
          <gpxtpx:TrackPointExtension>
            <gpxtpx:hr>184</gpxtpx:hr>
          </gpxtpx:TrackPointExtension>
        </extensions>
      </trkpt>
      <trkpt lat="30.480606852050535" lon="104.01952795629025">
        <ele>481.48125813901424</ele>
        <time>1970-01-01T00:27:44Z</time>
        <extensions>
          <gpxtpx:TrackPointExtension>
            <gpxtpx:hr>184</gpxtpx:hr>
          </gpxtpx:TrackPointExtension>
        </extensions>
      </trkpt>
      <trkpt lat="30.480586899990524" lon="104.01950088931876">
        <ele>481.4761632941663</ele>
        <time>1970-01-01T00:27:45Z</time>
        <extensions>
          <gpxtpx:TrackPointExtension>
            <gpxtpx:hr>184</gpxtpx:hr>
          </gpxtpx:TrackPointExtension>
        </extensions>
      </trkpt>
      <trkpt lat="30.480567244759865" lon="104.01947372064613">
        <ele>481.4711106950417</ele>
        <time>1970-01-01T00:27:46Z</time>
        <extensions>
          <gpxtpx:TrackPointExtension>
            <gpxtpx:hr>184</gpxtpx:hr>
          </gpxtpx:TrackPointExtension>
        </extensions>
      </trkpt>
      <trkpt lat="30.48054829124344" lon="104.01944642311382">
        <ele>481.4663453903049</ele>
        <time>1970-01-01T00:27:47Z</time>
        <extensions>
          <gpxtpx:TrackPointExtension>
            <gpxtpx:hr>185</gpxtpx:hr>
          </gpxtpx:TrackPointExtension>
        </extensions>
      </trkpt>
      <trkpt lat="30.480529009801604" lon="104.01941871390038">
        <ele>481.46216106042266</ele>
        <time>1970-01-01T00:27:48Z</time>
        <extensions>
          <gpxtpx:TrackPointExtension>
            <gpxtpx:hr>185</gpxtpx:hr>
          </gpxtpx:TrackPointExtension>
        </extensions>
      </trkpt>
      <trkpt lat="30.480509025202725" lon="104.01939133530938">
        <ele>481.4587879246101</ele>
        <time>1970-01-01T00:27:49Z</time>
        <extensions>
          <gpxtpx:TrackPointExtension>
            <gpxtpx:hr>185</gpxtpx:hr>
          </gpxtpx:TrackPointExtension>
        </extensions>
      </trkpt>
      <trkpt lat="30.48048782588761" lon="104.01936501558374">
        <ele>481.4563425825909</ele>
        <time>1970-01-01T00:27:50Z</time>
        <extensions>
          <gpxtpx:TrackPointExtension>
            <gpxtpx:hr>185</gpxtpx:hr>
          </gpxtpx:TrackPointExtension>
        </extensions>
      </trkpt>
      <trkpt lat="30.480465283231425" lon="104.01933975489835">
        <ele>481.4549098573625</ele>
        <time>1970-01-01T00:27:51Z</time>
        <extensions>
          <gpxtpx:TrackPointExtension>
            <gpxtpx:hr>184</gpxtpx:hr>
          </gpxtpx:TrackPointExtension>
        </extensions>
      </trkpt>
      <trkpt lat="30.480442658724126" lon="104.01931521631971">
        <ele>481.4544709613547</ele>
        <time>1970-01-01T00:27:52Z</time>
        <extensions>
          <gpxtpx:TrackPointExtension>
            <gpxtpx:hr>184</gpxtpx:hr>
          </gpxtpx:TrackPointExtension>
        </extensions>
      </trkpt>
      <trkpt lat="30.480420368029304" lon="104.01929117780881">
        <ele>481.4549052435905</ele>
        <time>1970-01-01T00:27:53Z</time>
        <extensions>
          <gpxtpx:TrackPointExtension>
            <gpxtpx:hr>184</gpxtpx:hr>
          </gpxtpx:TrackPointExtension>
        </extensions>
      </trkpt>
      <trkpt lat="30.480398179155756" lon="104.0192672195127">
        <ele>481.4559299265966</ele>
        <time>1970-01-01T00:27:54Z</time>
        <extensions>
          <gpxtpx:TrackPointExtension>
            <gpxtpx:hr>184</gpxtpx:hr>
          </gpxtpx:TrackPointExtension>
        </extensions>
      </trkpt>
      <trkpt lat="30.480375555917" lon="104.01924282852413">
        <ele>481.45722011942416</ele>
        <time>1970-01-01T00:27:55Z</time>
        <extensions>
          <gpxtpx:TrackPointExtension>
            <gpxtpx:hr>184</gpxtpx:hr>
          </gpxtpx:TrackPointExtension>
        </extensions>
      </trkpt>
      <trkpt lat="30.480353151491073" lon="104.01921828289613">
        <ele>481.4583889897913</ele>
        <time>1970-01-01T00:27:56Z</time>
        <extensions>
          <gpxtpx:TrackPointExtension>
            <gpxtpx:hr>183</gpxtpx:hr>
          </gpxtpx:TrackPointExtension>
        </extensions>
      </trkpt>
      <trkpt lat="30.480330734182225" lon="104.01919418030282">
        <ele>481.4591000219807</ele>
        <time>1970-01-01T00:27:57Z</time>
        <extensions>
          <gpxtpx:TrackPointExtension>
            <gpxtpx:hr>183</gpxtpx:hr>
          </gpxtpx:TrackPointExtension>
        </extensions>
      </trkpt>
      <trkpt lat="30.480307952532865" lon="104.01917131244296">
        <ele>481.45919662248343</ele>
        <time>1970-01-01T00:27:58Z</time>
        <extensions>
          <gpxtpx:TrackPointExtension>
            <gpxtpx:hr>183</gpxtpx:hr>
          </gpxtpx:TrackPointExtension>
        </extensions>
      </trkpt>
      <trkpt lat="30.480285009105422" lon="104.01914921290785">
        <ele>481.4586408492178</ele>
        <time>1970-01-01T00:27:59Z</time>
        <extensions>
          <gpxtpx:TrackPointExtension>
            <gpxtpx:hr>183</gpxtpx:hr>
          </gpxtpx:TrackPointExtension>
        </extensions>
      </trkpt>
      <trkpt lat="30.480261948026563" lon="104.0191261552268">
        <ele>481.457366139628</ele>
        <time>1970-01-01T00:28:00Z</time>
        <extensions>
          <gpxtpx:TrackPointExtension>
            <gpxtpx:hr>183</gpxtpx:hr>
          </gpxtpx:TrackPointExtension>
        </extensions>
      </trkpt>
      <trkpt lat="30.480239376427523" lon="104.01910173274068">
        <ele>481.45524294953793</ele>
        <time>1970-01-01T00:28:01Z</time>
        <extensions>
          <gpxtpx:TrackPointExtension>
            <gpxtpx:hr>183</gpxtpx:hr>
          </gpxtpx:TrackPointExtension>
        </extensions>
      </trkpt>
      <trkpt lat="30.480216937348956" lon="104.01907639055172">
        <ele>481.45211962610483</ele>
        <time>1970-01-01T00:28:02Z</time>
        <extensions>
          <gpxtpx:TrackPointExtension>
            <gpxtpx:hr>183</gpxtpx:hr>
          </gpxtpx:TrackPointExtension>
        </extensions>
      </trkpt>
      <trkpt lat="30.48019475038823" lon="104.01905105383975">
        <ele>481.4478440284729</ele>
        <time>1970-01-01T00:28:03Z</time>
        <extensions>
          <gpxtpx:TrackPointExtension>
            <gpxtpx:hr>182</gpxtpx:hr>
          </gpxtpx:TrackPointExtension>
        </extensions>
      </trkpt>
      <trkpt lat="30.480172073702658" lon="104.01902586382123">
        <ele>481.4424162199721</ele>
        <time>1970-01-01T00:28:04Z</time>
        <extensions>
          <gpxtpx:TrackPointExtension>
            <gpxtpx:hr>182</gpxtpx:hr>
          </gpxtpx:TrackPointExtension>
        </extensions>
      </trkpt>
      <trkpt lat="30.480148992307594" lon="104.01900035368887">
        <ele>481.43600204214454</ele>
        <time>1970-01-01T00:28:05Z</time>
        <extensions>
          <gpxtpx:TrackPointExtension>
            <gpxtpx:hr>182</gpxtpx:hr>
          </gpxtpx:TrackPointExtension>
        </extensions>
      </trkpt>
      <trkpt lat="30.480125910959227" lon="104.01897432536578">
        <ele>481.4288954846561</ele>
        <time>1970-01-01T00:28:06Z</time>
        <extensions>
          <gpxtpx:TrackPointExtension>
            <gpxtpx:hr>182</gpxtpx:hr>
          </gpxtpx:TrackPointExtension>
        </extensions>
      </trkpt>
      <trkpt lat="30.480102494520008" lon="104.01894742348031">
        <ele>481.42143275681883</ele>
        <time>1970-01-01T00:28:07Z</time>
        <extensions>
          <gpxtpx:TrackPointExtension>
            <gpxtpx:hr>182</gpxtpx:hr>
          </gpxtpx:TrackPointExtension>
        </extensions>
      </trkpt>
      <trkpt lat="30.4800799966609" lon="104.01891980807791">
        <ele>481.4140314599499</ele>
        <time>1970-01-01T00:28:08Z</time>
        <extensions>
          <gpxtpx:TrackPointExtension>
            <gpxtpx:hr>182</gpxtpx:hr>
          </gpxtpx:TrackPointExtension>
        </extensions>
      </trkpt>
      <trkpt lat="30.48005909116321" lon="104.0188919470632">
        <ele>481.4070917656645</ele>
        <time>1970-01-01T00:28:09Z</time>
        <extensions>
          <gpxtpx:TrackPointExtension>
            <gpxtpx:hr>182</gpxtpx:hr>
          </gpxtpx:TrackPointExtension>
        </extensions>
      </trkpt>
      <trkpt lat="30.4800391303242" lon="104.01886515994944">
        <ele>481.4008867191151</ele>
        <time>1970-01-01T00:28:10Z</time>
        <extensions>
          <gpxtpx:TrackPointExtension>
            <gpxtpx:hr>182</gpxtpx:hr>
          </gpxtpx:TrackPointExtension>
        </extensions>
      </trkpt>
      <trkpt lat="30.480017920988292" lon="104.0188395601816">
        <ele>481.3954677088186</ele>
        <time>1970-01-01T00:28:11Z</time>
        <extensions>
          <gpxtpx:TrackPointExtension>
            <gpxtpx:hr>182</gpxtpx:hr>
          </gpxtpx:TrackPointExtension>
        </extensions>
      </trkpt>
      <trkpt lat="30.47999558121498" lon="104.01881419938262">
        <ele>481.39074710197747</ele>
        <time>1970-01-01T00:28:12Z</time>
        <extensions>
          <gpxtpx:TrackPointExtension>
            <gpxtpx:hr>183</gpxtpx:hr>
          </gpxtpx:TrackPointExtension>
        </extensions>
      </trkpt>
      <trkpt lat="30.479973888772207" lon="104.01878845237432">
        <ele>481.38648574613035</ele>
        <time>1970-01-01T00:28:13Z</time>
        <extensions>
          <gpxtpx:TrackPointExtension>
            <gpxtpx:hr>183</gpxtpx:hr>
          </gpxtpx:TrackPointExtension>
        </extensions>
      </trkpt>
      <trkpt lat="30.479953637009263" lon="104.01876173948212">
        <ele>481.38233495131135</ele>
        <time>1970-01-01T00:28:14Z</time>
        <extensions>
          <gpxtpx:TrackPointExtension>
            <gpxtpx:hr>183</gpxtpx:hr>
          </gpxtpx:TrackPointExtension>
        </extensions>
      </trkpt>
      <trkpt lat="30.479934823167962" lon="104.01873448507908">
        <ele>481.37797124125063</ele>
        <time>1970-01-01T00:28:15Z</time>
        <extensions>
          <gpxtpx:TrackPointExtension>
            <gpxtpx:hr>183</gpxtpx:hr>
          </gpxtpx:TrackPointExtension>
        </extensions>
      </trkpt>
      <trkpt lat="30.47991598628406" lon="104.01870685734363">
        <ele>481.3732427190989</ele>
        <time>1970-01-01T00:28:16Z</time>
        <extensions>
          <gpxtpx:TrackPointExtension>
            <gpxtpx:hr>183</gpxtpx:hr>
          </gpxtpx:TrackPointExtension>
        </extensions>
      </trkpt>
      <trkpt lat="30.479896966207004" lon="104.01867896535919">
        <ele>481.36812129523605</ele>
        <time>1970-01-01T00:28:17Z</time>
        <extensions>
          <gpxtpx:TrackPointExtension>
            <gpxtpx:hr>182</gpxtpx:hr>
          </gpxtpx:TrackPointExtension>
        </extensions>
      </trkpt>
      <trkpt lat="30.479877945056234" lon="104.01865041233245">
        <ele>481.36266538128257</ele>
        <time>1970-01-01T00:28:18Z</time>
        <extensions>
          <gpxtpx:TrackPointExtension>
            <gpxtpx:hr>182</gpxtpx:hr>
          </gpxtpx:TrackPointExtension>
        </extensions>
      </trkpt>
      <trkpt lat="30.479859660723086" lon="104.01862091934743">
        <ele>481.3570636259392</ele>
        <time>1970-01-01T00:28:19Z</time>
        <extensions>
          <gpxtpx:TrackPointExtension>
            <gpxtpx:hr>182</gpxtpx:hr>
          </gpxtpx:TrackPointExtension>
        </extensions>
      </trkpt>
      <trkpt lat="30.47984244875818" lon="104.0185907416456">
        <ele>481.35156916081905</ele>
        <time>1970-01-01T00:28:20Z</time>
        <extensions>
          <gpxtpx:TrackPointExtension>
            <gpxtpx:hr>182</gpxtpx:hr>
          </gpxtpx:TrackPointExtension>
        </extensions>
      </trkpt>
      <trkpt lat="30.479825684329377" lon="104.01855974607977">
        <ele>481.3462911294773</ele>
        <time>1970-01-01T00:28:21Z</time>
        <extensions>
          <gpxtpx:TrackPointExtension>
            <gpxtpx:hr>182</gpxtpx:hr>
          </gpxtpx:TrackPointExtension>
        </extensions>
      </trkpt>
      <trkpt lat="30.47980902056379" lon="104.01852883375953">
        <ele>481.34131545946</ele>
        <time>1970-01-01T00:28:22Z</time>
        <extensions>
          <gpxtpx:TrackPointExtension>
            <gpxtpx:hr>184</gpxtpx:hr>
          </gpxtpx:TrackPointExtension>
        </extensions>
      </trkpt>
      <trkpt lat="30.479791616077755" lon="104.01849844919927">
        <ele>481.3367553912103</ele>
        <time>1970-01-01T00:28:23Z</time>
        <extensions>
          <gpxtpx:TrackPointExtension>
            <gpxtpx:hr>184</gpxtpx:hr>
          </gpxtpx:TrackPointExtension>
        </extensions>
      </trkpt>
      <trkpt lat="30.479774222821213" lon="104.01846828749967">
        <ele>481.3327463073656</ele>
        <time>1970-01-01T00:28:24Z</time>
        <extensions>
          <gpxtpx:TrackPointExtension>
            <gpxtpx:hr>184</gpxtpx:hr>
          </gpxtpx:TrackPointExtension>
        </extensions>
      </trkpt>
      <trkpt lat="30.479757586593085" lon="104.01843776248903">
        <ele>481.3293646806851</ele>
        <time>1970-01-01T00:28:25Z</time>
        <extensions>
          <gpxtpx:TrackPointExtension>
            <gpxtpx:hr>184</gpxtpx:hr>
          </gpxtpx:TrackPointExtension>
        </extensions>
      </trkpt>
      <trkpt lat="30.479742013999694" lon="104.01840637796276">
        <ele>481.3267891705036</ele>
        <time>1970-01-01T00:28:26Z</time>
        <extensions>
          <gpxtpx:TrackPointExtension>
            <gpxtpx:hr>184</gpxtpx:hr>
          </gpxtpx:TrackPointExtension>
        </extensions>
      </trkpt>
      <trkpt lat="30.479727297375167" lon="104.0183742857417">
        <ele>481.3252387596294</ele>
        <time>1970-01-01T00:28:27Z</time>
        <extensions>
          <gpxtpx:TrackPointExtension>
            <gpxtpx:hr>184</gpxtpx:hr>
          </gpxtpx:TrackPointExtension>
        </extensions>
      </trkpt>
      <trkpt lat="30.479712511205424" lon="104.01834191455976">
        <ele>481.32481444161385</ele>
        <time>1970-01-01T00:28:28Z</time>
        <extensions>
          <gpxtpx:TrackPointExtension>
            <gpxtpx:hr>184</gpxtpx:hr>
          </gpxtpx:TrackPointExtension>
        </extensions>
      </trkpt>
      <trkpt lat="30.47969742690204" lon="104.01830964650941">
        <ele>481.3253595465794</ele>
        <time>1970-01-01T00:28:29Z</time>
        <extensions>
          <gpxtpx:TrackPointExtension>
            <gpxtpx:hr>184</gpxtpx:hr>
          </gpxtpx:TrackPointExtension>
        </extensions>
      </trkpt>
      <trkpt lat="30.479682220879813" lon="104.01827733209834">
        <ele>481.32653187029064</ele>
        <time>1970-01-01T00:28:30Z</time>
        <extensions>
          <gpxtpx:TrackPointExtension>
            <gpxtpx:hr>184</gpxtpx:hr>
          </gpxtpx:TrackPointExtension>
        </extensions>
      </trkpt>
      <trkpt lat="30.47966789959589" lon="104.0182444627155">
        <ele>481.32780376821756</ele>
        <time>1970-01-01T00:28:31Z</time>
        <extensions>
          <gpxtpx:TrackPointExtension>
            <gpxtpx:hr>184</gpxtpx:hr>
          </gpxtpx:TrackPointExtension>
        </extensions>
      </trkpt>
      <trkpt lat="30.479655313997196" lon="104.01821081408698">
        <ele>481.32848597317934</ele>
        <time>1970-01-01T00:28:32Z</time>
        <extensions>
          <gpxtpx:TrackPointExtension>
            <gpxtpx:hr>183</gpxtpx:hr>
          </gpxtpx:TrackPointExtension>
        </extensions>
      </trkpt>
      <trkpt lat="30.479644547252608" lon="104.01817713457888">
        <ele>481.32796157244593</ele>
        <time>1970-01-01T00:28:33Z</time>
        <extensions>
          <gpxtpx:TrackPointExtension>
            <gpxtpx:hr>183</gpxtpx:hr>
          </gpxtpx:TrackPointExtension>
        </extensions>
      </trkpt>
      <trkpt lat="30.47963454964084" lon="104.01814376710152">
        <ele>481.32592744287103</ele>
        <time>1970-01-01T00:28:34Z</time>
        <extensions>
          <gpxtpx:TrackPointExtension>
            <gpxtpx:hr>183</gpxtpx:hr>
          </gpxtpx:TrackPointExtension>
        </extensions>
      </trkpt>
      <trkpt lat="30.479624408986023" lon="104.01811059690723">
        <ele>481.32242861483246</ele>
        <time>1970-01-01T00:28:35Z</time>
        <extensions>
          <gpxtpx:TrackPointExtension>
            <gpxtpx:hr>183</gpxtpx:hr>
          </gpxtpx:TrackPointExtension>
        </extensions>
      </trkpt>
      <trkpt lat="30.47961406428998" lon="104.0180771988131">
        <ele>481.3177129253745</ele>
        <time>1970-01-01T00:28:36Z</time>
        <extensions>
          <gpxtpx:TrackPointExtension>
            <gpxtpx:hr>184</gpxtpx:hr>
          </gpxtpx:TrackPointExtension>
        </extensions>
      </trkpt>
      <trkpt lat="30.4796038655911" lon="104.01804325765264">
        <ele>481.31215274054557</ele>
        <time>1970-01-01T00:28:37Z</time>
        <extensions>
          <gpxtpx:TrackPointExtension>
            <gpxtpx:hr>184</gpxtpx:hr>
          </gpxtpx:TrackPointExtension>
        </extensions>
      </trkpt>
      <trkpt lat="30.479595048691998" lon="104.0180084859936">
        <ele>481.3061202885583</ele>
        <time>1970-01-01T00:28:38Z</time>
        <extensions>
          <gpxtpx:TrackPointExtension>
            <gpxtpx:hr>184</gpxtpx:hr>
          </gpxtpx:TrackPointExtension>
        </extensions>
      </trkpt>
      <trkpt lat="30.479588475953868" lon="104.0179724996409">
        <ele>481.2998261069879</ele>
        <time>1970-01-01T00:28:39Z</time>
        <extensions>
          <gpxtpx:TrackPointExtension>
            <gpxtpx:hr>184</gpxtpx:hr>
          </gpxtpx:TrackPointExtension>
        </extensions>
      </trkpt>
      <trkpt lat="30.47958468032668" lon="104.01793643623488">
        <ele>481.2933635292575</ele>
        <time>1970-01-01T00:28:40Z</time>
        <extensions>
          <gpxtpx:TrackPointExtension>
            <gpxtpx:hr>184</gpxtpx:hr>
          </gpxtpx:TrackPointExtension>
        </extensions>
      </trkpt>
      <trkpt lat="30.479583130471365" lon="104.01790061483445">
        <ele>481.2868495117873</ele>
        <time>1970-01-01T00:28:41Z</time>
        <extensions>
          <gpxtpx:TrackPointExtension>
            <gpxtpx:hr>184</gpxtpx:hr>
          </gpxtpx:TrackPointExtension>
        </extensions>
      </trkpt>
      <trkpt lat="30.479582613838414" lon="104.01786505251334">
        <ele>481.28040824923664</ele>
        <time>1970-01-01T00:28:42Z</time>
        <extensions>
          <gpxtpx:TrackPointExtension>
            <gpxtpx:hr>184</gpxtpx:hr>
          </gpxtpx:TrackPointExtension>
        </extensions>
      </trkpt>
      <trkpt lat="30.47958245813279" lon="104.01782909995568">
        <ele>481.27405400481075</ele>
        <time>1970-01-01T00:28:43Z</time>
        <extensions>
          <gpxtpx:TrackPointExtension>
            <gpxtpx:hr>184</gpxtpx:hr>
          </gpxtpx:TrackPointExtension>
        </extensions>
      </trkpt>
      <trkpt lat="30.479582841164493" lon="104.01779176595339">
        <ele>481.267783081159</ele>
        <time>1970-01-01T00:28:44Z</time>
        <extensions>
          <gpxtpx:TrackPointExtension>
            <gpxtpx:hr>184</gpxtpx:hr>
          </gpxtpx:TrackPointExtension>
        </extensions>
      </trkpt>
      <trkpt lat="30.479584311981984" lon="104.01775379298982">
        <ele>481.26167857740074</ele>
        <time>1970-01-01T00:28:45Z</time>
        <extensions>
          <gpxtpx:TrackPointExtension>
            <gpxtpx:hr>184</gpxtpx:hr>
          </gpxtpx:TrackPointExtension>
        </extensions>
      </trkpt>
      <trkpt lat="30.47958609182618" lon="104.01771545523934">
        <ele>481.2556856730953</ele>
        <time>1970-01-01T00:28:46Z</time>
        <extensions>
          <gpxtpx:TrackPointExtension>
            <gpxtpx:hr>184</gpxtpx:hr>
          </gpxtpx:TrackPointExtension>
        </extensions>
      </trkpt>
      <trkpt lat="30.479587314002565" lon="104.01767749024931">
        <ele>481.24954698514193</ele>
        <time>1970-01-01T00:28:47Z</time>
        <extensions>
          <gpxtpx:TrackPointExtension>
            <gpxtpx:hr>184</gpxtpx:hr>
          </gpxtpx:TrackPointExtension>
        </extensions>
      </trkpt>
      <trkpt lat="30.47958744800551" lon="104.01764018976158">
        <ele>481.24301796685904</ele>
        <time>1970-01-01T00:28:48Z</time>
        <extensions>
          <gpxtpx:TrackPointExtension>
            <gpxtpx:hr>184</gpxtpx:hr>
          </gpxtpx:TrackPointExtension>
        </extensions>
      </trkpt>
      <trkpt lat="30.47958701901177" lon="104.01760345567597">
        <ele>481.2357864268124</ele>
        <time>1970-01-01T00:28:49Z</time>
        <extensions>
          <gpxtpx:TrackPointExtension>
            <gpxtpx:hr>184</gpxtpx:hr>
          </gpxtpx:TrackPointExtension>
        </extensions>
      </trkpt>
      <trkpt lat="30.47958697701978" lon="104.01756743509723">
        <ele>481.2275513019413</ele>
        <time>1970-01-01T00:28:50Z</time>
        <extensions>
          <gpxtpx:TrackPointExtension>
            <gpxtpx:hr>184</gpxtpx:hr>
          </gpxtpx:TrackPointExtension>
        </extensions>
      </trkpt>
      <trkpt lat="30.479588067542878" lon="104.01753200982353">
        <ele>481.21824342757463</ele>
        <time>1970-01-01T00:28:51Z</time>
        <extensions>
          <gpxtpx:TrackPointExtension>
            <gpxtpx:hr>183</gpxtpx:hr>
          </gpxtpx:TrackPointExtension>
        </extensions>
      </trkpt>
      <trkpt lat="30.479591121631184" lon="104.0174971443148">
        <ele>481.208235187456</ele>
        <time>1970-01-01T00:28:52Z</time>
        <extensions>
          <gpxtpx:TrackPointExtension>
            <gpxtpx:hr>183</gpxtpx:hr>
          </gpxtpx:TrackPointExtension>
        </extensions>
      </trkpt>
      <trkpt lat="30.479595985667093" lon="104.01746207169766">
        <ele>481.19822525046766</ele>
        <time>1970-01-01T00:28:53Z</time>
        <extensions>
          <gpxtpx:TrackPointExtension>
            <gpxtpx:hr>183</gpxtpx:hr>
          </gpxtpx:TrackPointExtension>
        </extensions>
      </trkpt>
      <trkpt lat="30.479602180196093" lon="104.0174267765462">
        <ele>481.1890270235017</ele>
        <time>1970-01-01T00:28:54Z</time>
        <extensions>
          <gpxtpx:TrackPointExtension>
            <gpxtpx:hr>183</gpxtpx:hr>
          </gpxtpx:TrackPointExtension>
        </extensions>
      </trkpt>
      <trkpt lat="30.479608724267813" lon="104.01739101120748">
        <ele>481.1813751682639</ele>
        <time>1970-01-01T00:28:55Z</time>
        <extensions>
          <gpxtpx:TrackPointExtension>
            <gpxtpx:hr>183</gpxtpx:hr>
          </gpxtpx:TrackPointExtension>
        </extensions>
      </trkpt>
      <trkpt lat="30.479615297193195" lon="104.0173552258091">
        <ele>481.17576819472015</ele>
        <time>1970-01-01T00:28:56Z</time>
        <extensions>
          <gpxtpx:TrackPointExtension>
            <gpxtpx:hr>183</gpxtpx:hr>
          </gpxtpx:TrackPointExtension>
        </extensions>
      </trkpt>
      <trkpt lat="30.479622283891267" lon="104.01732024372068">
        <ele>481.17239862680435</ele>
        <time>1970-01-01T00:28:57Z</time>
        <extensions>
          <gpxtpx:TrackPointExtension>
            <gpxtpx:hr>183</gpxtpx:hr>
          </gpxtpx:TrackPointExtension>
        </extensions>
      </trkpt>
      <trkpt lat="30.47962983739441" lon="104.01728587929183">
        <ele>481.1709160534665</ele>
        <time>1970-01-01T00:28:58Z</time>
        <extensions>
          <gpxtpx:TrackPointExtension>
            <gpxtpx:hr>182</gpxtpx:hr>
          </gpxtpx:TrackPointExtension>
        </extensions>
      </trkpt>
      <trkpt lat="30.479638346874093" lon="104.01725188619797">
        <ele>481.17076784558594</ele>
        <time>1970-01-01T00:28:59Z</time>
        <extensions>
          <gpxtpx:TrackPointExtension>
            <gpxtpx:hr>182</gpxtpx:hr>
          </gpxtpx:TrackPointExtension>
        </extensions>
      </trkpt>
      <trkpt lat="30.479647884565345" lon="104.01721768427167">
        <ele>481.1713923867792</ele>
        <time>1970-01-01T00:29:00Z</time>
        <extensions>
          <gpxtpx:TrackPointExtension>
            <gpxtpx:hr>182</gpxtpx:hr>
          </gpxtpx:TrackPointExtension>
        </extensions>
      </trkpt>
      <trkpt lat="30.479658805832113" lon="104.01718387406558">
        <ele>481.1723247943446</ele>
        <time>1970-01-01T00:29:01Z</time>
        <extensions>
          <gpxtpx:TrackPointExtension>
            <gpxtpx:hr>182</gpxtpx:hr>
          </gpxtpx:TrackPointExtension>
        </extensions>
      </trkpt>
      <trkpt lat="30.47967109448174" lon="104.01715018673637">
        <ele>481.17319807689637</ele>
        <time>1970-01-01T00:29:02Z</time>
        <extensions>
          <gpxtpx:TrackPointExtension>
            <gpxtpx:hr>182</gpxtpx:hr>
          </gpxtpx:TrackPointExtension>
        </extensions>
      </trkpt>
      <trkpt lat="30.479684218255986" lon="104.01711589030009">
        <ele>481.17382146045566</ele>
        <time>1970-01-01T00:29:03Z</time>
        <extensions>
          <gpxtpx:TrackPointExtension>
            <gpxtpx:hr>182</gpxtpx:hr>
          </gpxtpx:TrackPointExtension>
        </extensions>
      </trkpt>
      <trkpt lat="30.47969797330266" lon="104.01708148327413">
        <ele>481.17407606355846</ele>
        <time>1970-01-01T00:29:04Z</time>
        <extensions>
          <gpxtpx:TrackPointExtension>
            <gpxtpx:hr>182</gpxtpx:hr>
          </gpxtpx:TrackPointExtension>
        </extensions>
      </trkpt>
      <trkpt lat="30.47971196085397" lon="104.01704755369613">
        <ele>481.173802128993</ele>
        <time>1970-01-01T00:29:05Z</time>
        <extensions>
          <gpxtpx:TrackPointExtension>
            <gpxtpx:hr>182</gpxtpx:hr>
          </gpxtpx:TrackPointExtension>
        </extensions>
      </trkpt>
      <trkpt lat="30.47972602516609" lon="104.01701472615353">
        <ele>481.172668707557</ele>
        <time>1970-01-01T00:29:06Z</time>
        <extensions>
          <gpxtpx:TrackPointExtension>
            <gpxtpx:hr>182</gpxtpx:hr>
          </gpxtpx:TrackPointExtension>
        </extensions>
      </trkpt>
      <trkpt lat="30.479740590277583" lon="104.0169826565185">
        <ele>481.17038179468364</ele>
        <time>1970-01-01T00:29:07Z</time>
        <extensions>
          <gpxtpx:TrackPointExtension>
            <gpxtpx:hr>182</gpxtpx:hr>
          </gpxtpx:TrackPointExtension>
        </extensions>
      </trkpt>
      <trkpt lat="30.47975563335173" lon="104.01695113890818">
        <ele>481.1669266950339</ele>
        <time>1970-01-01T00:29:08Z</time>
        <extensions>
          <gpxtpx:TrackPointExtension>
            <gpxtpx:hr>182</gpxtpx:hr>
          </gpxtpx:TrackPointExtension>
        </extensions>
      </trkpt>
      <trkpt lat="30.479770347502427" lon="104.01692032033378">
        <ele>481.16245234012604</ele>
        <time>1970-01-01T00:29:09Z</time>
        <extensions>
          <gpxtpx:TrackPointExtension>
            <gpxtpx:hr>182</gpxtpx:hr>
          </gpxtpx:TrackPointExtension>
        </extensions>
      </trkpt>
      <trkpt lat="30.479784547746718" lon="104.01688980716426">
        <ele>481.15711983758956</ele>
        <time>1970-01-01T00:29:10Z</time>
        <extensions>
          <gpxtpx:TrackPointExtension>
            <gpxtpx:hr>182</gpxtpx:hr>
          </gpxtpx:TrackPointExtension>
        </extensions>
      </trkpt>
      <trkpt lat="30.47979809781531" lon="104.01685965268217">
        <ele>481.15108822938055</ele>
        <time>1970-01-01T00:29:11Z</time>
        <extensions>
          <gpxtpx:TrackPointExtension>
            <gpxtpx:hr>182</gpxtpx:hr>
          </gpxtpx:TrackPointExtension>
        </extensions>
      </trkpt>
      <trkpt lat="30.47981122041965" lon="104.01682995485538">
        <ele>481.1444339854643</ele>
        <time>1970-01-01T00:29:12Z</time>
        <extensions>
          <gpxtpx:TrackPointExtension>
            <gpxtpx:hr>182</gpxtpx:hr>
          </gpxtpx:TrackPointExtension>
        </extensions>
      </trkpt>
      <trkpt lat="30.479825305749788" lon="104.0168006147291">
        <ele>481.13720055297017</ele>
        <time>1970-01-01T00:29:13Z</time>
        <extensions>
          <gpxtpx:TrackPointExtension>
            <gpxtpx:hr>182</gpxtpx:hr>
          </gpxtpx:TrackPointExtension>
        </extensions>
      </trkpt>
      <trkpt lat="30.479841423072457" lon="104.0167718138625">
        <ele>481.12950020935386</ele>
        <time>1970-01-01T00:29:14Z</time>
        <extensions>
          <gpxtpx:TrackPointExtension>
            <gpxtpx:hr>182</gpxtpx:hr>
          </gpxtpx:TrackPointExtension>
        </extensions>
      </trkpt>
      <trkpt lat="30.479859809970904" lon="104.01674464863">
        <ele>481.1216960772872</ele>
        <time>1970-01-01T00:29:15Z</time>
        <extensions>
          <gpxtpx:TrackPointExtension>
            <gpxtpx:hr>183</gpxtpx:hr>
          </gpxtpx:TrackPointExtension>
        </extensions>
      </trkpt>
      <trkpt lat="30.4798798683512" lon="104.01671909631835">
        <ele>481.11415730882436</ele>
        <time>1970-01-01T00:29:16Z</time>
        <extensions>
          <gpxtpx:TrackPointExtension>
            <gpxtpx:hr>183</gpxtpx:hr>
          </gpxtpx:TrackPointExtension>
        </extensions>
      </trkpt>
      <trkpt lat="30.47990085678026" lon="104.0166942435178">
        <ele>481.10725370422006</ele>
        <time>1970-01-01T00:29:17Z</time>
        <extensions>
          <gpxtpx:TrackPointExtension>
            <gpxtpx:hr>183</gpxtpx:hr>
          </gpxtpx:TrackPointExtension>
        </extensions>
      </trkpt>
      <trkpt lat="30.479922289218624" lon="104.01666913725214">
        <ele>481.1012366563082</ele>
        <time>1970-01-01T00:29:18Z</time>
        <extensions>
          <gpxtpx:TrackPointExtension>
            <gpxtpx:hr>183</gpxtpx:hr>
          </gpxtpx:TrackPointExtension>
        </extensions>
      </trkpt>
      <trkpt lat="30.47994410010081" lon="104.0166435703477">
        <ele>481.09618587233126</ele>
        <time>1970-01-01T00:29:19Z</time>
        <extensions>
          <gpxtpx:TrackPointExtension>
            <gpxtpx:hr>183</gpxtpx:hr>
          </gpxtpx:TrackPointExtension>
        </extensions>
      </trkpt>
      <trkpt lat="30.47996677831209" lon="104.01661864518539">
        <ele>481.091989742592</ele>
        <time>1970-01-01T00:29:20Z</time>
        <extensions>
          <gpxtpx:TrackPointExtension>
            <gpxtpx:hr>183</gpxtpx:hr>
          </gpxtpx:TrackPointExtension>
        </extensions>
      </trkpt>
      <trkpt lat="30.47999018860937" lon="104.01659487320994">
        <ele>481.08844795729965</ele>
        <time>1970-01-01T00:29:21Z</time>
        <extensions>
          <gpxtpx:TrackPointExtension>
            <gpxtpx:hr>183</gpxtpx:hr>
          </gpxtpx:TrackPointExtension>
        </extensions>
      </trkpt>
      <trkpt lat="30.480013515265043" lon="104.01657250455906">
        <ele>481.0852449350059</ele>
        <time>1970-01-01T00:29:22Z</time>
        <extensions>
          <gpxtpx:TrackPointExtension>
            <gpxtpx:hr>183</gpxtpx:hr>
          </gpxtpx:TrackPointExtension>
        </extensions>
      </trkpt>
      <trkpt lat="30.48003599745499" lon="104.01655005368546">
        <ele>481.08204207755625</ele>
        <time>1970-01-01T00:29:23Z</time>
        <extensions>
          <gpxtpx:TrackPointExtension>
            <gpxtpx:hr>183</gpxtpx:hr>
          </gpxtpx:TrackPointExtension>
        </extensions>
      </trkpt>
      <trkpt lat="30.48005767060076" lon="104.01652687992755">
        <ele>481.0787337291986</ele>
        <time>1970-01-01T00:29:24Z</time>
        <extensions>
          <gpxtpx:TrackPointExtension>
            <gpxtpx:hr>183</gpxtpx:hr>
          </gpxtpx:TrackPointExtension>
        </extensions>
      </trkpt>
      <trkpt lat="30.480079639995573" lon="104.01650419247524">
        <ele>481.0753484349698</ele>
        <time>1970-01-01T00:29:25Z</time>
        <extensions>
          <gpxtpx:TrackPointExtension>
            <gpxtpx:hr>183</gpxtpx:hr>
          </gpxtpx:TrackPointExtension>
        </extensions>
      </trkpt>
      <trkpt lat="30.480103319237298" lon="104.01648311305588">
        <ele>481.0723328096792</ele>
        <time>1970-01-01T00:29:26Z</time>
        <extensions>
          <gpxtpx:TrackPointExtension>
            <gpxtpx:hr>183</gpxtpx:hr>
          </gpxtpx:TrackPointExtension>
        </extensions>
      </trkpt>
      <trkpt lat="30.480128815840146" lon="104.0164647340777">
        <ele>481.0703914333135</ele>
        <time>1970-01-01T00:29:27Z</time>
        <extensions>
          <gpxtpx:TrackPointExtension>
            <gpxtpx:hr>182</gpxtpx:hr>
          </gpxtpx:TrackPointExtension>
        </extensions>
      </trkpt>
      <trkpt lat="30.48015523892824" lon="104.01644843678747">
        <ele>481.0703240474686</ele>
        <time>1970-01-01T00:29:27Z</time>
        <extensions>
          <gpxtpx:TrackPointExtension>
            <gpxtpx:hr>182</gpxtpx:hr>
          </gpxtpx:TrackPointExtension>
        </extensions>
      </trkpt>
      <trkpt lat="30.48018142416372" lon="104.01643298947293">
        <ele>481.07291864138097</ele>
        <time>1970-01-01T00:29:28Z</time>
        <extensions>
          <gpxtpx:TrackPointExtension>
            <gpxtpx:hr>182</gpxtpx:hr>
          </gpxtpx:TrackPointExtension>
        </extensions>
      </trkpt>
      <trkpt lat="30.480206975888752" lon="104.01641765865038">
        <ele>481.0789375398308</ele>
        <time>1970-01-01T00:29:29Z</time>
        <extensions>
          <gpxtpx:TrackPointExtension>
            <gpxtpx:hr>182</gpxtpx:hr>
          </gpxtpx:TrackPointExtension>
        </extensions>
      </trkpt>
      <trkpt lat="30.48023284251558" lon="104.01640275515501">
        <ele>481.0890064900741</ele>
        <time>1970-01-01T00:29:30Z</time>
        <extensions>
          <gpxtpx:TrackPointExtension>
            <gpxtpx:hr>182</gpxtpx:hr>
          </gpxtpx:TrackPointExtension>
        </extensions>
      </trkpt>
      <trkpt lat="30.480259150479714" lon="104.01638862337158">
        <ele>481.10357594303787</ele>
        <time>1970-01-01T00:29:31Z</time>
        <extensions>
          <gpxtpx:TrackPointExtension>
            <gpxtpx:hr>182</gpxtpx:hr>
          </gpxtpx:TrackPointExtension>
        </extensions>
      </trkpt>
      <trkpt lat="30.480285539281233" lon="104.01637515025304">
        <ele>481.12293909769505</ele>
        <time>1970-01-01T00:29:32Z</time>
        <extensions>
          <gpxtpx:TrackPointExtension>
            <gpxtpx:hr>182</gpxtpx:hr>
          </gpxtpx:TrackPointExtension>
        </extensions>
      </trkpt>
      <trkpt lat="30.480312437439892" lon="104.01636236916659">
        <ele>481.1468387618661</ele>
        <time>1970-01-01T00:29:33Z</time>
        <extensions>
          <gpxtpx:TrackPointExtension>
            <gpxtpx:hr>182</gpxtpx:hr>
          </gpxtpx:TrackPointExtension>
        </extensions>
      </trkpt>
      <trkpt lat="30.48034024368493" lon="104.01635084048">
        <ele>481.1747622182593</ele>
        <time>1970-01-01T00:29:34Z</time>
        <extensions>
          <gpxtpx:TrackPointExtension>
            <gpxtpx:hr>182</gpxtpx:hr>
          </gpxtpx:TrackPointExtension>
        </extensions>
      </trkpt>
      <trkpt lat="30.48036912068028" lon="104.01634138079409">
        <ele>481.20579642802477</ele>
        <time>1970-01-01T00:29:35Z</time>
        <extensions>
          <gpxtpx:TrackPointExtension>
            <gpxtpx:hr>182</gpxtpx:hr>
          </gpxtpx:TrackPointExtension>
        </extensions>
      </trkpt>
      <trkpt lat="30.480398887918383" lon="104.01633374222914">
        <ele>481.2385996459052</ele>
        <time>1970-01-01T00:29:36Z</time>
        <extensions>
          <gpxtpx:TrackPointExtension>
            <gpxtpx:hr>182</gpxtpx:hr>
          </gpxtpx:TrackPointExtension>
        </extensions>
      </trkpt>
      <trkpt lat="30.48042836232847" lon="104.01632771826048">
        <ele>481.2717363219708</ele>
        <time>1970-01-01T00:29:37Z</time>
        <extensions>
          <gpxtpx:TrackPointExtension>
            <gpxtpx:hr>182</gpxtpx:hr>
          </gpxtpx:TrackPointExtension>
        </extensions>
      </trkpt>
      <trkpt lat="30.480457408135518" lon="104.01632157353592">
        <ele>481.30371884536</ele>
        <time>1970-01-01T00:29:38Z</time>
        <extensions>
          <gpxtpx:TrackPointExtension>
            <gpxtpx:hr>184</gpxtpx:hr>
          </gpxtpx:TrackPointExtension>
        </extensions>
      </trkpt>
      <trkpt lat="30.480486504106555" lon="104.01631382450492">
        <ele>481.33314211294055</ele>
        <time>1970-01-01T00:29:39Z</time>
        <extensions>
          <gpxtpx:TrackPointExtension>
            <gpxtpx:hr>184</gpxtpx:hr>
          </gpxtpx:TrackPointExtension>
        </extensions>
      </trkpt>
      <trkpt lat="30.480515893446388" lon="104.01630479876806">
        <ele>481.35870267730206</ele>
        <time>1970-01-01T00:29:40Z</time>
        <extensions>
          <gpxtpx:TrackPointExtension>
            <gpxtpx:hr>184</gpxtpx:hr>
          </gpxtpx:TrackPointExtension>
        </extensions>
      </trkpt>
      <trkpt lat="30.480546004903612" lon="104.01629570866776">
        <ele>481.37908643856645</ele>
        <time>1970-01-01T00:29:41Z</time>
        <extensions>
          <gpxtpx:TrackPointExtension>
            <gpxtpx:hr>184</gpxtpx:hr>
          </gpxtpx:TrackPointExtension>
        </extensions>
      </trkpt>
      <trkpt lat="30.480576209338913" lon="104.0162880805088">
        <ele>481.3933037593961</ele>
        <time>1970-01-01T00:29:42Z</time>
        <extensions>
          <gpxtpx:TrackPointExtension>
            <gpxtpx:hr>184</gpxtpx:hr>
          </gpxtpx:TrackPointExtension>
        </extensions>
      </trkpt>
      <trkpt lat="30.480606116306774" lon="104.01628203658804">
        <ele>481.40058469120413</ele>
        <time>1970-01-01T00:29:43Z</time>
        <extensions>
          <gpxtpx:TrackPointExtension>
            <gpxtpx:hr>185</gpxtpx:hr>
          </gpxtpx:TrackPointExtension>
        </extensions>
      </trkpt>
      <trkpt lat="30.480635277297488" lon="104.01627612590464">
        <ele>481.40045897010714</ele>
        <time>1970-01-01T00:29:44Z</time>
        <extensions>
          <gpxtpx:TrackPointExtension>
            <gpxtpx:hr>185</gpxtpx:hr>
          </gpxtpx:TrackPointExtension>
        </extensions>
      </trkpt>
      <trkpt lat="30.480663130198543" lon="104.01626740813725">
        <ele>481.392786311917</ele>
        <time>1970-01-01T00:29:45Z</time>
        <extensions>
          <gpxtpx:TrackPointExtension>
            <gpxtpx:hr>185</gpxtpx:hr>
          </gpxtpx:TrackPointExtension>
        </extensions>
      </trkpt>
      <trkpt lat="30.480689635042747" lon="104.01625502286386">
        <ele>481.3778379159048</ele>
        <time>1970-01-01T00:29:46Z</time>
        <extensions>
          <gpxtpx:TrackPointExtension>
            <gpxtpx:hr>185</gpxtpx:hr>
          </gpxtpx:TrackPointExtension>
        </extensions>
      </trkpt>
      <trkpt lat="30.480715365213428" lon="104.01623938248923">
        <ele>481.3558767354116</ele>
        <time>1970-01-01T00:29:47Z</time>
        <extensions>
          <gpxtpx:TrackPointExtension>
            <gpxtpx:hr>185</gpxtpx:hr>
          </gpxtpx:TrackPointExtension>
        </extensions>
      </trkpt>
      <trkpt lat="30.480740959672385" lon="104.01621989112182">
        <ele>481.32740112487227</ele>
        <time>1970-01-01T00:29:48Z</time>
        <extensions>
          <gpxtpx:TrackPointExtension>
            <gpxtpx:hr>185</gpxtpx:hr>
          </gpxtpx:TrackPointExtension>
        </extensions>
      </trkpt>
      <trkpt lat="30.48076530330277" lon="104.01619625295481">
        <ele>481.29314042720944</ele>
        <time>1970-01-01T00:29:49Z</time>
        <extensions>
          <gpxtpx:TrackPointExtension>
            <gpxtpx:hr>185</gpxtpx:hr>
          </gpxtpx:TrackPointExtension>
        </extensions>
      </trkpt>
      <trkpt lat="30.480787134930345" lon="104.0161695184749">
        <ele>481.2539234869182</ele>
        <time>1970-01-01T00:29:50Z</time>
        <extensions>
          <gpxtpx:TrackPointExtension>
            <gpxtpx:hr>185</gpxtpx:hr>
          </gpxtpx:TrackPointExtension>
        </extensions>
      </trkpt>
      <trkpt lat="30.480806866277796" lon="104.01614114443522">
        <ele>481.21109286043793</ele>
        <time>1970-01-01T00:29:51Z</time>
        <extensions>
          <gpxtpx:TrackPointExtension>
            <gpxtpx:hr>185</gpxtpx:hr>
          </gpxtpx:TrackPointExtension>
        </extensions>
      </trkpt>
      <trkpt lat="30.480825108197674" lon="104.01611144735335">
        <ele>481.1663010120392</ele>
        <time>1970-01-01T00:29:52Z</time>
        <extensions>
          <gpxtpx:TrackPointExtension>
            <gpxtpx:hr>185</gpxtpx:hr>
          </gpxtpx:TrackPointExtension>
        </extensions>
      </trkpt>
      <trkpt lat="30.480841372749225" lon="104.01608111031888">
        <ele>481.1214721882716</ele>
        <time>1970-01-01T00:29:53Z</time>
        <extensions>
          <gpxtpx:TrackPointExtension>
            <gpxtpx:hr>185</gpxtpx:hr>
          </gpxtpx:TrackPointExtension>
        </extensions>
      </trkpt>
      <trkpt lat="30.48085427791399" lon="104.01605016370404">
        <ele>481.07866068556905</ele>
        <time>1970-01-01T00:29:54Z</time>
        <extensions>
          <gpxtpx:TrackPointExtension>
            <gpxtpx:hr>185</gpxtpx:hr>
          </gpxtpx:TrackPointExtension>
        </extensions>
      </trkpt>
      <trkpt lat="30.480863390373415" lon="104.01601867943917">
        <ele>481.03971466980875</ele>
        <time>1970-01-01T00:29:55Z</time>
        <extensions>
          <gpxtpx:TrackPointExtension>
            <gpxtpx:hr>185</gpxtpx:hr>
          </gpxtpx:TrackPointExtension>
        </extensions>
      </trkpt>
      <trkpt lat="30.480869279152937" lon="104.0159867444196">
        <ele>481.00638787448406</ele>
        <time>1970-01-01T00:29:56Z</time>
        <extensions>
          <gpxtpx:TrackPointExtension>
            <gpxtpx:hr>185</gpxtpx:hr>
          </gpxtpx:TrackPointExtension>
        </extensions>
      </trkpt>
      <trkpt lat="30.480873026974862" lon="104.01595413572227">
        <ele>480.97996930312365</ele>
        <time>1970-01-01T00:29:57Z</time>
        <extensions>
          <gpxtpx:TrackPointExtension>
            <gpxtpx:hr>185</gpxtpx:hr>
          </gpxtpx:TrackPointExtension>
        </extensions>
      </trkpt>
      <trkpt lat="30.48087488161968" lon="104.01592162227489">
        <ele>480.9611285403371</ele>
        <time>1970-01-01T00:29:58Z</time>
        <extensions>
          <gpxtpx:TrackPointExtension>
            <gpxtpx:hr>185</gpxtpx:hr>
          </gpxtpx:TrackPointExtension>
        </extensions>
      </trkpt>
      <trkpt lat="30.480873874980382" lon="104.01588933116396">
        <ele>480.94995100423694</ele>
        <time>1970-01-01T00:29:59Z</time>
        <extensions>
          <gpxtpx:TrackPointExtension>
            <gpxtpx:hr>185</gpxtpx:hr>
          </gpxtpx:TrackPointExtension>
        </extensions>
      </trkpt>
      <trkpt lat="30.48087031763356" lon="104.0158569224982">
        <ele>480.9461588123813</ele>
        <time>1970-01-01T00:30:00Z</time>
        <extensions>
          <gpxtpx:TrackPointExtension>
            <gpxtpx:hr>184</gpxtpx:hr>
          </gpxtpx:TrackPointExtension>
        </extensions>
      </trkpt>
      <trkpt lat="30.480864392048755" lon="104.01582442792184">
        <ele>480.94905219227076</ele>
        <time>1970-01-01T00:30:01Z</time>
        <extensions>
          <gpxtpx:TrackPointExtension>
            <gpxtpx:hr>184</gpxtpx:hr>
          </gpxtpx:TrackPointExtension>
        </extensions>
      </trkpt>
      <trkpt lat="30.48085647102784" lon="104.01579211211434">
        <ele>480.95780160743743</ele>
        <time>1970-01-01T00:30:02Z</time>
        <extensions>
          <gpxtpx:TrackPointExtension>
            <gpxtpx:hr>184</gpxtpx:hr>
          </gpxtpx:TrackPointExtension>
        </extensions>
      </trkpt>
      <trkpt lat="30.48084674717435" lon="104.01576072053622">
        <ele>480.9716419214383</ele>
        <time>1970-01-01T00:30:03Z</time>
        <extensions>
          <gpxtpx:TrackPointExtension>
            <gpxtpx:hr>184</gpxtpx:hr>
          </gpxtpx:TrackPointExtension>
        </extensions>
      </trkpt>
      <trkpt lat="30.480833978526334" lon="104.01573173501414">
        <ele>480.98969659395516</ele>
        <time>1970-01-01T00:30:04Z</time>
        <extensions>
          <gpxtpx:TrackPointExtension>
            <gpxtpx:hr>184</gpxtpx:hr>
          </gpxtpx:TrackPointExtension>
        </extensions>
      </trkpt>
      <trkpt lat="30.480817159116388" lon="104.01570556486301">
        <ele>481.0111183542758</ele>
        <time>1970-01-01T00:30:05Z</time>
        <extensions>
          <gpxtpx:TrackPointExtension>
            <gpxtpx:hr>183</gpxtpx:hr>
          </gpxtpx:TrackPointExtension>
        </extensions>
      </trkpt>
      <trkpt lat="30.480797142480363" lon="104.01568088763348">
        <ele>481.0346917947754</ele>
        <time>1970-01-01T00:30:06Z</time>
        <extensions>
          <gpxtpx:TrackPointExtension>
            <gpxtpx:hr>183</gpxtpx:hr>
          </gpxtpx:TrackPointExtension>
        </extensions>
      </trkpt>
      <trkpt lat="30.48077543838142" lon="104.01565709824992">
        <ele>481.05889747757465</ele>
        <time>1970-01-01T00:30:07Z</time>
        <extensions>
          <gpxtpx:TrackPointExtension>
            <gpxtpx:hr>183</gpxtpx:hr>
          </gpxtpx:TrackPointExtension>
        </extensions>
      </trkpt>
      <trkpt lat="30.480752017727113" lon="104.01563551327585">
        <ele>481.0820871498436</ele>
        <time>1970-01-01T00:30:08Z</time>
        <extensions>
          <gpxtpx:TrackPointExtension>
            <gpxtpx:hr>183</gpxtpx:hr>
          </gpxtpx:TrackPointExtension>
        </extensions>
      </trkpt>
      <trkpt lat="30.480727037041383" lon="104.01561781176697">
        <ele>481.1028455151245</ele>
        <time>1970-01-01T00:30:09Z</time>
        <extensions>
          <gpxtpx:TrackPointExtension>
            <gpxtpx:hr>183</gpxtpx:hr>
          </gpxtpx:TrackPointExtension>
        </extensions>
      </trkpt>
      <trkpt lat="30.48070020814198" lon="104.01560410173174">
        <ele>481.1198933068663</ele>
        <time>1970-01-01T00:30:10Z</time>
        <extensions>
          <gpxtpx:TrackPointExtension>
            <gpxtpx:hr>183</gpxtpx:hr>
          </gpxtpx:TrackPointExtension>
        </extensions>
      </trkpt>
      <trkpt lat="30.48067202755562" lon="104.01559316433203">
        <ele>481.13227355107665</ele>
        <time>1970-01-01T00:30:11Z</time>
        <extensions>
          <gpxtpx:TrackPointExtension>
            <gpxtpx:hr>185</gpxtpx:hr>
          </gpxtpx:TrackPointExtension>
        </extensions>
      </trkpt>
      <trkpt lat="30.48064360938906" lon="104.01558338570759">
        <ele>481.1394325112924</ele>
        <time>1970-01-01T00:30:12Z</time>
        <extensions>
          <gpxtpx:TrackPointExtension>
            <gpxtpx:hr>185</gpxtpx:hr>
          </gpxtpx:TrackPointExtension>
        </extensions>
      </trkpt>
      <trkpt lat="30.480614981712655" lon="104.01557329249512">
        <ele>481.14140940550715</ele>
        <time>1970-01-01T00:30:13Z</time>
        <extensions>
          <gpxtpx:TrackPointExtension>
            <gpxtpx:hr>185</gpxtpx:hr>
          </gpxtpx:TrackPointExtension>
        </extensions>
      </trkpt>
      <trkpt lat="30.480586341719146" lon="104.01556282537665">
        <ele>481.1381804039702</ele>
        <time>1970-01-01T00:30:14Z</time>
        <extensions>
          <gpxtpx:TrackPointExtension>
            <gpxtpx:hr>185</gpxtpx:hr>
          </gpxtpx:TrackPointExtension>
        </extensions>
      </trkpt>
      <trkpt lat="30.48055744165087" lon="104.0155519095474">
        <ele>481.13008447457105</ele>
        <time>1970-01-01T00:30:15Z</time>
        <extensions>
          <gpxtpx:TrackPointExtension>
            <gpxtpx:hr>185</gpxtpx:hr>
          </gpxtpx:TrackPointExtension>
        </extensions>
      </trkpt>
      <trkpt lat="30.48052825559081" lon="104.0155398597282">
        <ele>481.1178478812799</ele>
        <time>1970-01-01T00:30:16Z</time>
        <extensions>
          <gpxtpx:TrackPointExtension>
            <gpxtpx:hr>185</gpxtpx:hr>
          </gpxtpx:TrackPointExtension>
        </extensions>
      </trkpt>
      <trkpt lat="30.48049854463248" lon="104.01552720132642">
        <ele>481.10243019554764</ele>
        <time>1970-01-01T00:30:17Z</time>
        <extensions>
          <gpxtpx:TrackPointExtension>
            <gpxtpx:hr>185</gpxtpx:hr>
          </gpxtpx:TrackPointExtension>
        </extensions>
      </trkpt>
      <trkpt lat="30.480468921433435" lon="104.01551429249636">
        <ele>481.08445915579796</ele>
        <time>1970-01-01T00:30:18Z</time>
        <extensions>
          <gpxtpx:TrackPointExtension>
            <gpxtpx:hr>184</gpxtpx:hr>
          </gpxtpx:TrackPointExtension>
        </extensions>
      </trkpt>
      <trkpt lat="30.480439763716845" lon="104.01550054374444">
        <ele>481.0644470276311</ele>
        <time>1970-01-01T00:30:19Z</time>
        <extensions>
          <gpxtpx:TrackPointExtension>
            <gpxtpx:hr>184</gpxtpx:hr>
          </gpxtpx:TrackPointExtension>
        </extensions>
      </trkpt>
      <trkpt lat="30.480410332165768" lon="104.0154860152733">
        <ele>481.0425358116627</ele>
        <time>1970-01-01T00:30:20Z</time>
        <extensions>
          <gpxtpx:TrackPointExtension>
            <gpxtpx:hr>184</gpxtpx:hr>
          </gpxtpx:TrackPointExtension>
        </extensions>
      </trkpt>
      <trkpt lat="30.480380460689076" lon="104.01547202399132">
        <ele>481.01852461509407</ele>
        <time>1970-01-01T00:30:21Z</time>
        <extensions>
          <gpxtpx:TrackPointExtension>
            <gpxtpx:hr>184</gpxtpx:hr>
          </gpxtpx:TrackPointExtension>
        </extensions>
      </trkpt>
      <trkpt lat="30.480349798946413" lon="104.01545872667975">
        <ele>480.9924140656367</ele>
        <time>1970-01-01T00:30:22Z</time>
        <extensions>
          <gpxtpx:TrackPointExtension>
            <gpxtpx:hr>184</gpxtpx:hr>
          </gpxtpx:TrackPointExtension>
        </extensions>
      </trkpt>
      <trkpt lat="30.480319093509742" lon="104.01544508448131">
        <ele>480.96462089009583</ele>
        <time>1970-01-01T00:30:23Z</time>
        <extensions>
          <gpxtpx:TrackPointExtension>
            <gpxtpx:hr>184</gpxtpx:hr>
          </gpxtpx:TrackPointExtension>
        </extensions>
      </trkpt>
      <trkpt lat="30.48028897152495" lon="104.01543121399763">
        <ele>480.9361869376153</ele>
        <time>1970-01-01T00:30:24Z</time>
        <extensions>
          <gpxtpx:TrackPointExtension>
            <gpxtpx:hr>184</gpxtpx:hr>
          </gpxtpx:TrackPointExtension>
        </extensions>
      </trkpt>
      <trkpt lat="30.48025987862394" lon="104.01541751088371">
        <ele>480.9086655592546</ele>
        <time>1970-01-01T00:30:25Z</time>
        <extensions>
          <gpxtpx:TrackPointExtension>
            <gpxtpx:hr>184</gpxtpx:hr>
          </gpxtpx:TrackPointExtension>
        </extensions>
      </trkpt>
      <trkpt lat="30.480232283319054" lon="104.01540424823884">
        <ele>480.8838505623862</ele>
        <time>1970-01-01T00:30:26Z</time>
        <extensions>
          <gpxtpx:TrackPointExtension>
            <gpxtpx:hr>184</gpxtpx:hr>
          </gpxtpx:TrackPointExtension>
        </extensions>
      </trkpt>
      <trkpt lat="30.480205401425728" lon="104.01539252594871">
        <ele>480.8633091766387</ele>
        <time>1970-01-01T00:30:27Z</time>
        <extensions>
          <gpxtpx:TrackPointExtension>
            <gpxtpx:hr>184</gpxtpx:hr>
          </gpxtpx:TrackPointExtension>
        </extensions>
      </trkpt>
      <trkpt lat="30.480177626570327" lon="104.01538338374178">
        <ele>480.8481247043237</ele>
        <time>1970-01-01T00:30:28Z</time>
        <extensions>
          <gpxtpx:TrackPointExtension>
            <gpxtpx:hr>184</gpxtpx:hr>
          </gpxtpx:TrackPointExtension>
        </extensions>
      </trkpt>
      <trkpt lat="30.480148136707236" lon="104.01537600610956">
        <ele>480.8388010635972</ele>
        <time>1970-01-01T00:30:29Z</time>
        <extensions>
          <gpxtpx:TrackPointExtension>
            <gpxtpx:hr>184</gpxtpx:hr>
          </gpxtpx:TrackPointExtension>
        </extensions>
      </trkpt>
      <trkpt lat="30.480117593295297" lon="104.01536893834637">
        <ele>480.835314639844</ele>
        <time>1970-01-01T00:30:30Z</time>
        <extensions>
          <gpxtpx:TrackPointExtension>
            <gpxtpx:hr>184</gpxtpx:hr>
          </gpxtpx:TrackPointExtension>
        </extensions>
      </trkpt>
      <trkpt lat="30.480086553097127" lon="104.01536222746059">
        <ele>480.83703380450606</ele>
        <time>1970-01-01T00:30:31Z</time>
        <extensions>
          <gpxtpx:TrackPointExtension>
            <gpxtpx:hr>184</gpxtpx:hr>
          </gpxtpx:TrackPointExtension>
        </extensions>
      </trkpt>
      <trkpt lat="30.48005560416953" lon="104.01535694023305">
        <ele>480.84305808506906</ele>
        <time>1970-01-01T00:30:32Z</time>
        <extensions>
          <gpxtpx:TrackPointExtension>
            <gpxtpx:hr>184</gpxtpx:hr>
          </gpxtpx:TrackPointExtension>
        </extensions>
      </trkpt>
      <trkpt lat="30.48002409956512" lon="104.01535428975431">
        <ele>480.8524198438972</ele>
        <time>1970-01-01T00:30:33Z</time>
        <extensions>
          <gpxtpx:TrackPointExtension>
            <gpxtpx:hr>184</gpxtpx:hr>
          </gpxtpx:TrackPointExtension>
        </extensions>
      </trkpt>
      <trkpt lat="30.47999208445397" lon="104.01535403366638">
        <ele>480.8643507389352</ele>
        <time>1970-01-01T00:30:34Z</time>
        <extensions>
          <gpxtpx:TrackPointExtension>
            <gpxtpx:hr>184</gpxtpx:hr>
          </gpxtpx:TrackPointExtension>
        </extensions>
      </trkpt>
      <trkpt lat="30.479960033949848" lon="104.01535469445854">
        <ele>480.8783995192498</ele>
        <time>1970-01-01T00:30:35Z</time>
        <extensions>
          <gpxtpx:TrackPointExtension>
            <gpxtpx:hr>184</gpxtpx:hr>
          </gpxtpx:TrackPointExtension>
        </extensions>
      </trkpt>
      <trkpt lat="30.479927973203978" lon="104.01535492390505">
        <ele>480.89461545459926</ele>
        <time>1970-01-01T00:30:36Z</time>
        <extensions>
          <gpxtpx:TrackPointExtension>
            <gpxtpx:hr>184</gpxtpx:hr>
          </gpxtpx:TrackPointExtension>
        </extensions>
      </trkpt>
      <trkpt lat="30.47989669957032" lon="104.01535410917847">
        <ele>480.91311043221503</ele>
        <time>1970-01-01T00:30:37Z</time>
        <extensions>
          <gpxtpx:TrackPointExtension>
            <gpxtpx:hr>184</gpxtpx:hr>
          </gpxtpx:TrackPointExtension>
        </extensions>
      </trkpt>
      <trkpt lat="30.479865662790033" lon="104.01535289053649">
        <ele>480.9339929604903</ele>
        <time>1970-01-01T00:30:38Z</time>
        <extensions>
          <gpxtpx:TrackPointExtension>
            <gpxtpx:hr>183</gpxtpx:hr>
          </gpxtpx:TrackPointExtension>
        </extensions>
      </trkpt>
      <trkpt lat="30.479834086324743" lon="104.0153518489528">
        <ele>480.95717426296324</ele>
        <time>1970-01-01T00:30:39Z</time>
        <extensions>
          <gpxtpx:TrackPointExtension>
            <gpxtpx:hr>183</gpxtpx:hr>
          </gpxtpx:TrackPointExtension>
        </extensions>
      </trkpt>
      <trkpt lat="30.479802091349267" lon="104.01535125120822">
        <ele>480.9823548113927</ele>
        <time>1970-01-01T00:30:40Z</time>
        <extensions>
          <gpxtpx:TrackPointExtension>
            <gpxtpx:hr>183</gpxtpx:hr>
          </gpxtpx:TrackPointExtension>
        </extensions>
      </trkpt>
      <trkpt lat="30.479770391343155" lon="104.01535111552914">
        <ele>481.0089331874624</ele>
        <time>1970-01-01T00:30:41Z</time>
        <extensions>
          <gpxtpx:TrackPointExtension>
            <gpxtpx:hr>183</gpxtpx:hr>
          </gpxtpx:TrackPointExtension>
        </extensions>
      </trkpt>
      <trkpt lat="30.479739496714878" lon="104.01535214343697">
        <ele>481.03609297052026</ele>
        <time>1970-01-01T00:30:42Z</time>
        <extensions>
          <gpxtpx:TrackPointExtension>
            <gpxtpx:hr>183</gpxtpx:hr>
          </gpxtpx:TrackPointExtension>
        </extensions>
      </trkpt>
      <trkpt lat="30.479710194373695" lon="104.01535513831844">
        <ele>481.06295015569776</ele>
        <time>1970-01-01T00:30:43Z</time>
        <extensions>
          <gpxtpx:TrackPointExtension>
            <gpxtpx:hr>183</gpxtpx:hr>
          </gpxtpx:TrackPointExtension>
        </extensions>
      </trkpt>
      <trkpt lat="30.479682047083983" lon="104.01535964421527">
        <ele>481.0887859808281</ele>
        <time>1970-01-01T00:30:44Z</time>
        <extensions>
          <gpxtpx:TrackPointExtension>
            <gpxtpx:hr>183</gpxtpx:hr>
          </gpxtpx:TrackPointExtension>
        </extensions>
      </trkpt>
      <trkpt lat="30.47965359141311" lon="104.01536455540176">
        <ele>481.11279004905373</ele>
        <time>1970-01-01T00:30:45Z</time>
        <extensions>
          <gpxtpx:TrackPointExtension>
            <gpxtpx:hr>183</gpxtpx:hr>
          </gpxtpx:TrackPointExtension>
        </extensions>
      </trkpt>
      <trkpt lat="30.479625170625813" lon="104.0153696129354">
        <ele>481.13456506840885</ele>
        <time>1970-01-01T00:30:46Z</time>
        <extensions>
          <gpxtpx:TrackPointExtension>
            <gpxtpx:hr>183</gpxtpx:hr>
          </gpxtpx:TrackPointExtension>
        </extensions>
      </trkpt>
      <trkpt lat="30.47959596633478" lon="104.01537540119254">
        <ele>481.1540531506762</ele>
        <time>1970-01-01T00:30:47Z</time>
        <extensions>
          <gpxtpx:TrackPointExtension>
            <gpxtpx:hr>183</gpxtpx:hr>
          </gpxtpx:TrackPointExtension>
        </extensions>
      </trkpt>
      <trkpt lat="30.47956512596489" lon="104.01538124742038">
        <ele>481.17132624797523</ele>
        <time>1970-01-01T00:30:48Z</time>
        <extensions>
          <gpxtpx:TrackPointExtension>
            <gpxtpx:hr>180</gpxtpx:hr>
          </gpxtpx:TrackPointExtension>
        </extensions>
      </trkpt>
      <trkpt lat="30.47953331253561" lon="104.01538650094359">
        <ele>481.1864487454295</ele>
        <time>1970-01-01T00:30:49Z</time>
        <extensions>
          <gpxtpx:TrackPointExtension>
            <gpxtpx:hr>180</gpxtpx:hr>
          </gpxtpx:TrackPointExtension>
        </extensions>
      </trkpt>
      <trkpt lat="30.479501566061394" lon="104.01539145816231">
        <ele>481.19921027868986</ele>
        <time>1970-01-01T00:30:50Z</time>
        <extensions>
          <gpxtpx:TrackPointExtension>
            <gpxtpx:hr>180</gpxtpx:hr>
          </gpxtpx:TrackPointExtension>
        </extensions>
      </trkpt>
      <trkpt lat="30.47946997264771" lon="104.0153973367397">
        <ele>481.20910322573036</ele>
        <time>1970-01-01T00:30:51Z</time>
        <extensions>
          <gpxtpx:TrackPointExtension>
            <gpxtpx:hr>180</gpxtpx:hr>
          </gpxtpx:TrackPointExtension>
        </extensions>
      </trkpt>
      <trkpt lat="30.479438578897305" lon="104.01540404853426">
        <ele>481.21537785604596</ele>
        <time>1970-01-01T00:30:52Z</time>
        <extensions>
          <gpxtpx:TrackPointExtension>
            <gpxtpx:hr>180</gpxtpx:hr>
          </gpxtpx:TrackPointExtension>
        </extensions>
      </trkpt>
      <trkpt lat="30.47940775701647" lon="104.01541044445825">
        <ele>481.21721165347844</ele>
        <time>1970-01-01T00:30:53Z</time>
        <extensions>
          <gpxtpx:TrackPointExtension>
            <gpxtpx:hr>181</gpxtpx:hr>
          </gpxtpx:TrackPointExtension>
        </extensions>
      </trkpt>
      <trkpt lat="30.479377419548356" lon="104.01541654455019">
        <ele>481.21395338512957</ele>
        <time>1970-01-01T00:30:54Z</time>
        <extensions>
          <gpxtpx:TrackPointExtension>
            <gpxtpx:hr>181</gpxtpx:hr>
          </gpxtpx:TrackPointExtension>
        </extensions>
      </trkpt>
      <trkpt lat="30.479347289772054" lon="104.01542274981486">
        <ele>481.2052794182673</ele>
        <time>1970-01-01T00:30:55Z</time>
        <extensions>
          <gpxtpx:TrackPointExtension>
            <gpxtpx:hr>181</gpxtpx:hr>
          </gpxtpx:TrackPointExtension>
        </extensions>
      </trkpt>
      <trkpt lat="30.479316745470165" lon="104.01542918479">
        <ele>481.1912512239069</ele>
        <time>1970-01-01T00:30:56Z</time>
        <extensions>
          <gpxtpx:TrackPointExtension>
            <gpxtpx:hr>181</gpxtpx:hr>
          </gpxtpx:TrackPointExtension>
        </extensions>
      </trkpt>
      <trkpt lat="30.479285955264956" lon="104.01543495385708">
        <ele>481.17228892818093</ele>
        <time>1970-01-01T00:30:57Z</time>
        <extensions>
          <gpxtpx:TrackPointExtension>
            <gpxtpx:hr>181</gpxtpx:hr>
          </gpxtpx:TrackPointExtension>
        </extensions>
      </trkpt>
      <trkpt lat="30.47925487155233" lon="104.01543934858344">
        <ele>481.1490513877943</ele>
        <time>1970-01-01T00:30:58Z</time>
        <extensions>
          <gpxtpx:TrackPointExtension>
            <gpxtpx:hr>181</gpxtpx:hr>
          </gpxtpx:TrackPointExtension>
        </extensions>
      </trkpt>
      <trkpt lat="30.479223634308035" lon="104.01544250456281">
        <ele>481.1222558161244</ele>
        <time>1970-01-01T00:30:59Z</time>
        <extensions>
          <gpxtpx:TrackPointExtension>
            <gpxtpx:hr>181</gpxtpx:hr>
          </gpxtpx:TrackPointExtension>
        </extensions>
      </trkpt>
      <trkpt lat="30.47919152488467" lon="104.01544513754916">
        <ele>481.09273342136294</ele>
        <time>1970-01-01T00:31:00Z</time>
        <extensions>
          <gpxtpx:TrackPointExtension>
            <gpxtpx:hr>181</gpxtpx:hr>
          </gpxtpx:TrackPointExtension>
        </extensions>
      </trkpt>
      <trkpt lat="30.479159269051586" lon="104.01544729163695">
        <ele>481.0612914180383</ele>
        <time>1970-01-01T00:31:01Z</time>
        <extensions>
          <gpxtpx:TrackPointExtension>
            <gpxtpx:hr>181</gpxtpx:hr>
          </gpxtpx:TrackPointExtension>
        </extensions>
      </trkpt>
      <trkpt lat="30.479128162200286" lon="104.01544863757285">
        <ele>481.0285550998524</ele>
        <time>1970-01-01T00:31:02Z</time>
        <extensions>
          <gpxtpx:TrackPointExtension>
            <gpxtpx:hr>181</gpxtpx:hr>
          </gpxtpx:TrackPointExtension>
        </extensions>
      </trkpt>
      <trkpt lat="30.479098095135342" lon="104.01544877511111">
        <ele>480.995136522688</ele>
        <time>1970-01-01T00:31:03Z</time>
        <extensions>
          <gpxtpx:TrackPointExtension>
            <gpxtpx:hr>181</gpxtpx:hr>
          </gpxtpx:TrackPointExtension>
        </extensions>
      </trkpt>
      <trkpt lat="30.479068284169532" lon="104.01544716317827">
        <ele>480.96154942084104</ele>
        <time>1970-01-01T00:31:04Z</time>
        <extensions>
          <gpxtpx:TrackPointExtension>
            <gpxtpx:hr>181</gpxtpx:hr>
          </gpxtpx:TrackPointExtension>
        </extensions>
      </trkpt>
      <trkpt lat="30.4790381331392" lon="104.01544345873972">
        <ele>480.9283576477319</ele>
        <time>1970-01-01T00:31:05Z</time>
        <extensions>
          <gpxtpx:TrackPointExtension>
            <gpxtpx:hr>181</gpxtpx:hr>
          </gpxtpx:TrackPointExtension>
        </extensions>
      </trkpt>
      <trkpt lat="30.479008106637142" lon="104.01543766594409">
        <ele>480.89623809605837</ele>
        <time>1970-01-01T00:31:06Z</time>
        <extensions>
          <gpxtpx:TrackPointExtension>
            <gpxtpx:hr>182</gpxtpx:hr>
          </gpxtpx:TrackPointExtension>
        </extensions>
      </trkpt>
      <trkpt lat="30.47897755814883" lon="104.01543053944322">
        <ele>480.8657584981993</ele>
        <time>1970-01-01T00:31:07Z</time>
        <extensions>
          <gpxtpx:TrackPointExtension>
            <gpxtpx:hr>182</gpxtpx:hr>
          </gpxtpx:TrackPointExtension>
        </extensions>
      </trkpt>
      <trkpt lat="30.478946014065393" lon="104.01542260954375">
        <ele>480.83789109252393</ele>
        <time>1970-01-01T00:31:08Z</time>
        <extensions>
          <gpxtpx:TrackPointExtension>
            <gpxtpx:hr>182</gpxtpx:hr>
          </gpxtpx:TrackPointExtension>
        </extensions>
      </trkpt>
      <trkpt lat="30.478913593233486" lon="104.01541441947772">
        <ele>480.813592992723</ele>
        <time>1970-01-01T00:31:09Z</time>
        <extensions>
          <gpxtpx:TrackPointExtension>
            <gpxtpx:hr>182</gpxtpx:hr>
          </gpxtpx:TrackPointExtension>
        </extensions>
      </trkpt>
      <trkpt lat="30.47888150852337" lon="104.01540661886847">
        <ele>480.7936489395797</ele>
        <time>1970-01-01T00:31:10Z</time>
        <extensions>
          <gpxtpx:TrackPointExtension>
            <gpxtpx:hr>182</gpxtpx:hr>
          </gpxtpx:TrackPointExtension>
        </extensions>
      </trkpt>
      <trkpt lat="30.47885083191996" lon="104.0153992277609">
        <ele>480.7785845538601</ele>
        <time>1970-01-01T00:31:11Z</time>
        <extensions>
          <gpxtpx:TrackPointExtension>
            <gpxtpx:hr>182</gpxtpx:hr>
          </gpxtpx:TrackPointExtension>
        </extensions>
      </trkpt>
      <trkpt lat="30.478820987808405" lon="104.01539195042372">
        <ele>480.76877399068326</ele>
        <time>1970-01-01T00:31:12Z</time>
        <extensions>
          <gpxtpx:TrackPointExtension>
            <gpxtpx:hr>182</gpxtpx:hr>
          </gpxtpx:TrackPointExtension>
        </extensions>
      </trkpt>
      <trkpt lat="30.478790813327237" lon="104.01538478116932">
        <ele>480.7644743742421</ele>
        <time>1970-01-01T00:31:13Z</time>
        <extensions>
          <gpxtpx:TrackPointExtension>
            <gpxtpx:hr>182</gpxtpx:hr>
          </gpxtpx:TrackPointExtension>
        </extensions>
      </trkpt>
      <trkpt lat="30.478760207744784" lon="104.01537709237063">
        <ele>480.76581075321883</ele>
        <time>1970-01-01T00:31:14Z</time>
        <extensions>
          <gpxtpx:TrackPointExtension>
            <gpxtpx:hr>182</gpxtpx:hr>
          </gpxtpx:TrackPointExtension>
        </extensions>
      </trkpt>
      <trkpt lat="30.478730134097713" lon="104.01536832148358">
        <ele>480.7727491352707</ele>
        <time>1970-01-01T00:31:15Z</time>
        <extensions>
          <gpxtpx:TrackPointExtension>
            <gpxtpx:hr>182</gpxtpx:hr>
          </gpxtpx:TrackPointExtension>
        </extensions>
      </trkpt>
      <trkpt lat="30.47870001922116" lon="104.01535846031732">
        <ele>480.78513760026544</ele>
        <time>1970-01-01T00:31:16Z</time>
        <extensions>
          <gpxtpx:TrackPointExtension>
            <gpxtpx:hr>182</gpxtpx:hr>
          </gpxtpx:TrackPointExtension>
        </extensions>
      </trkpt>
      <trkpt lat="30.47866926250352" lon="104.01534690121876">
        <ele>480.8026714939624</ele>
        <time>1970-01-01T00:31:17Z</time>
        <extensions>
          <gpxtpx:TrackPointExtension>
            <gpxtpx:hr>182</gpxtpx:hr>
          </gpxtpx:TrackPointExtension>
        </extensions>
      </trkpt>
      <trkpt lat="30.478638086660613" lon="104.01533443984344">
        <ele>480.82440738379955</ele>
        <time>1970-01-01T00:31:18Z</time>
        <extensions>
          <gpxtpx:TrackPointExtension>
            <gpxtpx:hr>182</gpxtpx:hr>
          </gpxtpx:TrackPointExtension>
        </extensions>
      </trkpt>
      <trkpt lat="30.47860678246349" lon="104.01532320736615">
        <ele>480.8490953994915</ele>
        <time>1970-01-01T00:31:19Z</time>
        <extensions>
          <gpxtpx:TrackPointExtension>
            <gpxtpx:hr>182</gpxtpx:hr>
          </gpxtpx:TrackPointExtension>
        </extensions>
      </trkpt>
      <trkpt lat="30.478575239941883" lon="104.01531418804569">
        <ele>480.8756946353242</ele>
        <time>1970-01-01T00:31:20Z</time>
        <extensions>
          <gpxtpx:TrackPointExtension>
            <gpxtpx:hr>182</gpxtpx:hr>
          </gpxtpx:TrackPointExtension>
        </extensions>
      </trkpt>
      <trkpt lat="30.478543538073268" lon="104.01530688225299">
        <ele>480.902932013385</ele>
        <time>1970-01-01T00:31:21Z</time>
        <extensions>
          <gpxtpx:TrackPointExtension>
            <gpxtpx:hr>182</gpxtpx:hr>
          </gpxtpx:TrackPointExtension>
        </extensions>
      </trkpt>
      <trkpt lat="30.478512315248206" lon="104.0152999698548">
        <ele>480.92955765873194</ele>
        <time>1970-01-01T00:31:22Z</time>
        <extensions>
          <gpxtpx:TrackPointExtension>
            <gpxtpx:hr>183</gpxtpx:hr>
          </gpxtpx:TrackPointExtension>
        </extensions>
      </trkpt>
      <trkpt lat="30.478481147938172" lon="104.01529307170082">
        <ele>480.95436515379697</ele>
        <time>1970-01-01T00:31:23Z</time>
        <extensions>
          <gpxtpx:TrackPointExtension>
            <gpxtpx:hr>183</gpxtpx:hr>
          </gpxtpx:TrackPointExtension>
        </extensions>
      </trkpt>
      <trkpt lat="30.478449850935363" lon="104.0152867615888">
        <ele>480.97613291814923</ele>
        <time>1970-01-01T00:31:24Z</time>
        <extensions>
          <gpxtpx:TrackPointExtension>
            <gpxtpx:hr>183</gpxtpx:hr>
          </gpxtpx:TrackPointExtension>
        </extensions>
      </trkpt>
      <trkpt lat="30.478417839003736" lon="104.01528222631022">
        <ele>480.99343970790505</ele>
        <time>1970-01-01T00:31:25Z</time>
        <extensions>
          <gpxtpx:TrackPointExtension>
            <gpxtpx:hr>183</gpxtpx:hr>
          </gpxtpx:TrackPointExtension>
        </extensions>
      </trkpt>
      <trkpt lat="30.478385448159248" lon="104.01527922940546">
        <ele>481.0049404883757</ele>
        <time>1970-01-01T00:31:26Z</time>
        <extensions>
          <gpxtpx:TrackPointExtension>
            <gpxtpx:hr>183</gpxtpx:hr>
          </gpxtpx:TrackPointExtension>
        </extensions>
      </trkpt>
      <trkpt lat="30.47835341806759" lon="104.01527678778707">
        <ele>481.0096364626661</ele>
        <time>1970-01-01T00:31:27Z</time>
        <extensions>
          <gpxtpx:TrackPointExtension>
            <gpxtpx:hr>183</gpxtpx:hr>
          </gpxtpx:TrackPointExtension>
        </extensions>
      </trkpt>
      <trkpt lat="30.478321630239773" lon="104.01527446846808">
        <ele>481.0071158464998</ele>
        <time>1970-01-01T00:31:28Z</time>
        <extensions>
          <gpxtpx:TrackPointExtension>
            <gpxtpx:hr>183</gpxtpx:hr>
          </gpxtpx:TrackPointExtension>
        </extensions>
      </trkpt>
      <trkpt lat="30.478290647358772" lon="104.01527278970188">
        <ele>480.99751832615584</ele>
        <time>1970-01-01T00:31:29Z</time>
        <extensions>
          <gpxtpx:TrackPointExtension>
            <gpxtpx:hr>183</gpxtpx:hr>
          </gpxtpx:TrackPointExtension>
        </extensions>
      </trkpt>
      <trkpt lat="30.47826001952148" lon="104.01527381246943">
        <ele>480.9815858732909</ele>
        <time>1970-01-01T00:31:30Z</time>
        <extensions>
          <gpxtpx:TrackPointExtension>
            <gpxtpx:hr>183</gpxtpx:hr>
          </gpxtpx:TrackPointExtension>
        </extensions>
      </trkpt>
      <trkpt lat="30.478228814326812" lon="104.01527837361424">
        <ele>480.96073802374303</ele>
        <time>1970-01-01T00:31:31Z</time>
        <extensions>
          <gpxtpx:TrackPointExtension>
            <gpxtpx:hr>183</gpxtpx:hr>
          </gpxtpx:TrackPointExtension>
        </extensions>
      </trkpt>
      <trkpt lat="30.478196699550402" lon="104.0152853852037">
        <ele>480.936503412202</ele>
        <time>1970-01-01T00:31:32Z</time>
        <extensions>
          <gpxtpx:TrackPointExtension>
            <gpxtpx:hr>183</gpxtpx:hr>
          </gpxtpx:TrackPointExtension>
        </extensions>
      </trkpt>
      <trkpt lat="30.478164217438668" lon="104.01529345038462">
        <ele>480.91011264547706</ele>
        <time>1970-01-01T00:31:33Z</time>
        <extensions>
          <gpxtpx:TrackPointExtension>
            <gpxtpx:hr>183</gpxtpx:hr>
          </gpxtpx:TrackPointExtension>
        </extensions>
      </trkpt>
      <trkpt lat="30.478132888941385" lon="104.01530213267831">
        <ele>480.88267555087805</ele>
        <time>1970-01-01T00:31:34Z</time>
        <extensions>
          <gpxtpx:TrackPointExtension>
            <gpxtpx:hr>183</gpxtpx:hr>
          </gpxtpx:TrackPointExtension>
        </extensions>
      </trkpt>
      <trkpt lat="30.478103482800236" lon="104.0153111464578">
        <ele>480.85481895972043</ele>
        <time>1970-01-01T00:31:35Z</time>
        <extensions>
          <gpxtpx:TrackPointExtension>
            <gpxtpx:hr>183</gpxtpx:hr>
          </gpxtpx:TrackPointExtension>
        </extensions>
      </trkpt>
      <trkpt lat="30.478074646272166" lon="104.01532089683269">
        <ele>480.8271180894226</ele>
        <time>1970-01-01T00:31:36Z</time>
        <extensions>
          <gpxtpx:TrackPointExtension>
            <gpxtpx:hr>183</gpxtpx:hr>
          </gpxtpx:TrackPointExtension>
        </extensions>
      </trkpt>
      <trkpt lat="30.478045513078104" lon="104.01533128409139">
        <ele>480.80027626175433</ele>
        <time>1970-01-01T00:31:37Z</time>
        <extensions>
          <gpxtpx:TrackPointExtension>
            <gpxtpx:hr>183</gpxtpx:hr>
          </gpxtpx:TrackPointExtension>
        </extensions>
      </trkpt>
      <trkpt lat="30.478016616547826" lon="104.01534126058591">
        <ele>480.775287380442</ele>
        <time>1970-01-01T00:31:38Z</time>
        <extensions>
          <gpxtpx:TrackPointExtension>
            <gpxtpx:hr>183</gpxtpx:hr>
          </gpxtpx:TrackPointExtension>
        </extensions>
      </trkpt>
      <trkpt lat="30.477987739729635" lon="104.01535068913171">
        <ele>480.75350729655474</ele>
        <time>1970-01-01T00:31:39Z</time>
        <extensions>
          <gpxtpx:TrackPointExtension>
            <gpxtpx:hr>183</gpxtpx:hr>
          </gpxtpx:TrackPointExtension>
        </extensions>
      </trkpt>
      <trkpt lat="30.47795922485983" lon="104.01535889985443">
        <ele>480.7365209143609</ele>
        <time>1970-01-01T00:31:40Z</time>
        <extensions>
          <gpxtpx:TrackPointExtension>
            <gpxtpx:hr>183</gpxtpx:hr>
          </gpxtpx:TrackPointExtension>
        </extensions>
      </trkpt>
      <trkpt lat="30.477930439897268" lon="104.01536605663566">
        <ele>480.72568488679826</ele>
        <time>1970-01-01T00:31:41Z</time>
        <extensions>
          <gpxtpx:TrackPointExtension>
            <gpxtpx:hr>183</gpxtpx:hr>
          </gpxtpx:TrackPointExtension>
        </extensions>
      </trkpt>
      <trkpt lat="30.477900259788285" lon="104.01537226233333">
        <ele>480.7219006540254</ele>
        <time>1970-01-01T00:31:42Z</time>
        <extensions>
          <gpxtpx:TrackPointExtension>
            <gpxtpx:hr>183</gpxtpx:hr>
          </gpxtpx:TrackPointExtension>
        </extensions>
      </trkpt>
      <trkpt lat="30.477868516143335" lon="104.01537667406652">
        <ele>480.7256313301623</ele>
        <time>1970-01-01T00:31:43Z</time>
        <extensions>
          <gpxtpx:TrackPointExtension>
            <gpxtpx:hr>183</gpxtpx:hr>
          </gpxtpx:TrackPointExtension>
        </extensions>
      </trkpt>
      <trkpt lat="30.477836115544104" lon="104.01537850169755">
        <ele>480.73655067011714</ele>
        <time>1970-01-01T00:31:44Z</time>
        <extensions>
          <gpxtpx:TrackPointExtension>
            <gpxtpx:hr>183</gpxtpx:hr>
          </gpxtpx:TrackPointExtension>
        </extensions>
      </trkpt>
      <trkpt lat="30.47780419633948" lon="104.01537798359067">
        <ele>480.75375083554536</ele>
        <time>1970-01-01T00:31:45Z</time>
        <extensions>
          <gpxtpx:TrackPointExtension>
            <gpxtpx:hr>183</gpxtpx:hr>
          </gpxtpx:TrackPointExtension>
        </extensions>
      </trkpt>
      <trkpt lat="30.47777212612268" lon="104.01537660882092">
        <ele>480.77578097581863</ele>
        <time>1970-01-01T00:31:46Z</time>
        <extensions>
          <gpxtpx:TrackPointExtension>
            <gpxtpx:hr>183</gpxtpx:hr>
          </gpxtpx:TrackPointExtension>
        </extensions>
      </trkpt>
      <trkpt lat="30.477739788282534" lon="104.01537551828487">
        <ele>480.8007601434365</ele>
        <time>1970-01-01T00:31:47Z</time>
        <extensions>
          <gpxtpx:TrackPointExtension>
            <gpxtpx:hr>183</gpxtpx:hr>
          </gpxtpx:TrackPointExtension>
        </extensions>
      </trkpt>
      <trkpt lat="30.477706991234555" lon="104.01537566081355">
        <ele>480.82676991727203</ele>
        <time>1970-01-01T00:31:48Z</time>
        <extensions>
          <gpxtpx:TrackPointExtension>
            <gpxtpx:hr>185</gpxtpx:hr>
          </gpxtpx:TrackPointExtension>
        </extensions>
      </trkpt>
      <trkpt lat="30.477674467494204" lon="104.01537618598515">
        <ele>480.8517877748236</ele>
        <time>1970-01-01T00:31:49Z</time>
        <extensions>
          <gpxtpx:TrackPointExtension>
            <gpxtpx:hr>185</gpxtpx:hr>
          </gpxtpx:TrackPointExtension>
        </extensions>
      </trkpt>
      <trkpt lat="30.477642654988607" lon="104.01537643405862">
        <ele>480.8740297043696</ele>
        <time>1970-01-01T00:31:50Z</time>
        <extensions>
          <gpxtpx:TrackPointExtension>
            <gpxtpx:hr>185</gpxtpx:hr>
          </gpxtpx:TrackPointExtension>
        </extensions>
      </trkpt>
      <trkpt lat="30.47761144350791" lon="104.01537724930408">
        <ele>480.8921546395868</ele>
        <time>1970-01-01T00:31:51Z</time>
        <extensions>
          <gpxtpx:TrackPointExtension>
            <gpxtpx:hr>185</gpxtpx:hr>
          </gpxtpx:TrackPointExtension>
        </extensions>
      </trkpt>
      <trkpt lat="30.4775802112789" lon="104.01537948258385">
        <ele>480.90532267373055</ele>
        <time>1970-01-01T00:31:52Z</time>
        <extensions>
          <gpxtpx:TrackPointExtension>
            <gpxtpx:hr>185</gpxtpx:hr>
          </gpxtpx:TrackPointExtension>
        </extensions>
      </trkpt>
      <trkpt lat="30.477548048049847" lon="104.015383360393">
        <ele>480.91306581068784</ele>
        <time>1970-01-01T00:31:53Z</time>
        <extensions>
          <gpxtpx:TrackPointExtension>
            <gpxtpx:hr>185</gpxtpx:hr>
          </gpxtpx:TrackPointExtension>
        </extensions>
      </trkpt>
      <trkpt lat="30.477515805007215" lon="104.01538899642692">
        <ele>480.9152774112299</ele>
        <time>1970-01-01T00:31:54Z</time>
        <extensions>
          <gpxtpx:TrackPointExtension>
            <gpxtpx:hr>185</gpxtpx:hr>
          </gpxtpx:TrackPointExtension>
        </extensions>
      </trkpt>
      <trkpt lat="30.47748398878841" lon="104.01539720210083">
        <ele>480.9121056012809</ele>
        <time>1970-01-01T00:31:55Z</time>
        <extensions>
          <gpxtpx:TrackPointExtension>
            <gpxtpx:hr>185</gpxtpx:hr>
          </gpxtpx:TrackPointExtension>
        </extensions>
      </trkpt>
      <trkpt lat="30.477452501655346" lon="104.01540753745597">
        <ele>480.90389343723655</ele>
        <time>1970-01-01T00:31:56Z</time>
        <extensions>
          <gpxtpx:TrackPointExtension>
            <gpxtpx:hr>185</gpxtpx:hr>
          </gpxtpx:TrackPointExtension>
        </extensions>
      </trkpt>
      <trkpt lat="30.477421045824528" lon="104.01541955933773">
        <ele>480.8910563439131</ele>
        <time>1970-01-01T00:31:57Z</time>
        <extensions>
          <gpxtpx:TrackPointExtension>
            <gpxtpx:hr>185</gpxtpx:hr>
          </gpxtpx:TrackPointExtension>
        </extensions>
      </trkpt>
      <trkpt lat="30.477390672085964" lon="104.01543366964093">
        <ele>480.87414806708694</ele>
        <time>1970-01-01T00:31:58Z</time>
        <extensions>
          <gpxtpx:TrackPointExtension>
            <gpxtpx:hr>185</gpxtpx:hr>
          </gpxtpx:TrackPointExtension>
        </extensions>
      </trkpt>
      <trkpt lat="30.477362589514513" lon="104.01545071031985">
        <ele>480.85396764520556</ele>
        <time>1970-01-01T00:31:59Z</time>
        <extensions>
          <gpxtpx:TrackPointExtension>
            <gpxtpx:hr>185</gpxtpx:hr>
          </gpxtpx:TrackPointExtension>
        </extensions>
      </trkpt>
      <trkpt lat="30.477335974716695" lon="104.01547085806254">
        <ele>480.8314644899219</ele>
        <time>1970-01-01T00:32:00Z</time>
        <extensions>
          <gpxtpx:TrackPointExtension>
            <gpxtpx:hr>185</gpxtpx:hr>
          </gpxtpx:TrackPointExtension>
        </extensions>
      </trkpt>
      <trkpt lat="30.47731023234155" lon="104.01549299931008">
        <ele>480.80723403021693</ele>
        <time>1970-01-01T00:32:01Z</time>
        <extensions>
          <gpxtpx:TrackPointExtension>
            <gpxtpx:hr>185</gpxtpx:hr>
          </gpxtpx:TrackPointExtension>
        </extensions>
      </trkpt>
      <trkpt lat="30.477285495100684" lon="104.01551664156172">
        <ele>480.78236090019345</ele>
        <time>1970-01-01T00:32:02Z</time>
        <extensions>
          <gpxtpx:TrackPointExtension>
            <gpxtpx:hr>185</gpxtpx:hr>
          </gpxtpx:TrackPointExtension>
        </extensions>
      </trkpt>
      <trkpt lat="30.477261618497028" lon="104.01554146071537">
        <ele>480.7578275119886</ele>
        <time>1970-01-01T00:32:03Z</time>
        <extensions>
          <gpxtpx:TrackPointExtension>
            <gpxtpx:hr>185</gpxtpx:hr>
          </gpxtpx:TrackPointExtension>
        </extensions>
      </trkpt>
      <trkpt lat="30.4772380710996" lon="104.0155683706057">
        <ele>480.7345070708543</ele>
        <time>1970-01-01T00:32:04Z</time>
        <extensions>
          <gpxtpx:TrackPointExtension>
            <gpxtpx:hr>185</gpxtpx:hr>
          </gpxtpx:TrackPointExtension>
        </extensions>
      </trkpt>
      <trkpt lat="30.47721451169848" lon="104.01559609132714">
        <ele>480.713199746795</ele>
        <time>1970-01-01T00:32:05Z</time>
        <extensions>
          <gpxtpx:TrackPointExtension>
            <gpxtpx:hr>184</gpxtpx:hr>
          </gpxtpx:TrackPointExtension>
        </extensions>
      </trkpt>
      <trkpt lat="30.47719095179848" lon="104.01562293798297">
        <ele>480.6948660435155</ele>
        <time>1970-01-01T00:32:06Z</time>
        <extensions>
          <gpxtpx:TrackPointExtension>
            <gpxtpx:hr>184</gpxtpx:hr>
          </gpxtpx:TrackPointExtension>
        </extensions>
      </trkpt>
      <trkpt lat="30.477167548805735" lon="104.0156494421556">
        <ele>480.6805503927171</ele>
        <time>1970-01-01T00:32:07Z</time>
        <extensions>
          <gpxtpx:TrackPointExtension>
            <gpxtpx:hr>184</gpxtpx:hr>
          </gpxtpx:TrackPointExtension>
        </extensions>
      </trkpt>
      <trkpt lat="30.47714482858328" lon="104.0156762248514">
        <ele>480.67128996830434</ele>
        <time>1970-01-01T00:32:08Z</time>
        <extensions>
          <gpxtpx:TrackPointExtension>
            <gpxtpx:hr>184</gpxtpx:hr>
          </gpxtpx:TrackPointExtension>
        </extensions>
      </trkpt>
      <trkpt lat="30.47712317026818" lon="104.01570397157681">
        <ele>480.66793563682586</ele>
        <time>1970-01-01T00:32:09Z</time>
        <extensions>
          <gpxtpx:TrackPointExtension>
            <gpxtpx:hr>184</gpxtpx:hr>
          </gpxtpx:TrackPointExtension>
        </extensions>
      </trkpt>
      <trkpt lat="30.47710249535904" lon="104.01573190498578">
        <ele>480.6710738791153</ele>
        <time>1970-01-01T00:32:10Z</time>
        <extensions>
          <gpxtpx:TrackPointExtension>
            <gpxtpx:hr>184</gpxtpx:hr>
          </gpxtpx:TrackPointExtension>
        </extensions>
      </trkpt>
      <trkpt lat="30.47708228715957" lon="104.0157602150238">
        <ele>480.6806635092944</ele>
        <time>1970-01-01T00:32:11Z</time>
        <extensions>
          <gpxtpx:TrackPointExtension>
            <gpxtpx:hr>186</gpxtpx:hr>
          </gpxtpx:TrackPointExtension>
        </extensions>
      </trkpt>
      <trkpt lat="30.477062081817675" lon="104.01578841582376">
        <ele>480.6958814812824</ele>
        <time>1970-01-01T00:32:12Z</time>
        <extensions>
          <gpxtpx:TrackPointExtension>
            <gpxtpx:hr>186</gpxtpx:hr>
          </gpxtpx:TrackPointExtension>
        </extensions>
      </trkpt>
      <trkpt lat="30.477042107382307" lon="104.01581531864358">
        <ele>480.7155158473179</ele>
        <time>1970-01-01T00:32:13Z</time>
        <extensions>
          <gpxtpx:TrackPointExtension>
            <gpxtpx:hr>186</gpxtpx:hr>
          </gpxtpx:TrackPointExtension>
        </extensions>
      </trkpt>
      <trkpt lat="30.477022744548623" lon="104.01584091385578">
        <ele>480.73853767849505</ele>
        <time>1970-01-01T00:32:14Z</time>
        <extensions>
          <gpxtpx:TrackPointExtension>
            <gpxtpx:hr>186</gpxtpx:hr>
          </gpxtpx:TrackPointExtension>
        </extensions>
      </trkpt>
      <trkpt lat="30.477003522240228" lon="104.01586675253188">
        <ele>480.76359197031707</ele>
        <time>1970-01-01T00:32:15Z</time>
        <extensions>
          <gpxtpx:TrackPointExtension>
            <gpxtpx:hr>186</gpxtpx:hr>
          </gpxtpx:TrackPointExtension>
        </extensions>
      </trkpt>
      <trkpt lat="30.47698337788437" lon="104.01589330061165">
        <ele>480.7896452480927</ele>
        <time>1970-01-01T00:32:16Z</time>
        <extensions>
          <gpxtpx:TrackPointExtension>
            <gpxtpx:hr>186</gpxtpx:hr>
          </gpxtpx:TrackPointExtension>
        </extensions>
      </trkpt>
      <trkpt lat="30.476961535278917" lon="104.0159192201126">
        <ele>480.8157781837508</ele>
        <time>1970-01-01T00:32:17Z</time>
        <extensions>
          <gpxtpx:TrackPointExtension>
            <gpxtpx:hr>186</gpxtpx:hr>
          </gpxtpx:TrackPointExtension>
        </extensions>
      </trkpt>
      <trkpt lat="30.476938217685767" lon="104.01594429559279">
        <ele>480.84100409783423</ele>
        <time>1970-01-01T00:32:18Z</time>
        <extensions>
          <gpxtpx:TrackPointExtension>
            <gpxtpx:hr>186</gpxtpx:hr>
          </gpxtpx:TrackPointExtension>
        </extensions>
      </trkpt>
      <trkpt lat="30.47691427817352" lon="104.01596790564398">
        <ele>480.8640146050602</ele>
        <time>1970-01-01T00:32:19Z</time>
        <extensions>
          <gpxtpx:TrackPointExtension>
            <gpxtpx:hr>186</gpxtpx:hr>
          </gpxtpx:TrackPointExtension>
        </extensions>
      </trkpt>
      <trkpt lat="30.47688965785123" lon="104.015991157973">
        <ele>480.8835455616936</ele>
        <time>1970-01-01T00:32:20Z</time>
        <extensions>
          <gpxtpx:TrackPointExtension>
            <gpxtpx:hr>186</gpxtpx:hr>
          </gpxtpx:TrackPointExtension>
        </extensions>
      </trkpt>
      <trkpt lat="30.476864774252142" lon="104.01601437209628">
        <ele>480.89817738719285</ele>
        <time>1970-01-01T00:32:21Z</time>
        <extensions>
          <gpxtpx:TrackPointExtension>
            <gpxtpx:hr>186</gpxtpx:hr>
          </gpxtpx:TrackPointExtension>
        </extensions>
      </trkpt>
      <trkpt lat="30.476839576306965" lon="104.01603702444854">
        <ele>480.906559523195</ele>
        <time>1970-01-01T00:32:22Z</time>
        <extensions>
          <gpxtpx:TrackPointExtension>
            <gpxtpx:hr>186</gpxtpx:hr>
          </gpxtpx:TrackPointExtension>
        </extensions>
      </trkpt>
      <trkpt lat="30.476813288804312" lon="104.01605930859886">
        <ele>480.90770279522985</ele>
        <time>1970-01-01T00:32:23Z</time>
        <extensions>
          <gpxtpx:TrackPointExtension>
            <gpxtpx:hr>186</gpxtpx:hr>
          </gpxtpx:TrackPointExtension>
        </extensions>
      </trkpt>
      <trkpt lat="30.476786769137586" lon="104.01608129019763">
        <ele>480.90134660340846</ele>
        <time>1970-01-01T00:32:24Z</time>
        <extensions>
          <gpxtpx:TrackPointExtension>
            <gpxtpx:hr>186</gpxtpx:hr>
          </gpxtpx:TrackPointExtension>
        </extensions>
      </trkpt>
      <trkpt lat="30.476760266628116" lon="104.01610342951629">
        <ele>480.88812269456685</ele>
        <time>1970-01-01T00:32:25Z</time>
        <extensions>
          <gpxtpx:TrackPointExtension>
            <gpxtpx:hr>186</gpxtpx:hr>
          </gpxtpx:TrackPointExtension>
        </extensions>
      </trkpt>
      <trkpt lat="30.476732538268376" lon="104.01612467143013">
        <ele>480.8693827325478</ele>
        <time>1970-01-01T00:32:26Z</time>
        <extensions>
          <gpxtpx:TrackPointExtension>
            <gpxtpx:hr>186</gpxtpx:hr>
          </gpxtpx:TrackPointExtension>
        </extensions>
      </trkpt>
      <trkpt lat="30.476702873440455" lon="104.01614456552988">
        <ele>480.8468608064577</ele>
        <time>1970-01-01T00:32:27Z</time>
        <extensions>
          <gpxtpx:TrackPointExtension>
            <gpxtpx:hr>186</gpxtpx:hr>
          </gpxtpx:TrackPointExtension>
        </extensions>
      </trkpt>
      <trkpt lat="30.47667300162953" lon="104.01616262303185">
        <ele>480.8222880959511</ele>
        <time>1970-01-01T00:32:28Z</time>
        <extensions>
          <gpxtpx:TrackPointExtension>
            <gpxtpx:hr>186</gpxtpx:hr>
          </gpxtpx:TrackPointExtension>
        </extensions>
      </trkpt>
      <trkpt lat="30.476644690592373" lon="104.01617868616295">
        <ele>480.79694658052176</ele>
        <time>1970-01-01T00:32:29Z</time>
        <extensions>
          <gpxtpx:TrackPointExtension>
            <gpxtpx:hr>186</gpxtpx:hr>
          </gpxtpx:TrackPointExtension>
        </extensions>
      </trkpt>
      <trkpt lat="30.476617797995925" lon="104.01619355039075">
        <ele>480.7718132296577</ele>
        <time>1970-01-01T00:32:30Z</time>
        <extensions>
          <gpxtpx:TrackPointExtension>
            <gpxtpx:hr>186</gpxtpx:hr>
          </gpxtpx:TrackPointExtension>
        </extensions>
      </trkpt>
      <trkpt lat="30.476590669404036" lon="104.01620891630921">
        <ele>480.74747525993735</ele>
        <time>1970-01-01T00:32:31Z</time>
        <extensions>
          <gpxtpx:TrackPointExtension>
            <gpxtpx:hr>186</gpxtpx:hr>
          </gpxtpx:TrackPointExtension>
        </extensions>
      </trkpt>
      <trkpt lat="30.476562191536583" lon="104.0162261435232">
        <ele>480.7241849619895</ele>
        <time>1970-01-01T00:32:32Z</time>
        <extensions>
          <gpxtpx:TrackPointExtension>
            <gpxtpx:hr>186</gpxtpx:hr>
          </gpxtpx:TrackPointExtension>
        </extensions>
      </trkpt>
      <trkpt lat="30.47653287740488" lon="104.0162450099268">
        <ele>480.70224368479103</ele>
        <time>1970-01-01T00:32:33Z</time>
        <extensions>
          <gpxtpx:TrackPointExtension>
            <gpxtpx:hr>186</gpxtpx:hr>
          </gpxtpx:TrackPointExtension>
        </extensions>
      </trkpt>
      <trkpt lat="30.476503574672165" lon="104.01626439397776">
        <ele>480.68197264615446</ele>
        <time>1970-01-01T00:32:35Z</time>
        <extensions>
          <gpxtpx:TrackPointExtension>
            <gpxtpx:hr>186</gpxtpx:hr>
          </gpxtpx:TrackPointExtension>
        </extensions>
      </trkpt>
      <trkpt lat="30.476475881068218" lon="104.01628286995498">
        <ele>480.66379740461707</ele>
        <time>1970-01-01T00:32:36Z</time>
        <extensions>
          <gpxtpx:TrackPointExtension>
            <gpxtpx:hr>185</gpxtpx:hr>
          </gpxtpx:TrackPointExtension>
        </extensions>
      </trkpt>
      <trkpt lat="30.4764499556516" lon="104.01630246510396">
        <ele>480.64830764662474</ele>
        <time>1970-01-01T00:32:37Z</time>
        <extensions>
          <gpxtpx:TrackPointExtension>
            <gpxtpx:hr>185</gpxtpx:hr>
          </gpxtpx:TrackPointExtension>
        </extensions>
      </trkpt>
      <trkpt lat="30.47642516725389" lon="104.01632405066418">
        <ele>480.63621405884624</ele>
        <time>1970-01-01T00:32:38Z</time>
        <extensions>
          <gpxtpx:TrackPointExtension>
            <gpxtpx:hr>185</gpxtpx:hr>
          </gpxtpx:TrackPointExtension>
        </extensions>
      </trkpt>
      <trkpt lat="30.47640081008217" lon="104.01634605206992">
        <ele>480.6284329639748</ele>
        <time>1970-01-01T00:32:39Z</time>
        <extensions>
          <gpxtpx:TrackPointExtension>
            <gpxtpx:hr>185</gpxtpx:hr>
          </gpxtpx:TrackPointExtension>
        </extensions>
      </trkpt>
      <trkpt lat="30.476376200840345" lon="104.01636780614751">
        <ele>480.62569323088974</ele>
        <time>1970-01-01T00:32:40Z</time>
        <extensions>
          <gpxtpx:TrackPointExtension>
            <gpxtpx:hr>185</gpxtpx:hr>
          </gpxtpx:TrackPointExtension>
        </extensions>
      </trkpt>
      <trkpt lat="30.476351125336386" lon="104.01638930430569">
        <ele>480.62838576734066</ele>
        <time>1970-01-01T00:32:41Z</time>
        <extensions>
          <gpxtpx:TrackPointExtension>
            <gpxtpx:hr>185</gpxtpx:hr>
          </gpxtpx:TrackPointExtension>
        </extensions>
      </trkpt>
      <trkpt lat="30.476326042072138" lon="104.01641151316647">
        <ele>480.63659633602947</ele>
        <time>1970-01-01T00:32:42Z</time>
        <extensions>
          <gpxtpx:TrackPointExtension>
            <gpxtpx:hr>186</gpxtpx:hr>
          </gpxtpx:TrackPointExtension>
        </extensions>
      </trkpt>
      <trkpt lat="30.476303284776463" lon="104.01643525912432">
        <ele>480.65009387023747</ele>
        <time>1970-01-01T00:32:43Z</time>
        <extensions>
          <gpxtpx:TrackPointExtension>
            <gpxtpx:hr>186</gpxtpx:hr>
          </gpxtpx:TrackPointExtension>
        </extensions>
      </trkpt>
      <trkpt lat="30.476283250781947" lon="104.01646196191388">
        <ele>480.6684406930581</ele>
        <time>1970-01-01T00:32:44Z</time>
        <extensions>
          <gpxtpx:TrackPointExtension>
            <gpxtpx:hr>186</gpxtpx:hr>
          </gpxtpx:TrackPointExtension>
        </extensions>
      </trkpt>
      <trkpt lat="30.47626480322767" lon="104.0164903626926">
        <ele>480.6911869570613</ele>
        <time>1970-01-01T00:32:45Z</time>
        <extensions>
          <gpxtpx:TrackPointExtension>
            <gpxtpx:hr>186</gpxtpx:hr>
          </gpxtpx:TrackPointExtension>
        </extensions>
      </trkpt>
      <trkpt lat="30.476246720410145" lon="104.01651823612492">
        <ele>480.7179912570864</ele>
        <time>1970-01-01T00:32:46Z</time>
        <extensions>
          <gpxtpx:TrackPointExtension>
            <gpxtpx:hr>186</gpxtpx:hr>
          </gpxtpx:TrackPointExtension>
        </extensions>
      </trkpt>
      <trkpt lat="30.47622845510013" lon="104.01654507532425">
        <ele>480.74854884762317</ele>
        <time>1970-01-01T00:32:46Z</time>
        <extensions>
          <gpxtpx:TrackPointExtension>
            <gpxtpx:hr>186</gpxtpx:hr>
          </gpxtpx:TrackPointExtension>
        </extensions>
      </trkpt>
      <trkpt lat="30.476209962383013" lon="104.01657158866828">
        <ele>480.7828329298645</ele>
        <time>1970-01-01T00:32:47Z</time>
        <extensions>
          <gpxtpx:TrackPointExtension>
            <gpxtpx:hr>186</gpxtpx:hr>
          </gpxtpx:TrackPointExtension>
        </extensions>
      </trkpt>
      <trkpt lat="30.476190227026404" lon="104.01659894341475">
        <ele>480.8203561352566</ele>
        <time>1970-01-01T00:32:48Z</time>
        <extensions>
          <gpxtpx:TrackPointExtension>
            <gpxtpx:hr>184</gpxtpx:hr>
          </gpxtpx:TrackPointExtension>
        </extensions>
      </trkpt>
      <trkpt lat="30.476169586183666" lon="104.01662576422972">
        <ele>480.86034954804927</ele>
        <time>1970-01-01T00:32:49Z</time>
        <extensions>
          <gpxtpx:TrackPointExtension>
            <gpxtpx:hr>184</gpxtpx:hr>
          </gpxtpx:TrackPointExtension>
        </extensions>
      </trkpt>
      <trkpt lat="30.476148284205514" lon="104.01665194504221">
        <ele>480.9018678339198</ele>
        <time>1970-01-01T00:32:50Z</time>
        <extensions>
          <gpxtpx:TrackPointExtension>
            <gpxtpx:hr>184</gpxtpx:hr>
          </gpxtpx:TrackPointExtension>
        </extensions>
      </trkpt>
      <trkpt lat="30.47612663600766" lon="104.01667750141999">
        <ele>480.94345675129443</ele>
        <time>1970-01-01T00:32:51Z</time>
        <extensions>
          <gpxtpx:TrackPointExtension>
            <gpxtpx:hr>184</gpxtpx:hr>
          </gpxtpx:TrackPointExtension>
        </extensions>
      </trkpt>
      <trkpt lat="30.476105129059125" lon="104.01670212345343">
        <ele>480.98343741800636</ele>
        <time>1970-01-01T00:32:52Z</time>
        <extensions>
          <gpxtpx:TrackPointExtension>
            <gpxtpx:hr>183</gpxtpx:hr>
          </gpxtpx:TrackPointExtension>
        </extensions>
      </trkpt>
      <trkpt lat="30.47608456533299" lon="104.01672650355908">
        <ele>481.0199938509613</ele>
        <time>1970-01-01T00:32:53Z</time>
        <extensions>
          <gpxtpx:TrackPointExtension>
            <gpxtpx:hr>183</gpxtpx:hr>
          </gpxtpx:TrackPointExtension>
        </extensions>
      </trkpt>
      <trkpt lat="30.47606485589777" lon="104.01675126272661">
        <ele>481.05126924905926</ele>
        <time>1970-01-01T00:32:54Z</time>
        <extensions>
          <gpxtpx:TrackPointExtension>
            <gpxtpx:hr>183</gpxtpx:hr>
          </gpxtpx:TrackPointExtension>
        </extensions>
      </trkpt>
      <trkpt lat="30.47604522282188" lon="104.01677686513837">
        <ele>481.07548494357616</ele>
        <time>1970-01-01T00:32:55Z</time>
        <extensions>
          <gpxtpx:TrackPointExtension>
            <gpxtpx:hr>183</gpxtpx:hr>
          </gpxtpx:TrackPointExtension>
        </extensions>
      </trkpt>
      <trkpt lat="30.476025642328203" lon="104.0168034145604">
        <ele>481.0912174060941</ele>
        <time>1970-01-01T00:32:56Z</time>
        <extensions>
          <gpxtpx:TrackPointExtension>
            <gpxtpx:hr>183</gpxtpx:hr>
          </gpxtpx:TrackPointExtension>
        </extensions>
      </trkpt>
      <trkpt lat="30.47600573502886" lon="104.01683156518632">
        <ele>481.0975354714319</ele>
        <time>1970-01-01T00:32:57Z</time>
        <extensions>
          <gpxtpx:TrackPointExtension>
            <gpxtpx:hr>183</gpxtpx:hr>
          </gpxtpx:TrackPointExtension>
        </extensions>
      </trkpt>
      <trkpt lat="30.47598645797746" lon="104.01686109397457">
        <ele>481.09432990755886</ele>
        <time>1970-01-01T00:32:58Z</time>
        <extensions>
          <gpxtpx:TrackPointExtension>
            <gpxtpx:hr>183</gpxtpx:hr>
          </gpxtpx:TrackPointExtension>
        </extensions>
      </trkpt>
      <trkpt lat="30.47596801166785" lon="104.01689184143221">
        <ele>481.0823553316295</ele>
        <time>1970-01-01T00:32:59Z</time>
        <extensions>
          <gpxtpx:TrackPointExtension>
            <gpxtpx:hr>183</gpxtpx:hr>
          </gpxtpx:TrackPointExtension>
        </extensions>
      </trkpt>
      <trkpt lat="30.475950700818704" lon="104.01692315513246">
        <ele>481.0628374060616</ele>
        <time>1970-01-01T00:33:00Z</time>
        <extensions>
          <gpxtpx:TrackPointExtension>
            <gpxtpx:hr>184</gpxtpx:hr>
          </gpxtpx:TrackPointExtension>
        </extensions>
      </trkpt>
      <trkpt lat="30.475934513800794" lon="104.01695550546303">
        <ele>481.03761758375913</ele>
        <time>1970-01-01T00:33:01Z</time>
        <extensions>
          <gpxtpx:TrackPointExtension>
            <gpxtpx:hr>184</gpxtpx:hr>
          </gpxtpx:TrackPointExtension>
        </extensions>
      </trkpt>
      <trkpt lat="30.475919479175143" lon="104.01698935527118">
        <ele>481.0087262894958</ele>
        <time>1970-01-01T00:33:02Z</time>
        <extensions>
          <gpxtpx:TrackPointExtension>
            <gpxtpx:hr>184</gpxtpx:hr>
          </gpxtpx:TrackPointExtension>
        </extensions>
      </trkpt>
      <trkpt lat="30.475905188071174" lon="104.01702374406253">
        <ele>480.9781672284007</ele>
        <time>1970-01-01T00:33:03Z</time>
        <extensions>
          <gpxtpx:TrackPointExtension>
            <gpxtpx:hr>184</gpxtpx:hr>
          </gpxtpx:TrackPointExtension>
        </extensions>
      </trkpt>
      <trkpt lat="30.475890783605678" lon="104.01705766937206">
        <ele>480.94785453379154</ele>
        <time>1970-01-01T00:33:04Z</time>
        <extensions>
          <gpxtpx:TrackPointExtension>
            <gpxtpx:hr>184</gpxtpx:hr>
          </gpxtpx:TrackPointExtension>
        </extensions>
      </trkpt>
      <trkpt lat="30.47587642924669" lon="104.01709110000239">
        <ele>480.9195409202948</ele>
        <time>1970-01-01T00:33:05Z</time>
        <extensions>
          <gpxtpx:TrackPointExtension>
            <gpxtpx:hr>184</gpxtpx:hr>
          </gpxtpx:TrackPointExtension>
        </extensions>
      </trkpt>
      <trkpt lat="30.475861379249874" lon="104.01712435989441">
        <ele>480.89461775124073</ele>
        <time>1970-01-01T00:33:06Z</time>
        <extensions>
          <gpxtpx:TrackPointExtension>
            <gpxtpx:hr>184</gpxtpx:hr>
          </gpxtpx:TrackPointExtension>
        </extensions>
      </trkpt>
      <trkpt lat="30.475845290803097" lon="104.01715631096323">
        <ele>480.87409498821944</ele>
        <time>1970-01-01T00:33:07Z</time>
        <extensions>
          <gpxtpx:TrackPointExtension>
            <gpxtpx:hr>184</gpxtpx:hr>
          </gpxtpx:TrackPointExtension>
        </extensions>
      </trkpt>
      <trkpt lat="30.475828729760092" lon="104.01718655307603">
        <ele>480.8585436688736</ele>
        <time>1970-01-01T00:33:08Z</time>
        <extensions>
          <gpxtpx:TrackPointExtension>
            <gpxtpx:hr>184</gpxtpx:hr>
          </gpxtpx:TrackPointExtension>
        </extensions>
      </trkpt>
      <trkpt lat="30.475812132277007" lon="104.01721534460614">
        <ele>480.848216929473</ele>
        <time>1970-01-01T00:33:09Z</time>
        <extensions>
          <gpxtpx:TrackPointExtension>
            <gpxtpx:hr>184</gpxtpx:hr>
          </gpxtpx:TrackPointExtension>
        </extensions>
      </trkpt>
      <trkpt lat="30.475794942267452" lon="104.01724336974571">
        <ele>480.84300719946623</ele>
        <time>1970-01-01T00:33:10Z</time>
        <extensions>
          <gpxtpx:TrackPointExtension>
            <gpxtpx:hr>184</gpxtpx:hr>
          </gpxtpx:TrackPointExtension>
        </extensions>
      </trkpt>
      <trkpt lat="30.475776681448373" lon="104.01727150907212">
        <ele>480.84234850574285</ele>
        <time>1970-01-01T00:33:11Z</time>
        <extensions>
          <gpxtpx:TrackPointExtension>
            <gpxtpx:hr>184</gpxtpx:hr>
          </gpxtpx:TrackPointExtension>
        </extensions>
      </trkpt>
      <trkpt lat="30.475757249992917" lon="104.01730007373972">
        <ele>480.84535882249475</ele>
        <time>1970-01-01T00:33:12Z</time>
        <extensions>
          <gpxtpx:TrackPointExtension>
            <gpxtpx:hr>184</gpxtpx:hr>
          </gpxtpx:TrackPointExtension>
        </extensions>
      </trkpt>
      <trkpt lat="30.47573811643648" lon="104.01732785202823">
        <ele>480.8510718261823</ele>
        <time>1970-01-01T00:33:13Z</time>
        <extensions>
          <gpxtpx:TrackPointExtension>
            <gpxtpx:hr>184</gpxtpx:hr>
          </gpxtpx:TrackPointExtension>
        </extensions>
      </trkpt>
      <trkpt lat="30.475719860171008" lon="104.01735557034813">
        <ele>480.8585175778717</ele>
        <time>1970-01-01T00:33:14Z</time>
        <extensions>
          <gpxtpx:TrackPointExtension>
            <gpxtpx:hr>184</gpxtpx:hr>
          </gpxtpx:TrackPointExtension>
        </extensions>
      </trkpt>
      <trkpt lat="30.475701410147384" lon="104.01738362317501">
        <ele>480.8668457195163</ele>
        <time>1970-01-01T00:33:15Z</time>
        <extensions>
          <gpxtpx:TrackPointExtension>
            <gpxtpx:hr>184</gpxtpx:hr>
          </gpxtpx:TrackPointExtension>
        </extensions>
      </trkpt>
      <trkpt lat="30.475681419166225" lon="104.0174098067727">
        <ele>480.87545277830213</ele>
        <time>1970-01-01T00:33:16Z</time>
        <extensions>
          <gpxtpx:TrackPointExtension>
            <gpxtpx:hr>184</gpxtpx:hr>
          </gpxtpx:TrackPointExtension>
        </extensions>
      </trkpt>
      <trkpt lat="30.475658982055645" lon="104.01743361606071">
        <ele>480.88395961467177</ele>
        <time>1970-01-01T00:33:17Z</time>
        <extensions>
          <gpxtpx:TrackPointExtension>
            <gpxtpx:hr>184</gpxtpx:hr>
          </gpxtpx:TrackPointExtension>
        </extensions>
      </trkpt>
      <trkpt lat="30.47563436681543" lon="104.01745546658739">
        <ele>480.8921021902934</ele>
        <time>1970-01-01T00:33:18Z</time>
        <extensions>
          <gpxtpx:TrackPointExtension>
            <gpxtpx:hr>184</gpxtpx:hr>
          </gpxtpx:TrackPointExtension>
        </extensions>
      </trkpt>
      <trkpt lat="30.475609333697218" lon="104.01747557873277">
        <ele>480.8994476143271</ele>
        <time>1970-01-01T00:33:19Z</time>
        <extensions>
          <gpxtpx:TrackPointExtension>
            <gpxtpx:hr>184</gpxtpx:hr>
          </gpxtpx:TrackPointExtension>
        </extensions>
      </trkpt>
      <trkpt lat="30.475585320221125" lon="104.01749602473984">
        <ele>480.9055870352313</ele>
        <time>1970-01-01T00:33:20Z</time>
        <extensions>
          <gpxtpx:TrackPointExtension>
            <gpxtpx:hr>184</gpxtpx:hr>
          </gpxtpx:TrackPointExtension>
        </extensions>
      </trkpt>
      <trkpt lat="30.475561781230727" lon="104.01751896776423">
        <ele>480.91032480075955</ele>
        <time>1970-01-01T00:33:21Z</time>
        <extensions>
          <gpxtpx:TrackPointExtension>
            <gpxtpx:hr>184</gpxtpx:hr>
          </gpxtpx:TrackPointExtension>
        </extensions>
      </trkpt>
      <trkpt lat="30.475538237414955" lon="104.0175434334714">
        <ele>480.913853244856</ele>
        <time>1970-01-01T00:33:22Z</time>
        <extensions>
          <gpxtpx:TrackPointExtension>
            <gpxtpx:hr>184</gpxtpx:hr>
          </gpxtpx:TrackPointExtension>
        </extensions>
      </trkpt>
      <trkpt lat="30.475513601143035" lon="104.01756791835771">
        <ele>480.91652030684054</ele>
        <time>1970-01-01T00:33:23Z</time>
        <extensions>
          <gpxtpx:TrackPointExtension>
            <gpxtpx:hr>184</gpxtpx:hr>
          </gpxtpx:TrackPointExtension>
        </extensions>
      </trkpt>
      <trkpt lat="30.475488398613052" lon="104.01759148853932">
        <ele>480.9187144106254</ele>
        <time>1970-01-01T00:33:24Z</time>
        <extensions>
          <gpxtpx:TrackPointExtension>
            <gpxtpx:hr>184</gpxtpx:hr>
          </gpxtpx:TrackPointExtension>
        </extensions>
      </trkpt>
      <trkpt lat="30.47546313358994" lon="104.01761501094677">
        <ele>480.9208132214844</ele>
        <time>1970-01-01T00:33:25Z</time>
        <extensions>
          <gpxtpx:TrackPointExtension>
            <gpxtpx:hr>184</gpxtpx:hr>
          </gpxtpx:TrackPointExtension>
        </extensions>
      </trkpt>
      <trkpt lat="30.47543789363792" lon="104.01763884569078">
        <ele>480.9231423996389</ele>
        <time>1970-01-01T00:33:26Z</time>
        <extensions>
          <gpxtpx:TrackPointExtension>
            <gpxtpx:hr>184</gpxtpx:hr>
          </gpxtpx:TrackPointExtension>
        </extensions>
      </trkpt>
      <trkpt lat="30.475412928895746" lon="104.0176628512809">
        <ele>480.9257796248421</ele>
        <time>1970-01-01T00:33:27Z</time>
        <extensions>
          <gpxtpx:TrackPointExtension>
            <gpxtpx:hr>184</gpxtpx:hr>
          </gpxtpx:TrackPointExtension>
        </extensions>
      </trkpt>
      <trkpt lat="30.47538861063493" lon="104.0176874734135">
        <ele>480.92886450793594</ele>
        <time>1970-01-01T00:33:28Z</time>
        <extensions>
          <gpxtpx:TrackPointExtension>
            <gpxtpx:hr>185</gpxtpx:hr>
          </gpxtpx:TrackPointExtension>
        </extensions>
      </trkpt>
      <trkpt lat="30.475365646747896" lon="104.01771291280166">
        <ele>480.93257627729326</ele>
        <time>1970-01-01T00:33:29Z</time>
        <extensions>
          <gpxtpx:TrackPointExtension>
            <gpxtpx:hr>185</gpxtpx:hr>
          </gpxtpx:TrackPointExtension>
        </extensions>
      </trkpt>
      <trkpt lat="30.47534373914716" lon="104.01773947571864">
        <ele>480.9370029801503</ele>
        <time>1970-01-01T00:33:30Z</time>
        <extensions>
          <gpxtpx:TrackPointExtension>
            <gpxtpx:hr>185</gpxtpx:hr>
          </gpxtpx:TrackPointExtension>
        </extensions>
      </trkpt>
      <trkpt lat="30.47532322485596" lon="104.01776655056166">
        <ele>480.9419213021174</ele>
        <time>1970-01-01T00:33:31Z</time>
        <extensions>
          <gpxtpx:TrackPointExtension>
            <gpxtpx:hr>185</gpxtpx:hr>
          </gpxtpx:TrackPointExtension>
        </extensions>
      </trkpt>
      <trkpt lat="30.475304966782883" lon="104.0177946970164">
        <ele>480.94690026249737</ele>
        <time>1970-01-01T00:33:32Z</time>
        <extensions>
          <gpxtpx:TrackPointExtension>
            <gpxtpx:hr>185</gpxtpx:hr>
          </gpxtpx:TrackPointExtension>
        </extensions>
      </trkpt>
      <trkpt lat="30.475289811725645" lon="104.01782414318436">
        <ele>480.9512868784368</ele>
        <time>1970-01-01T00:33:33Z</time>
        <extensions>
          <gpxtpx:TrackPointExtension>
            <gpxtpx:hr>185</gpxtpx:hr>
          </gpxtpx:TrackPointExtension>
        </extensions>
      </trkpt>
      <trkpt lat="30.47527758076449" lon="104.01785504179554">
        <ele>480.9544050274417</ele>
        <time>1970-01-01T00:33:34Z</time>
        <extensions>
          <gpxtpx:TrackPointExtension>
            <gpxtpx:hr>185</gpxtpx:hr>
          </gpxtpx:TrackPointExtension>
        </extensions>
      </trkpt>
      <trkpt lat="30.475267567023764" lon="104.01788730580235">
        <ele>480.95572532713413</ele>
        <time>1970-01-01T00:33:35Z</time>
        <extensions>
          <gpxtpx:TrackPointExtension>
            <gpxtpx:hr>185</gpxtpx:hr>
          </gpxtpx:TrackPointExtension>
        </extensions>
      </trkpt>
      <trkpt lat="30.475258311982525" lon="104.01792126850304">
        <ele>480.9549377504736</ele>
        <time>1970-01-01T00:33:36Z</time>
        <extensions>
          <gpxtpx:TrackPointExtension>
            <gpxtpx:hr>185</gpxtpx:hr>
          </gpxtpx:TrackPointExtension>
        </extensions>
      </trkpt>
      <trkpt lat="30.47524884169918" lon="104.0179563540691">
        <ele>480.95221886597574</ele>
        <time>1970-01-01T00:33:37Z</time>
        <extensions>
          <gpxtpx:TrackPointExtension>
            <gpxtpx:hr>185</gpxtpx:hr>
          </gpxtpx:TrackPointExtension>
        </extensions>
      </trkpt>
      <trkpt lat="30.475239492576666" lon="104.01799076150824">
        <ele>480.94808509387076</ele>
        <time>1970-01-01T00:33:38Z</time>
        <extensions>
          <gpxtpx:TrackPointExtension>
            <gpxtpx:hr>185</gpxtpx:hr>
          </gpxtpx:TrackPointExtension>
        </extensions>
      </trkpt>
      <trkpt lat="30.475230516914543" lon="104.01802322177733">
        <ele>480.9432590249926</ele>
        <time>1970-01-01T00:33:39Z</time>
        <extensions>
          <gpxtpx:TrackPointExtension>
            <gpxtpx:hr>185</gpxtpx:hr>
          </gpxtpx:TrackPointExtension>
        </extensions>
      </trkpt>
      <trkpt lat="30.475221467719777" lon="104.01805493919336">
        <ele>480.93847983609885</ele>
        <time>1970-01-01T00:33:40Z</time>
        <extensions>
          <gpxtpx:TrackPointExtension>
            <gpxtpx:hr>185</gpxtpx:hr>
          </gpxtpx:TrackPointExtension>
        </extensions>
      </trkpt>
      <trkpt lat="30.47521178377878" lon="104.01808738645964">
        <ele>480.93437490519136</ele>
        <time>1970-01-01T00:33:41Z</time>
        <extensions>
          <gpxtpx:TrackPointExtension>
            <gpxtpx:hr>185</gpxtpx:hr>
          </gpxtpx:TrackPointExtension>
        </extensions>
      </trkpt>
      <trkpt lat="30.475202604599364" lon="104.01812033663572">
        <ele>480.93147017620504</ele>
        <time>1970-01-01T00:33:42Z</time>
        <extensions>
          <gpxtpx:TrackPointExtension>
            <gpxtpx:hr>185</gpxtpx:hr>
          </gpxtpx:TrackPointExtension>
        </extensions>
      </trkpt>
      <trkpt lat="30.475195757137374" lon="104.01815393061162">
        <ele>480.9301448315382</ele>
        <time>1970-01-01T00:33:43Z</time>
        <extensions>
          <gpxtpx:TrackPointExtension>
            <gpxtpx:hr>185</gpxtpx:hr>
          </gpxtpx:TrackPointExtension>
        </extensions>
      </trkpt>
      <trkpt lat="30.47519335673685" lon="104.01818716273567">
        <ele>480.93063828442246</ele>
        <time>1970-01-01T00:33:44Z</time>
        <extensions>
          <gpxtpx:TrackPointExtension>
            <gpxtpx:hr>185</gpxtpx:hr>
          </gpxtpx:TrackPointExtension>
        </extensions>
      </trkpt>
      <trkpt lat="30.475196697731803" lon="104.01821939907653">
        <ele>480.93292830884457</ele>
        <time>1970-01-01T00:33:45Z</time>
        <extensions>
          <gpxtpx:TrackPointExtension>
            <gpxtpx:hr>185</gpxtpx:hr>
          </gpxtpx:TrackPointExtension>
        </extensions>
      </trkpt>
      <trkpt lat="30.47520465383554" lon="104.01825136945982">
        <ele>480.9368177372962</ele>
        <time>1970-01-01T00:33:46Z</time>
        <extensions>
          <gpxtpx:TrackPointExtension>
            <gpxtpx:hr>185</gpxtpx:hr>
          </gpxtpx:TrackPointExtension>
        </extensions>
      </trkpt>
      <trkpt lat="30.475214890313854" lon="104.0182839828294">
        <ele>480.9419579859823</ele>
        <time>1970-01-01T00:33:47Z</time>
        <extensions>
          <gpxtpx:TrackPointExtension>
            <gpxtpx:hr>185</gpxtpx:hr>
          </gpxtpx:TrackPointExtension>
        </extensions>
      </trkpt>
      <trkpt lat="30.475225546633943" lon="104.01831613935464">
        <ele>480.9479414606467</ele>
        <time>1970-01-01T00:33:48Z</time>
        <extensions>
          <gpxtpx:TrackPointExtension>
            <gpxtpx:hr>185</gpxtpx:hr>
          </gpxtpx:TrackPointExtension>
        </extensions>
      </trkpt>
      <trkpt lat="30.475235914950616" lon="104.0183472198894">
        <ele>480.9544049864635</ele>
        <time>1970-01-01T00:33:49Z</time>
        <extensions>
          <gpxtpx:TrackPointExtension>
            <gpxtpx:hr>185</gpxtpx:hr>
          </gpxtpx:TrackPointExtension>
        </extensions>
      </trkpt>
      <trkpt lat="30.47524539441014" lon="104.0183780750842">
        <ele>480.9610996292904</ele>
        <time>1970-01-01T00:33:50Z</time>
        <extensions>
          <gpxtpx:TrackPointExtension>
            <gpxtpx:hr>185</gpxtpx:hr>
          </gpxtpx:TrackPointExtension>
        </extensions>
      </trkpt>
      <trkpt lat="30.47525502235324" lon="104.0184099767845">
        <ele>480.9677819572389</ele>
        <time>1970-01-01T00:33:51Z</time>
        <extensions>
          <gpxtpx:TrackPointExtension>
            <gpxtpx:hr>185</gpxtpx:hr>
          </gpxtpx:TrackPointExtension>
        </extensions>
      </trkpt>
      <trkpt lat="30.475266373366917" lon="104.01844280597658">
        <ele>480.9742046231404</ele>
        <time>1970-01-01T00:33:52Z</time>
        <extensions>
          <gpxtpx:TrackPointExtension>
            <gpxtpx:hr>185</gpxtpx:hr>
          </gpxtpx:TrackPointExtension>
        </extensions>
      </trkpt>
      <trkpt lat="30.47527888273423" lon="104.01847601211445">
        <ele>480.980179942213</ele>
        <time>1970-01-01T00:33:53Z</time>
        <extensions>
          <gpxtpx:TrackPointExtension>
            <gpxtpx:hr>186</gpxtpx:hr>
          </gpxtpx:TrackPointExtension>
        </extensions>
      </trkpt>
      <trkpt lat="30.47529169867012" lon="104.01850907835832">
        <ele>480.9857051130384</ele>
        <time>1970-01-01T00:33:54Z</time>
        <extensions>
          <gpxtpx:TrackPointExtension>
            <gpxtpx:hr>186</gpxtpx:hr>
          </gpxtpx:TrackPointExtension>
        </extensions>
      </trkpt>
      <trkpt lat="30.475305047918926" lon="104.01854107130808">
        <ele>480.9908253895119</ele>
        <time>1970-01-01T00:33:55Z</time>
        <extensions>
          <gpxtpx:TrackPointExtension>
            <gpxtpx:hr>186</gpxtpx:hr>
          </gpxtpx:TrackPointExtension>
        </extensions>
      </trkpt>
      <trkpt lat="30.475318402730487" lon="104.01857245599138">
        <ele>480.99569125659764</ele>
        <time>1970-01-01T00:33:56Z</time>
        <extensions>
          <gpxtpx:TrackPointExtension>
            <gpxtpx:hr>186</gpxtpx:hr>
          </gpxtpx:TrackPointExtension>
        </extensions>
      </trkpt>
      <trkpt lat="30.475330315418873" lon="104.01860400691035">
        <ele>481.00049188081175</ele>
        <time>1970-01-01T00:33:57Z</time>
        <extensions>
          <gpxtpx:TrackPointExtension>
            <gpxtpx:hr>186</gpxtpx:hr>
          </gpxtpx:TrackPointExtension>
        </extensions>
      </trkpt>
      <trkpt lat="30.47534077804747" lon="104.01863639532942">
        <ele>481.00541986711323</ele>
        <time>1970-01-01T00:33:58Z</time>
        <extensions>
          <gpxtpx:TrackPointExtension>
            <gpxtpx:hr>186</gpxtpx:hr>
          </gpxtpx:TrackPointExtension>
        </extensions>
      </trkpt>
      <trkpt lat="30.475350480642103" lon="104.0186696683664">
        <ele>481.0105214966461</ele>
        <time>1970-01-01T00:33:59Z</time>
        <extensions>
          <gpxtpx:TrackPointExtension>
            <gpxtpx:hr>186</gpxtpx:hr>
          </gpxtpx:TrackPointExtension>
        </extensions>
      </trkpt>
      <trkpt lat="30.475360114461143" lon="104.01870344699837">
        <ele>481.0159136587754</ele>
        <time>1970-01-01T00:34:00Z</time>
        <extensions>
          <gpxtpx:TrackPointExtension>
            <gpxtpx:hr>186</gpxtpx:hr>
          </gpxtpx:TrackPointExtension>
        </extensions>
      </trkpt>
      <trkpt lat="30.475370360673956" lon="104.01873629217351">
        <ele>481.02168110385537</ele>
        <time>1970-01-01T00:34:01Z</time>
        <extensions>
          <gpxtpx:TrackPointExtension>
            <gpxtpx:hr>186</gpxtpx:hr>
          </gpxtpx:TrackPointExtension>
        </extensions>
      </trkpt>
      <trkpt lat="30.475381286719273" lon="104.01876865098585">
        <ele>481.027849518694</ele>
        <time>1970-01-01T00:34:02Z</time>
        <extensions>
          <gpxtpx:TrackPointExtension>
            <gpxtpx:hr>187</gpxtpx:hr>
          </gpxtpx:TrackPointExtension>
        </extensions>
      </trkpt>
      <trkpt lat="30.475391717966037" lon="104.0188011208299">
        <ele>481.0342924352735</ele>
        <time>1970-01-01T00:34:03Z</time>
        <extensions>
          <gpxtpx:TrackPointExtension>
            <gpxtpx:hr>187</gpxtpx:hr>
          </gpxtpx:TrackPointExtension>
        </extensions>
      </trkpt>
      <trkpt lat="30.475400982301775" lon="104.01883311029097">
        <ele>481.04099475964904</ele>
        <time>1970-01-01T00:34:04Z</time>
        <extensions>
          <gpxtpx:TrackPointExtension>
            <gpxtpx:hr>187</gpxtpx:hr>
          </gpxtpx:TrackPointExtension>
        </extensions>
      </trkpt>
      <trkpt lat="30.475409580415356" lon="104.0188649372256">
        <ele>481.0480899149552</ele>
        <time>1970-01-01T00:34:05Z</time>
        <extensions>
          <gpxtpx:TrackPointExtension>
            <gpxtpx:hr>187</gpxtpx:hr>
          </gpxtpx:TrackPointExtension>
        </extensions>
      </trkpt>
      <trkpt lat="30.475417648542667" lon="104.01889758861707">
        <ele>481.05580980237573</ele>
        <time>1970-01-01T00:34:06Z</time>
        <extensions>
          <gpxtpx:TrackPointExtension>
            <gpxtpx:hr>187</gpxtpx:hr>
          </gpxtpx:TrackPointExtension>
        </extensions>
      </trkpt>
      <trkpt lat="30.475424528307006" lon="104.01893184734628">
        <ele>481.0643676472828</ele>
        <time>1970-01-01T00:34:07Z</time>
        <extensions>
          <gpxtpx:TrackPointExtension>
            <gpxtpx:hr>187</gpxtpx:hr>
          </gpxtpx:TrackPointExtension>
        </extensions>
      </trkpt>
      <trkpt lat="30.475430000685588" lon="104.0189670670814">
        <ele>481.073893846944</ele>
        <time>1970-01-01T00:34:08Z</time>
        <extensions>
          <gpxtpx:TrackPointExtension>
            <gpxtpx:hr>187</gpxtpx:hr>
          </gpxtpx:TrackPointExtension>
        </extensions>
      </trkpt>
      <trkpt lat="30.475434721099763" lon="104.01900283463489">
        <ele>481.0843029934913</ele>
        <time>1970-01-01T00:34:09Z</time>
        <extensions>
          <gpxtpx:TrackPointExtension>
            <gpxtpx:hr>187</gpxtpx:hr>
          </gpxtpx:TrackPointExtension>
        </extensions>
      </trkpt>
      <trkpt lat="30.47543980360372" lon="104.0190384380429">
        <ele>481.0952325453982</ele>
        <time>1970-01-01T00:34:10Z</time>
        <extensions>
          <gpxtpx:TrackPointExtension>
            <gpxtpx:hr>183</gpxtpx:hr>
          </gpxtpx:TrackPointExtension>
        </extensions>
      </trkpt>
      <trkpt lat="30.475446029597254" lon="104.01907293808388">
        <ele>481.1061569675803</ele>
        <time>1970-01-01T00:34:11Z</time>
        <extensions>
          <gpxtpx:TrackPointExtension>
            <gpxtpx:hr>183</gpxtpx:hr>
          </gpxtpx:TrackPointExtension>
        </extensions>
      </trkpt>
      <trkpt lat="30.47545324262806" lon="104.01910567943212">
        <ele>481.1166142197326</ele>
        <time>1970-01-01T00:34:12Z</time>
        <extensions>
          <gpxtpx:TrackPointExtension>
            <gpxtpx:hr>183</gpxtpx:hr>
          </gpxtpx:TrackPointExtension>
        </extensions>
      </trkpt>
      <trkpt lat="30.47546224038789" lon="104.01913786606468">
        <ele>481.12633257638663</ele>
        <time>1970-01-01T00:34:13Z</time>
        <extensions>
          <gpxtpx:TrackPointExtension>
            <gpxtpx:hr>183</gpxtpx:hr>
          </gpxtpx:TrackPointExtension>
        </extensions>
      </trkpt>
      <trkpt lat="30.475473860587886" lon="104.01916976237843">
        <ele>481.1352369142696</ele>
        <time>1970-01-01T00:34:15Z</time>
        <extensions>
          <gpxtpx:TrackPointExtension>
            <gpxtpx:hr>183</gpxtpx:hr>
          </gpxtpx:TrackPointExtension>
        </extensions>
      </trkpt>
      <trkpt lat="30.475487873276904" lon="104.01919992795878">
        <ele>481.14337657764554</ele>
        <time>1970-01-01T00:34:16Z</time>
        <extensions>
          <gpxtpx:TrackPointExtension>
            <gpxtpx:hr>183</gpxtpx:hr>
          </gpxtpx:TrackPointExtension>
        </extensions>
      </trkpt>
      <trkpt lat="30.47550366297536" lon="104.01922749500014">
        <ele>481.1508328812197</ele>
        <time>1970-01-01T00:34:17Z</time>
        <extensions>
          <gpxtpx:TrackPointExtension>
            <gpxtpx:hr>183</gpxtpx:hr>
          </gpxtpx:TrackPointExtension>
        </extensions>
      </trkpt>
      <trkpt lat="30.475521414014953" lon="104.01925264449464">
        <ele>481.1577118607238</ele>
        <time>1970-01-01T00:34:18Z</time>
        <extensions>
          <gpxtpx:TrackPointExtension>
            <gpxtpx:hr>183</gpxtpx:hr>
          </gpxtpx:TrackPointExtension>
        </extensions>
      </trkpt>
      <trkpt lat="30.475541335985692" lon="104.01927705534678">
        <ele>481.1640160502866</ele>
        <time>1970-01-01T00:34:19Z</time>
        <extensions>
          <gpxtpx:TrackPointExtension>
            <gpxtpx:hr>183</gpxtpx:hr>
          </gpxtpx:TrackPointExtension>
        </extensions>
      </trkpt>
      <trkpt lat="30.475562215944038" lon="104.01930082682482">
        <ele>481.1696911053732</ele>
        <time>1970-01-01T00:34:20Z</time>
        <extensions>
          <gpxtpx:TrackPointExtension>
            <gpxtpx:hr>183</gpxtpx:hr>
          </gpxtpx:TrackPointExtension>
        </extensions>
      </trkpt>
      <trkpt lat="30.47558338065456" lon="104.01932387253466">
        <ele>481.17465903330594</ele>
        <time>1970-01-01T00:34:21Z</time>
        <extensions>
          <gpxtpx:TrackPointExtension>
            <gpxtpx:hr>183</gpxtpx:hr>
          </gpxtpx:TrackPointExtension>
        </extensions>
      </trkpt>
      <trkpt lat="30.475604401596744" lon="104.01934718107145">
        <ele>481.17881248891354</ele>
        <time>1970-01-01T00:34:22Z</time>
        <extensions>
          <gpxtpx:TrackPointExtension>
            <gpxtpx:hr>183</gpxtpx:hr>
          </gpxtpx:TrackPointExtension>
        </extensions>
      </trkpt>
      <trkpt lat="30.47562510108217" lon="104.01937120201943">
        <ele>481.18206627853215</ele>
        <time>1970-01-01T00:34:23Z</time>
        <extensions>
          <gpxtpx:TrackPointExtension>
            <gpxtpx:hr>183</gpxtpx:hr>
          </gpxtpx:TrackPointExtension>
        </extensions>
      </trkpt>
      <trkpt lat="30.475645556433832" lon="104.01939591615559">
        <ele>481.18423124123365</ele>
        <time>1970-01-01T00:34:24Z</time>
        <extensions>
          <gpxtpx:TrackPointExtension>
            <gpxtpx:hr>183</gpxtpx:hr>
          </gpxtpx:TrackPointExtension>
        </extensions>
      </trkpt>
      <trkpt lat="30.475666178141037" lon="104.01942136856007">
        <ele>481.1850676210597</ele>
        <time>1970-01-01T00:34:25Z</time>
        <extensions>
          <gpxtpx:TrackPointExtension>
            <gpxtpx:hr>183</gpxtpx:hr>
          </gpxtpx:TrackPointExtension>
        </extensions>
      </trkpt>
      <trkpt lat="30.475686839273273" lon="104.01944619641365">
        <ele>481.18438788037747</ele>
        <time>1970-01-01T00:34:26Z</time>
        <extensions>
          <gpxtpx:TrackPointExtension>
            <gpxtpx:hr>182</gpxtpx:hr>
          </gpxtpx:TrackPointExtension>
        </extensions>
      </trkpt>
      <trkpt lat="30.475707869934077" lon="104.01946951215672">
        <ele>481.1819289326668</ele>
        <time>1970-01-01T00:34:27Z</time>
        <extensions>
          <gpxtpx:TrackPointExtension>
            <gpxtpx:hr>182</gpxtpx:hr>
          </gpxtpx:TrackPointExtension>
        </extensions>
      </trkpt>
      <trkpt lat="30.47572970029847" lon="104.01949146032294">
        <ele>481.1774660171941</ele>
        <time>1970-01-01T00:34:28Z</time>
        <extensions>
          <gpxtpx:TrackPointExtension>
            <gpxtpx:hr>182</gpxtpx:hr>
          </gpxtpx:TrackPointExtension>
        </extensions>
      </trkpt>
      <trkpt lat="30.475752398199354" lon="104.01951191684103">
        <ele>481.17080451734364</ele>
        <time>1970-01-01T00:34:29Z</time>
        <extensions>
          <gpxtpx:TrackPointExtension>
            <gpxtpx:hr>182</gpxtpx:hr>
          </gpxtpx:TrackPointExtension>
        </extensions>
      </trkpt>
      <trkpt lat="30.47577643899328" lon="104.0195304337808">
        <ele>481.16175315435976</ele>
        <time>1970-01-01T00:34:30Z</time>
        <extensions>
          <gpxtpx:TrackPointExtension>
            <gpxtpx:hr>182</gpxtpx:hr>
          </gpxtpx:TrackPointExtension>
        </extensions>
      </trkpt>
      <trkpt lat="30.475801538863703" lon="104.01954583912082">
        <ele>481.1501456508413</ele>
        <time>1970-01-01T00:34:31Z</time>
        <extensions>
          <gpxtpx:TrackPointExtension>
            <gpxtpx:hr>182</gpxtpx:hr>
          </gpxtpx:TrackPointExtension>
        </extensions>
      </trkpt>
      <trkpt lat="30.475827642370604" lon="104.01955789194683">
        <ele>481.1357211638242</ele>
        <time>1970-01-01T00:34:32Z</time>
        <extensions>
          <gpxtpx:TrackPointExtension>
            <gpxtpx:hr>182</gpxtpx:hr>
          </gpxtpx:TrackPointExtension>
        </extensions>
      </trkpt>
      <trkpt lat="30.475855222662222" lon="104.01956687025503">
        <ele>481.11822634376585</ele>
        <time>1970-01-01T00:34:33Z</time>
        <extensions>
          <gpxtpx:TrackPointExtension>
            <gpxtpx:hr>185</gpxtpx:hr>
          </gpxtpx:TrackPointExtension>
        </extensions>
      </trkpt>
      <trkpt lat="30.47588384464875" lon="104.01957331063468">
        <ele>481.09755027573556</ele>
        <time>1970-01-01T00:34:34Z</time>
        <extensions>
          <gpxtpx:TrackPointExtension>
            <gpxtpx:hr>185</gpxtpx:hr>
          </gpxtpx:TrackPointExtension>
        </extensions>
      </trkpt>
      <trkpt lat="30.47591271186039" lon="104.01957797210558">
        <ele>481.07384440116584</ele>
        <time>1970-01-01T00:34:35Z</time>
        <extensions>
          <gpxtpx:TrackPointExtension>
            <gpxtpx:hr>185</gpxtpx:hr>
          </gpxtpx:TrackPointExtension>
        </extensions>
      </trkpt>
      <trkpt lat="30.475941981004052" lon="104.01958162521709">
        <ele>481.0473822504282</ele>
        <time>1970-01-01T00:34:36Z</time>
        <extensions>
          <gpxtpx:TrackPointExtension>
            <gpxtpx:hr>185</gpxtpx:hr>
          </gpxtpx:TrackPointExtension>
        </extensions>
      </trkpt>
      <trkpt lat="30.47597159581335" lon="104.01958446368953">
        <ele>481.0186138115823</ele>
        <time>1970-01-01T00:34:37Z</time>
        <extensions>
          <gpxtpx:TrackPointExtension>
            <gpxtpx:hr>185</gpxtpx:hr>
          </gpxtpx:TrackPointExtension>
        </extensions>
      </trkpt>
      <trkpt lat="30.47600193184735" lon="104.01958673474826">
        <ele>480.9880910515785</ele>
        <time>1970-01-01T00:34:38Z</time>
        <extensions>
          <gpxtpx:TrackPointExtension>
            <gpxtpx:hr>185</gpxtpx:hr>
          </gpxtpx:TrackPointExtension>
        </extensions>
      </trkpt>
      <trkpt lat="30.47603246676892" lon="104.01958971137498">
        <ele>480.95641221664846</ele>
        <time>1970-01-01T00:34:39Z</time>
        <extensions>
          <gpxtpx:TrackPointExtension>
            <gpxtpx:hr>185</gpxtpx:hr>
          </gpxtpx:TrackPointExtension>
        </extensions>
      </trkpt>
      <trkpt lat="30.476062205727462" lon="104.01959430462244">
        <ele>480.92418012209237</ele>
        <time>1970-01-01T00:34:40Z</time>
        <extensions>
          <gpxtpx:TrackPointExtension>
            <gpxtpx:hr>185</gpxtpx:hr>
          </gpxtpx:TrackPointExtension>
        </extensions>
      </trkpt>
      <trkpt lat="30.47609066895429" lon="104.01960032320923">
        <ele>480.89196268096566</ele>
        <time>1970-01-01T00:34:41Z</time>
        <extensions>
          <gpxtpx:TrackPointExtension>
            <gpxtpx:hr>185</gpxtpx:hr>
          </gpxtpx:TrackPointExtension>
        </extensions>
      </trkpt>
      <trkpt lat="30.47611863265409" lon="104.01960684984007">
        <ele>480.86049210559577</ele>
        <time>1970-01-01T00:34:42Z</time>
        <extensions>
          <gpxtpx:TrackPointExtension>
            <gpxtpx:hr>185</gpxtpx:hr>
          </gpxtpx:TrackPointExtension>
        </extensions>
      </trkpt>
      <trkpt lat="30.476146672677014" lon="104.01961268779914">
        <ele>480.8305069534108</ele>
        <time>1970-01-01T00:34:43Z</time>
        <extensions>
          <gpxtpx:TrackPointExtension>
            <gpxtpx:hr>186</gpxtpx:hr>
          </gpxtpx:TrackPointExtension>
        </extensions>
      </trkpt>
      <trkpt lat="30.47617563196303" lon="104.01961697388056">
        <ele>480.8025399213657</ele>
        <time>1970-01-01T00:34:44Z</time>
        <extensions>
          <gpxtpx:TrackPointExtension>
            <gpxtpx:hr>186</gpxtpx:hr>
          </gpxtpx:TrackPointExtension>
        </extensions>
      </trkpt>
      <trkpt lat="30.476205288681342" lon="104.01962002351817">
        <ele>480.7768847690895</ele>
        <time>1970-01-01T00:34:45Z</time>
        <extensions>
          <gpxtpx:TrackPointExtension>
            <gpxtpx:hr>186</gpxtpx:hr>
          </gpxtpx:TrackPointExtension>
        </extensions>
      </trkpt>
      <trkpt lat="30.476234284159535" lon="104.01962175072153">
        <ele>480.7536808596924</ele>
        <time>1970-01-01T00:34:46Z</time>
        <extensions>
          <gpxtpx:TrackPointExtension>
            <gpxtpx:hr>186</gpxtpx:hr>
          </gpxtpx:TrackPointExtension>
        </extensions>
      </trkpt>
      <trkpt lat="30.47626253280455" lon="104.0196217323548">
        <ele>480.7329722251743</ele>
        <time>1970-01-01T00:34:47Z</time>
        <extensions>
          <gpxtpx:TrackPointExtension>
            <gpxtpx:hr>186</gpxtpx:hr>
          </gpxtpx:TrackPointExtension>
        </extensions>
      </trkpt>
      <trkpt lat="30.476290234959" lon="104.01962067515771">
        <ele>480.71477812249213</ele>
        <time>1970-01-01T00:34:48Z</time>
        <extensions>
          <gpxtpx:TrackPointExtension>
            <gpxtpx:hr>186</gpxtpx:hr>
          </gpxtpx:TrackPointExtension>
        </extensions>
      </trkpt>
      <trkpt lat="30.476317595293228" lon="104.01961978012716">
        <ele>480.69915667176247</ele>
        <time>1970-01-01T00:34:49Z</time>
        <extensions>
          <gpxtpx:TrackPointExtension>
            <gpxtpx:hr>186</gpxtpx:hr>
          </gpxtpx:TrackPointExtension>
        </extensions>
      </trkpt>
      <trkpt lat="30.476345220322568" lon="104.01962000700159">
        <ele>480.6861852053553</ele>
        <time>1970-01-01T00:34:50Z</time>
        <extensions>
          <gpxtpx:TrackPointExtension>
            <gpxtpx:hr>186</gpxtpx:hr>
          </gpxtpx:TrackPointExtension>
        </extensions>
      </trkpt>
      <trkpt lat="30.47637382222349" lon="104.01962147424823">
        <ele>480.67581793200225</ele>
        <time>1970-01-01T00:34:51Z</time>
        <extensions>
          <gpxtpx:TrackPointExtension>
            <gpxtpx:hr>186</gpxtpx:hr>
          </gpxtpx:TrackPointExtension>
        </extensions>
      </trkpt>
      <trkpt lat="30.476402541080386" lon="104.0196234648196">
        <ele>480.6678045457229</ele>
        <time>1970-01-01T00:34:52Z</time>
        <extensions>
          <gpxtpx:TrackPointExtension>
            <gpxtpx:hr>186</gpxtpx:hr>
          </gpxtpx:TrackPointExtension>
        </extensions>
      </trkpt>
      <trkpt lat="30.476430509817337" lon="104.01962443530752">
        <ele>480.6617624005303</ele>
        <time>1970-01-01T00:34:52Z</time>
        <extensions>
          <gpxtpx:TrackPointExtension>
            <gpxtpx:hr>186</gpxtpx:hr>
          </gpxtpx:TrackPointExtension>
        </extensions>
      </trkpt>
      <trkpt lat="30.476457807315754" lon="104.01962384834742">
        <ele>480.65728895086795</ele>
        <time>1970-01-01T00:34:53Z</time>
        <extensions>
          <gpxtpx:TrackPointExtension>
            <gpxtpx:hr>186</gpxtpx:hr>
          </gpxtpx:TrackPointExtension>
        </extensions>
      </trkpt>
      <trkpt lat="30.476485507853592" lon="104.01962210950272">
        <ele>480.65391322318465</ele>
        <time>1970-01-01T00:34:54Z</time>
        <extensions>
          <gpxtpx:TrackPointExtension>
            <gpxtpx:hr>186</gpxtpx:hr>
          </gpxtpx:TrackPointExtension>
        </extensions>
      </trkpt>
      <trkpt lat="30.47651354321968" lon="104.01962003226349">
        <ele>480.6512241223827</ele>
        <time>1970-01-01T00:34:55Z</time>
        <extensions>
          <gpxtpx:TrackPointExtension>
            <gpxtpx:hr>186</gpxtpx:hr>
          </gpxtpx:TrackPointExtension>
        </extensions>
      </trkpt>
      <trkpt lat="30.476541295560782" lon="104.01961709739271">
        <ele>480.6489323200658</ele>
        <time>1970-01-01T00:34:56Z</time>
        <extensions>
          <gpxtpx:TrackPointExtension>
            <gpxtpx:hr>186</gpxtpx:hr>
          </gpxtpx:TrackPointExtension>
        </extensions>
      </trkpt>
      <trkpt lat="30.47656859043216" lon="104.01961230568284">
        <ele>480.6469264244661</ele>
        <time>1970-01-01T00:34:57Z</time>
        <extensions>
          <gpxtpx:TrackPointExtension>
            <gpxtpx:hr>184</gpxtpx:hr>
          </gpxtpx:TrackPointExtension>
        </extensions>
      </trkpt>
      <trkpt lat="30.476595276089952" lon="104.01960574993288">
        <ele>480.64511048886925</ele>
        <time>1970-01-01T00:34:58Z</time>
        <extensions>
          <gpxtpx:TrackPointExtension>
            <gpxtpx:hr>184</gpxtpx:hr>
          </gpxtpx:TrackPointExtension>
        </extensions>
      </trkpt>
      <trkpt lat="30.47662195977522" lon="104.01959750039973">
        <ele>480.6435158941895</ele>
        <time>1970-01-01T00:34:59Z</time>
        <extensions>
          <gpxtpx:TrackPointExtension>
            <gpxtpx:hr>184</gpxtpx:hr>
          </gpxtpx:TrackPointExtension>
        </extensions>
      </trkpt>
      <trkpt lat="30.47664920830861" lon="104.01958832891928">
        <ele>480.6422174666077</ele>
        <time>1970-01-01T00:35:00Z</time>
        <extensions>
          <gpxtpx:TrackPointExtension>
            <gpxtpx:hr>184</gpxtpx:hr>
          </gpxtpx:TrackPointExtension>
        </extensions>
      </trkpt>
      <trkpt lat="30.476677487782656" lon="104.01957883126364">
        <ele>480.6412744903937</ele>
        <time>1970-01-01T00:35:01Z</time>
        <extensions>
          <gpxtpx:TrackPointExtension>
            <gpxtpx:hr>184</gpxtpx:hr>
          </gpxtpx:TrackPointExtension>
        </extensions>
      </trkpt>
      <trkpt lat="30.476705849234545" lon="104.01956971450066">
        <ele>480.6406696308404</ele>
        <time>1970-01-01T00:35:02Z</time>
        <extensions>
          <gpxtpx:TrackPointExtension>
            <gpxtpx:hr>184</gpxtpx:hr>
          </gpxtpx:TrackPointExtension>
        </extensions>
      </trkpt>
      <trkpt lat="30.476733570900425" lon="104.01956061769597">
        <ele>480.6404725080356</ele>
        <time>1970-01-01T00:35:03Z</time>
        <extensions>
          <gpxtpx:TrackPointExtension>
            <gpxtpx:hr>184</gpxtpx:hr>
          </gpxtpx:TrackPointExtension>
        </extensions>
      </trkpt>
      <trkpt lat="30.47676111042526" lon="104.01955100802196">
        <ele>480.64092493709177</ele>
        <time>1970-01-01T00:35:04Z</time>
        <extensions>
          <gpxtpx:TrackPointExtension>
            <gpxtpx:hr>184</gpxtpx:hr>
          </gpxtpx:TrackPointExtension>
        </extensions>
      </trkpt>
      <trkpt lat="30.47678922752332" lon="104.01954127939783">
        <ele>480.64239028841257</ele>
        <time>1970-01-01T00:35:05Z</time>
        <extensions>
          <gpxtpx:TrackPointExtension>
            <gpxtpx:hr>184</gpxtpx:hr>
          </gpxtpx:TrackPointExtension>
        </extensions>
      </trkpt>
      <trkpt lat="30.476818401203218" lon="104.01953205696368">
        <ele>480.64510456006974</ele>
        <time>1970-01-01T00:35:06Z</time>
        <extensions>
          <gpxtpx:TrackPointExtension>
            <gpxtpx:hr>184</gpxtpx:hr>
          </gpxtpx:TrackPointExtension>
        </extensions>
      </trkpt>
      <trkpt lat="30.476847567280974" lon="104.01952380252818">
        <ele>480.649439281784</ele>
        <time>1970-01-01T00:35:07Z</time>
        <extensions>
          <gpxtpx:TrackPointExtension>
            <gpxtpx:hr>184</gpxtpx:hr>
          </gpxtpx:TrackPointExtension>
        </extensions>
      </trkpt>
      <trkpt lat="30.476876302834516" lon="104.01951597669905">
        <ele>480.6556221358478</ele>
        <time>1970-01-01T00:35:08Z</time>
        <extensions>
          <gpxtpx:TrackPointExtension>
            <gpxtpx:hr>182</gpxtpx:hr>
          </gpxtpx:TrackPointExtension>
        </extensions>
      </trkpt>
      <trkpt lat="30.47690532933913" lon="104.01950874670416">
        <ele>480.66367867495865</ele>
        <time>1970-01-01T00:35:09Z</time>
        <extensions>
          <gpxtpx:TrackPointExtension>
            <gpxtpx:hr>182</gpxtpx:hr>
          </gpxtpx:TrackPointExtension>
        </extensions>
      </trkpt>
      <trkpt lat="30.47693536027768" lon="104.01950305633362">
        <ele>480.67346546426415</ele>
        <time>1970-01-01T00:35:10Z</time>
        <extensions>
          <gpxtpx:TrackPointExtension>
            <gpxtpx:hr>182</gpxtpx:hr>
          </gpxtpx:TrackPointExtension>
        </extensions>
      </trkpt>
      <trkpt lat="30.47696607823573" lon="104.0194997202688">
        <ele>480.6849204795435</ele>
        <time>1970-01-01T00:35:11Z</time>
        <extensions>
          <gpxtpx:TrackPointExtension>
            <gpxtpx:hr>182</gpxtpx:hr>
          </gpxtpx:TrackPointExtension>
        </extensions>
      </trkpt>
      <trkpt lat="30.476996784588266" lon="104.01949740547367">
        <ele>480.6980200186372</ele>
        <time>1970-01-01T00:35:12Z</time>
        <extensions>
          <gpxtpx:TrackPointExtension>
            <gpxtpx:hr>182</gpxtpx:hr>
          </gpxtpx:TrackPointExtension>
        </extensions>
      </trkpt>
      <trkpt lat="30.477026885149552" lon="104.01949452483161">
        <ele>480.71285110898316</ele>
        <time>1970-01-01T00:35:13Z</time>
        <extensions>
          <gpxtpx:TrackPointExtension>
            <gpxtpx:hr>182</gpxtpx:hr>
          </gpxtpx:TrackPointExtension>
        </extensions>
      </trkpt>
      <trkpt lat="30.4770565104124" lon="104.01949127390382">
        <ele>480.72951648104936</ele>
        <time>1970-01-01T00:35:14Z</time>
        <extensions>
          <gpxtpx:TrackPointExtension>
            <gpxtpx:hr>182</gpxtpx:hr>
          </gpxtpx:TrackPointExtension>
        </extensions>
      </trkpt>
      <trkpt lat="30.47708639287192" lon="104.01948873748248">
        <ele>480.7478464730084</ele>
        <time>1970-01-01T00:35:15Z</time>
        <extensions>
          <gpxtpx:TrackPointExtension>
            <gpxtpx:hr>184</gpxtpx:hr>
          </gpxtpx:TrackPointExtension>
        </extensions>
      </trkpt>
      <trkpt lat="30.477116174354226" lon="104.0194881283236">
        <ele>480.76740501541644</ele>
        <time>1970-01-01T00:35:16Z</time>
        <extensions>
          <gpxtpx:TrackPointExtension>
            <gpxtpx:hr>184</gpxtpx:hr>
          </gpxtpx:TrackPointExtension>
        </extensions>
      </trkpt>
      <trkpt lat="30.47714587604651" lon="104.01948950497493">
        <ele>480.787460106425</ele>
        <time>1970-01-01T00:35:17Z</time>
        <extensions>
          <gpxtpx:TrackPointExtension>
            <gpxtpx:hr>184</gpxtpx:hr>
          </gpxtpx:TrackPointExtension>
        </extensions>
      </trkpt>
      <trkpt lat="30.477175703770477" lon="104.01949244415152">
        <ele>480.8071027286351</ele>
        <time>1970-01-01T00:35:18Z</time>
        <extensions>
          <gpxtpx:TrackPointExtension>
            <gpxtpx:hr>184</gpxtpx:hr>
          </gpxtpx:TrackPointExtension>
        </extensions>
      </trkpt>
      <trkpt lat="30.477206339347774" lon="104.01949650730073">
        <ele>480.82545131631196</ele>
        <time>1970-01-01T00:35:19Z</time>
        <extensions>
          <gpxtpx:TrackPointExtension>
            <gpxtpx:hr>184</gpxtpx:hr>
          </gpxtpx:TrackPointExtension>
        </extensions>
      </trkpt>
      <trkpt lat="30.477237324924882" lon="104.01950210022954">
        <ele>480.84163934830576</ele>
        <time>1970-01-01T00:35:20Z</time>
        <extensions>
          <gpxtpx:TrackPointExtension>
            <gpxtpx:hr>183</gpxtpx:hr>
          </gpxtpx:TrackPointExtension>
        </extensions>
      </trkpt>
      <trkpt lat="30.477268142627153" lon="104.01950975182908">
        <ele>480.8549436144531</ele>
        <time>1970-01-01T00:35:21Z</time>
        <extensions>
          <gpxtpx:TrackPointExtension>
            <gpxtpx:hr>183</gpxtpx:hr>
          </gpxtpx:TrackPointExtension>
        </extensions>
      </trkpt>
      <trkpt lat="30.477299252753376" lon="104.01951916002491">
        <ele>480.8649073736742</ele>
        <time>1970-01-01T00:35:22Z</time>
        <extensions>
          <gpxtpx:TrackPointExtension>
            <gpxtpx:hr>183</gpxtpx:hr>
          </gpxtpx:TrackPointExtension>
        </extensions>
      </trkpt>
      <trkpt lat="30.477329644451927" lon="104.0195294069825">
        <ele>480.87137603666633</ele>
        <time>1970-01-01T00:35:23Z</time>
        <extensions>
          <gpxtpx:TrackPointExtension>
            <gpxtpx:hr>183</gpxtpx:hr>
          </gpxtpx:TrackPointExtension>
        </extensions>
      </trkpt>
      <trkpt lat="30.477359030565406" lon="104.01954002684674">
        <ele>480.8745661508292</ele>
        <time>1970-01-01T00:35:24Z</time>
        <extensions>
          <gpxtpx:TrackPointExtension>
            <gpxtpx:hr>183</gpxtpx:hr>
          </gpxtpx:TrackPointExtension>
        </extensions>
      </trkpt>
      <trkpt lat="30.47738771036838" lon="104.01955170915987">
        <ele>480.87475406192243</ele>
        <time>1970-01-01T00:35:25Z</time>
        <extensions>
          <gpxtpx:TrackPointExtension>
            <gpxtpx:hr>183</gpxtpx:hr>
          </gpxtpx:TrackPointExtension>
        </extensions>
      </trkpt>
      <trkpt lat="30.477416063499653" lon="104.01956496411763">
        <ele>480.8723389422521</ele>
        <time>1970-01-01T00:35:26Z</time>
        <extensions>
          <gpxtpx:TrackPointExtension>
            <gpxtpx:hr>184</gpxtpx:hr>
          </gpxtpx:TrackPointExtension>
        </extensions>
      </trkpt>
      <trkpt lat="30.477444068285003" lon="104.01957963488034">
        <ele>480.8676817463711</ele>
        <time>1970-01-01T00:35:27Z</time>
        <extensions>
          <gpxtpx:TrackPointExtension>
            <gpxtpx:hr>184</gpxtpx:hr>
          </gpxtpx:TrackPointExtension>
        </extensions>
      </trkpt>
      <trkpt lat="30.477471867033813" lon="104.01959464040642">
        <ele>480.86104035098106</ele>
        <time>1970-01-01T00:35:28Z</time>
        <extensions>
          <gpxtpx:TrackPointExtension>
            <gpxtpx:hr>184</gpxtpx:hr>
          </gpxtpx:TrackPointExtension>
        </extensions>
      </trkpt>
      <trkpt lat="30.477498865666355" lon="104.01960883512628">
        <ele>480.8524674298242</ele>
        <time>1970-01-01T00:35:29Z</time>
        <extensions>
          <gpxtpx:TrackPointExtension>
            <gpxtpx:hr>184</gpxtpx:hr>
          </gpxtpx:TrackPointExtension>
        </extensions>
      </trkpt>
      <trkpt lat="30.477524387508215" lon="104.01962297307985">
        <ele>480.842316695489</ele>
        <time>1970-01-01T00:35:30Z</time>
        <extensions>
          <gpxtpx:TrackPointExtension>
            <gpxtpx:hr>184</gpxtpx:hr>
          </gpxtpx:TrackPointExtension>
        </extensions>
      </trkpt>
      <trkpt lat="30.47754913978378" lon="104.01963863528171">
        <ele>480.83091407548636</ele>
        <time>1970-01-01T00:35:31Z</time>
        <extensions>
          <gpxtpx:TrackPointExtension>
            <gpxtpx:hr>184</gpxtpx:hr>
          </gpxtpx:TrackPointExtension>
        </extensions>
      </trkpt>
      <trkpt lat="30.477573548215215" lon="104.0196560968063">
        <ele>480.8184656864032</ele>
        <time>1970-01-01T00:35:32Z</time>
        <extensions>
          <gpxtpx:TrackPointExtension>
            <gpxtpx:hr>184</gpxtpx:hr>
          </gpxtpx:TrackPointExtension>
        </extensions>
      </trkpt>
      <trkpt lat="30.477598256956238" lon="104.01967509419524">
        <ele>480.80511918105185</ele>
        <time>1970-01-01T00:35:33Z</time>
        <extensions>
          <gpxtpx:TrackPointExtension>
            <gpxtpx:hr>184</gpxtpx:hr>
          </gpxtpx:TrackPointExtension>
        </extensions>
      </trkpt>
      <trkpt lat="30.477623410047745" lon="104.01969497892513">
        <ele>480.791213626042</ele>
        <time>1970-01-01T00:35:34Z</time>
        <extensions>
          <gpxtpx:TrackPointExtension>
            <gpxtpx:hr>184</gpxtpx:hr>
          </gpxtpx:TrackPointExtension>
        </extensions>
      </trkpt>
      <trkpt lat="30.477648908871295" lon="104.0197149547232">
        <ele>480.77725136093795</ele>
        <time>1970-01-01T00:35:35Z</time>
        <extensions>
          <gpxtpx:TrackPointExtension>
            <gpxtpx:hr>184</gpxtpx:hr>
          </gpxtpx:TrackPointExtension>
        </extensions>
      </trkpt>
      <trkpt lat="30.47767382910634" lon="104.01973518804093">
        <ele>480.76391470525414</ele>
        <time>1970-01-01T00:35:36Z</time>
        <extensions>
          <gpxtpx:TrackPointExtension>
            <gpxtpx:hr>185</gpxtpx:hr>
          </gpxtpx:TrackPointExtension>
        </extensions>
      </trkpt>
      <trkpt lat="30.477697760508516" lon="104.01975664285258">
        <ele>480.7519693383947</ele>
        <time>1970-01-01T00:35:37Z</time>
        <extensions>
          <gpxtpx:TrackPointExtension>
            <gpxtpx:hr>185</gpxtpx:hr>
          </gpxtpx:TrackPointExtension>
        </extensions>
      </trkpt>
      <trkpt lat="30.47772103922394" lon="104.01977928910601">
        <ele>480.74218779057264</ele>
        <time>1970-01-01T00:35:38Z</time>
        <extensions>
          <gpxtpx:TrackPointExtension>
            <gpxtpx:hr>185</gpxtpx:hr>
          </gpxtpx:TrackPointExtension>
        </extensions>
      </trkpt>
      <trkpt lat="30.477743973542513" lon="104.01980221345276">
        <ele>480.7349938955158</ele>
        <time>1970-01-01T00:35:39Z</time>
        <extensions>
          <gpxtpx:TrackPointExtension>
            <gpxtpx:hr>185</gpxtpx:hr>
          </gpxtpx:TrackPointExtension>
        </extensions>
      </trkpt>
      <trkpt lat="30.477766887763984" lon="104.01982585532154">
        <ele>480.73031189478934</ele>
        <time>1970-01-01T00:35:40Z</time>
        <extensions>
          <gpxtpx:TrackPointExtension>
            <gpxtpx:hr>185</gpxtpx:hr>
          </gpxtpx:TrackPointExtension>
        </extensions>
      </trkpt>
      <trkpt lat="30.47778948950418" lon="104.0198507122417">
        <ele>480.7276737662032</ele>
        <time>1970-01-01T00:35:41Z</time>
        <extensions>
          <gpxtpx:TrackPointExtension>
            <gpxtpx:hr>185</gpxtpx:hr>
          </gpxtpx:TrackPointExtension>
        </extensions>
      </trkpt>
      <trkpt lat="30.477811631736667" lon="104.01987656021278">
        <ele>480.72648514341563</ele>
        <time>1970-01-01T00:35:42Z</time>
        <extensions>
          <gpxtpx:TrackPointExtension>
            <gpxtpx:hr>184</gpxtpx:hr>
          </gpxtpx:TrackPointExtension>
        </extensions>
      </trkpt>
      <trkpt lat="30.477832302852228" lon="104.01990244376691">
        <ele>480.72609385382384</ele>
        <time>1970-01-01T00:35:43Z</time>
        <extensions>
          <gpxtpx:TrackPointExtension>
            <gpxtpx:hr>184</gpxtpx:hr>
          </gpxtpx:TrackPointExtension>
        </extensions>
      </trkpt>
      <trkpt lat="30.477852605129414" lon="104.01992801711394">
        <ele>480.72606107313186</ele>
        <time>1970-01-01T00:35:44Z</time>
        <extensions>
          <gpxtpx:TrackPointExtension>
            <gpxtpx:hr>184</gpxtpx:hr>
          </gpxtpx:TrackPointExtension>
        </extensions>
      </trkpt>
      <trkpt lat="30.47787341414816" lon="104.01995372259177">
        <ele>480.7261668816209</ele>
        <time>1970-01-01T00:35:45Z</time>
        <extensions>
          <gpxtpx:TrackPointExtension>
            <gpxtpx:hr>184</gpxtpx:hr>
          </gpxtpx:TrackPointExtension>
        </extensions>
      </trkpt>
      <trkpt lat="30.477893791211763" lon="104.01998005039528">
        <ele>480.7262876396999</ele>
        <time>1970-01-01T00:35:46Z</time>
        <extensions>
          <gpxtpx:TrackPointExtension>
            <gpxtpx:hr>184</gpxtpx:hr>
          </gpxtpx:TrackPointExtension>
        </extensions>
      </trkpt>
      <trkpt lat="30.477913128736468" lon="104.02000726474445">
        <ele>480.7262967918068</ele>
        <time>1970-01-01T00:35:47Z</time>
        <extensions>
          <gpxtpx:TrackPointExtension>
            <gpxtpx:hr>184</gpxtpx:hr>
          </gpxtpx:TrackPointExtension>
        </extensions>
      </trkpt>
      <trkpt lat="30.47793049078724" lon="104.02003468730432">
        <ele>480.72605626937</ele>
        <time>1970-01-01T00:35:48Z</time>
        <extensions>
          <gpxtpx:TrackPointExtension>
            <gpxtpx:hr>184</gpxtpx:hr>
          </gpxtpx:TrackPointExtension>
        </extensions>
      </trkpt>
      <trkpt lat="30.477946649260552" lon="104.02006251671182">
        <ele>480.7253257399425</ele>
        <time>1970-01-01T00:35:49Z</time>
        <extensions>
          <gpxtpx:TrackPointExtension>
            <gpxtpx:hr>184</gpxtpx:hr>
          </gpxtpx:TrackPointExtension>
        </extensions>
      </trkpt>
      <trkpt lat="30.477962420038217" lon="104.02009094818995">
        <ele>480.72376928664744</ele>
        <time>1970-01-01T00:35:50Z</time>
        <extensions>
          <gpxtpx:TrackPointExtension>
            <gpxtpx:hr>184</gpxtpx:hr>
          </gpxtpx:TrackPointExtension>
        </extensions>
      </trkpt>
      <trkpt lat="30.47797784148527" lon="104.02011967660025">
        <ele>480.7209990536794</ele>
        <time>1970-01-01T00:35:51Z</time>
        <extensions>
          <gpxtpx:TrackPointExtension>
            <gpxtpx:hr>183</gpxtpx:hr>
          </gpxtpx:TrackPointExtension>
        </extensions>
      </trkpt>
      <trkpt lat="30.477992486179105" lon="104.02014838017075">
        <ele>480.71666479762644</ele>
        <time>1970-01-01T00:35:52Z</time>
        <extensions>
          <gpxtpx:TrackPointExtension>
            <gpxtpx:hr>183</gpxtpx:hr>
          </gpxtpx:TrackPointExtension>
        </extensions>
      </trkpt>
      <trkpt lat="30.478006373015766" lon="104.02017742870524">
        <ele>480.71059386525303</ele>
        <time>1970-01-01T00:35:54Z</time>
        <extensions>
          <gpxtpx:TrackPointExtension>
            <gpxtpx:hr>183</gpxtpx:hr>
          </gpxtpx:TrackPointExtension>
        </extensions>
      </trkpt>
      <trkpt lat="30.478019570548643" lon="104.02020712774589">
        <ele>480.70281975436956</ele>
        <time>1970-01-01T00:35:55Z</time>
        <extensions>
          <gpxtpx:TrackPointExtension>
            <gpxtpx:hr>183</gpxtpx:hr>
          </gpxtpx:TrackPointExtension>
        </extensions>
      </trkpt>
      <trkpt lat="30.478031873043445" lon="104.02023784969658">
        <ele>480.69358887244016</ele>
        <time>1970-01-01T00:35:56Z</time>
        <extensions>
          <gpxtpx:TrackPointExtension>
            <gpxtpx:hr>183</gpxtpx:hr>
          </gpxtpx:TrackPointExtension>
        </extensions>
      </trkpt>
      <trkpt lat="30.47804329177452" lon="104.02027009388219">
        <ele>480.6833100160584</ele>
        <time>1970-01-01T00:35:57Z</time>
        <extensions>
          <gpxtpx:TrackPointExtension>
            <gpxtpx:hr>183</gpxtpx:hr>
          </gpxtpx:TrackPointExtension>
        </extensions>
      </trkpt>
      <trkpt lat="30.478053643818406" lon="104.02030303550568">
        <ele>480.67240323498845</ele>
        <time>1970-01-01T00:35:58Z</time>
        <extensions>
          <gpxtpx:TrackPointExtension>
            <gpxtpx:hr>183</gpxtpx:hr>
          </gpxtpx:TrackPointExtension>
        </extensions>
      </trkpt>
      <trkpt lat="30.478063064719404" lon="104.0203357526642">
        <ele>480.66125351190567</ele>
        <time>1970-01-01T00:35:59Z</time>
        <extensions>
          <gpxtpx:TrackPointExtension>
            <gpxtpx:hr>183</gpxtpx:hr>
          </gpxtpx:TrackPointExtension>
        </extensions>
      </trkpt>
      <trkpt lat="30.47807184999925" lon="104.0203676678898">
        <ele>480.6501935152337</ele>
        <time>1970-01-01T00:36:00Z</time>
        <extensions>
          <gpxtpx:TrackPointExtension>
            <gpxtpx:hr>183</gpxtpx:hr>
          </gpxtpx:TrackPointExtension>
        </extensions>
      </trkpt>
      <trkpt lat="30.478080412980415" lon="104.02039935205902">
        <ele>480.6395168378949</ele>
        <time>1970-01-01T00:36:01Z</time>
        <extensions>
          <gpxtpx:TrackPointExtension>
            <gpxtpx:hr>181</gpxtpx:hr>
          </gpxtpx:TrackPointExtension>
        </extensions>
      </trkpt>
      <trkpt lat="30.478088320137825" lon="104.02043096807549">
        <ele>480.62943091988564</ele>
        <time>1970-01-01T00:36:02Z</time>
        <extensions>
          <gpxtpx:TrackPointExtension>
            <gpxtpx:hr>181</gpxtpx:hr>
          </gpxtpx:TrackPointExtension>
        </extensions>
      </trkpt>
      <trkpt lat="30.478095399627406" lon="104.02046305291128">
        <ele>480.62004175782204</ele>
        <time>1970-01-01T00:36:03Z</time>
        <extensions>
          <gpxtpx:TrackPointExtension>
            <gpxtpx:hr>181</gpxtpx:hr>
          </gpxtpx:TrackPointExtension>
        </extensions>
      </trkpt>
      <trkpt lat="30.47810141594347" lon="104.0204961060397">
        <ele>480.61144919414073</ele>
        <time>1970-01-01T00:36:04Z</time>
        <extensions>
          <gpxtpx:TrackPointExtension>
            <gpxtpx:hr>181</gpxtpx:hr>
          </gpxtpx:TrackPointExtension>
        </extensions>
      </trkpt>
      <trkpt lat="30.478105277428067" lon="104.02053006808634">
        <ele>480.60384191572666</ele>
        <time>1970-01-01T00:36:05Z</time>
        <extensions>
          <gpxtpx:TrackPointExtension>
            <gpxtpx:hr>181</gpxtpx:hr>
          </gpxtpx:TrackPointExtension>
        </extensions>
      </trkpt>
      <trkpt lat="30.478106423743675" lon="104.02056464500185">
        <ele>480.5975193846971</ele>
        <time>1970-01-01T00:36:06Z</time>
        <extensions>
          <gpxtpx:TrackPointExtension>
            <gpxtpx:hr>182</gpxtpx:hr>
          </gpxtpx:TrackPointExtension>
        </extensions>
      </trkpt>
      <trkpt lat="30.478105672872044" lon="104.02059901247108">
        <ele>480.5925479605794</ele>
        <time>1970-01-01T00:36:07Z</time>
        <extensions>
          <gpxtpx:TrackPointExtension>
            <gpxtpx:hr>182</gpxtpx:hr>
          </gpxtpx:TrackPointExtension>
        </extensions>
      </trkpt>
      <trkpt lat="30.47810392734446" lon="104.0206337762888">
        <ele>480.58893682062626</ele>
        <time>1970-01-01T00:36:08Z</time>
        <extensions>
          <gpxtpx:TrackPointExtension>
            <gpxtpx:hr>182</gpxtpx:hr>
          </gpxtpx:TrackPointExtension>
        </extensions>
      </trkpt>
      <trkpt lat="30.478101061553648" lon="104.0206693216885">
        <ele>480.5866361409426</ele>
        <time>1970-01-01T00:36:09Z</time>
        <extensions>
          <gpxtpx:TrackPointExtension>
            <gpxtpx:hr>182</gpxtpx:hr>
          </gpxtpx:TrackPointExtension>
        </extensions>
      </trkpt>
      <trkpt lat="30.478097268831622" lon="104.02070514790931">
        <ele>480.58556100539863</ele>
        <time>1970-01-01T00:36:10Z</time>
        <extensions>
          <gpxtpx:TrackPointExtension>
            <gpxtpx:hr>182</gpxtpx:hr>
          </gpxtpx:TrackPointExtension>
        </extensions>
      </trkpt>
      <trkpt lat="30.478093721809234" lon="104.02074039264895">
        <ele>480.58556227199733</ele>
        <time>1970-01-01T00:36:11Z</time>
        <extensions>
          <gpxtpx:TrackPointExtension>
            <gpxtpx:hr>182</gpxtpx:hr>
          </gpxtpx:TrackPointExtension>
        </extensions>
      </trkpt>
      <trkpt lat="30.47809121643992" lon="104.02077446482019">
        <ele>480.5865199826658</ele>
        <time>1970-01-01T00:36:12Z</time>
        <extensions>
          <gpxtpx:TrackPointExtension>
            <gpxtpx:hr>182</gpxtpx:hr>
          </gpxtpx:TrackPointExtension>
        </extensions>
      </trkpt>
      <trkpt lat="30.478088633166905" lon="104.02080744687169">
        <ele>480.5882380399853</ele>
        <time>1970-01-01T00:36:13Z</time>
        <extensions>
          <gpxtpx:TrackPointExtension>
            <gpxtpx:hr>183</gpxtpx:hr>
          </gpxtpx:TrackPointExtension>
        </extensions>
      </trkpt>
      <trkpt lat="30.478085003674124" lon="104.02084056449901">
        <ele>480.5903575960547</ele>
        <time>1970-01-01T00:36:14Z</time>
        <extensions>
          <gpxtpx:TrackPointExtension>
            <gpxtpx:hr>183</gpxtpx:hr>
          </gpxtpx:TrackPointExtension>
        </extensions>
      </trkpt>
      <trkpt lat="30.47808030735843" lon="104.02087447817276">
        <ele>480.59229180030525</ele>
        <time>1970-01-01T00:36:15Z</time>
        <extensions>
          <gpxtpx:TrackPointExtension>
            <gpxtpx:hr>183</gpxtpx:hr>
          </gpxtpx:TrackPointExtension>
        </extensions>
      </trkpt>
      <trkpt lat="30.478074497924915" lon="104.02090870069712">
        <ele>480.5935789756477</ele>
        <time>1970-01-01T00:36:16Z</time>
        <extensions>
          <gpxtpx:TrackPointExtension>
            <gpxtpx:hr>183</gpxtpx:hr>
          </gpxtpx:TrackPointExtension>
        </extensions>
      </trkpt>
      <trkpt lat="30.478067453925032" lon="104.02094389296909">
        <ele>480.5940305367112</ele>
        <time>1970-01-01T00:36:17Z</time>
        <extensions>
          <gpxtpx:TrackPointExtension>
            <gpxtpx:hr>183</gpxtpx:hr>
          </gpxtpx:TrackPointExtension>
        </extensions>
      </trkpt>
      <trkpt lat="30.47805964081071" lon="104.0209801793514">
        <ele>480.5936854565516</ele>
        <time>1970-01-01T00:36:18Z</time>
        <extensions>
          <gpxtpx:TrackPointExtension>
            <gpxtpx:hr>183</gpxtpx:hr>
          </gpxtpx:TrackPointExtension>
        </extensions>
      </trkpt>
      <trkpt lat="30.478052014637118" lon="104.02101635492083">
        <ele>480.59266207925975</ele>
        <time>1970-01-01T00:36:19Z</time>
        <extensions>
          <gpxtpx:TrackPointExtension>
            <gpxtpx:hr>184</gpxtpx:hr>
          </gpxtpx:TrackPointExtension>
        </extensions>
      </trkpt>
      <trkpt lat="30.47804435575126" lon="104.02105134291376">
        <ele>480.5910649243742</ele>
        <time>1970-01-01T00:36:20Z</time>
        <extensions>
          <gpxtpx:TrackPointExtension>
            <gpxtpx:hr>184</gpxtpx:hr>
          </gpxtpx:TrackPointExtension>
        </extensions>
      </trkpt>
      <trkpt lat="30.47803635855539" lon="104.0210861111136">
        <ele>480.58887183479965</ele>
        <time>1970-01-01T00:36:21Z</time>
        <extensions>
          <gpxtpx:TrackPointExtension>
            <gpxtpx:hr>184</gpxtpx:hr>
          </gpxtpx:TrackPointExtension>
        </extensions>
      </trkpt>
      <trkpt lat="30.478028284419914" lon="104.02112093106095">
        <ele>480.5859360434115</ele>
        <time>1970-01-01T00:36:22Z</time>
        <extensions>
          <gpxtpx:TrackPointExtension>
            <gpxtpx:hr>184</gpxtpx:hr>
          </gpxtpx:TrackPointExtension>
        </extensions>
      </trkpt>
      <trkpt lat="30.478020874239895" lon="104.02115519303446">
        <ele>480.5820693206042</ele>
        <time>1970-01-01T00:36:23Z</time>
        <extensions>
          <gpxtpx:TrackPointExtension>
            <gpxtpx:hr>184</gpxtpx:hr>
          </gpxtpx:TrackPointExtension>
        </extensions>
      </trkpt>
      <trkpt lat="30.4780149839603" lon="104.02118884785793">
        <ele>480.5771364569664</ele>
        <time>1970-01-01T00:36:24Z</time>
        <extensions>
          <gpxtpx:TrackPointExtension>
            <gpxtpx:hr>184</gpxtpx:hr>
          </gpxtpx:TrackPointExtension>
        </extensions>
      </trkpt>
      <trkpt lat="30.47801033718808" lon="104.02122216364901">
        <ele>480.5711523126811</ele>
        <time>1970-01-01T00:36:25Z</time>
        <extensions>
          <gpxtpx:TrackPointExtension>
            <gpxtpx:hr>184</gpxtpx:hr>
          </gpxtpx:TrackPointExtension>
        </extensions>
      </trkpt>
      <trkpt lat="30.478006421125922" lon="104.02125557435598">
        <ele>480.5642727697268</ele>
        <time>1970-01-01T00:36:26Z</time>
        <extensions>
          <gpxtpx:TrackPointExtension>
            <gpxtpx:hr>184</gpxtpx:hr>
          </gpxtpx:TrackPointExtension>
        </extensions>
      </trkpt>
      <trkpt lat="30.478002563619107" lon="104.02128865815003">
        <ele>480.55675934720784</ele>
        <time>1970-01-01T00:36:27Z</time>
        <extensions>
          <gpxtpx:TrackPointExtension>
            <gpxtpx:hr>184</gpxtpx:hr>
          </gpxtpx:TrackPointExtension>
        </extensions>
      </trkpt>
      <trkpt lat="30.477999355902117" lon="104.02132160174554">
        <ele>480.5489372154698</ele>
        <time>1970-01-01T00:36:28Z</time>
        <extensions>
          <gpxtpx:TrackPointExtension>
            <gpxtpx:hr>184</gpxtpx:hr>
          </gpxtpx:TrackPointExtension>
        </extensions>
      </trkpt>
      <trkpt lat="30.47799777790928" lon="104.02135411616732">
        <ele>480.54107280727476</ele>
        <time>1970-01-01T00:36:29Z</time>
        <extensions>
          <gpxtpx:TrackPointExtension>
            <gpxtpx:hr>184</gpxtpx:hr>
          </gpxtpx:TrackPointExtension>
        </extensions>
      </trkpt>
      <trkpt lat="30.477997138447417" lon="104.02138639280908">
        <ele>480.53350610937923</ele>
        <time>1970-01-01T00:36:30Z</time>
        <extensions>
          <gpxtpx:TrackPointExtension>
            <gpxtpx:hr>184</gpxtpx:hr>
          </gpxtpx:TrackPointExtension>
        </extensions>
      </trkpt>
      <trkpt lat="30.47799657769567" lon="104.02141943159485">
        <ele>480.5265622921288</ele>
        <time>1970-01-01T00:36:31Z</time>
        <extensions>
          <gpxtpx:TrackPointExtension>
            <gpxtpx:hr>184</gpxtpx:hr>
          </gpxtpx:TrackPointExtension>
        </extensions>
      </trkpt>
      <trkpt lat="30.47799621093825" lon="104.02145313356421">
        <ele>480.5205106381327</ele>
        <time>1970-01-01T00:36:32Z</time>
        <extensions>
          <gpxtpx:TrackPointExtension>
            <gpxtpx:hr>183</gpxtpx:hr>
          </gpxtpx:TrackPointExtension>
        </extensions>
      </trkpt>
      <trkpt lat="30.477997031832743" lon="104.02148775521108">
        <ele>480.51547366566956</ele>
        <time>1970-01-01T00:36:33Z</time>
        <extensions>
          <gpxtpx:TrackPointExtension>
            <gpxtpx:hr>183</gpxtpx:hr>
          </gpxtpx:TrackPointExtension>
        </extensions>
      </trkpt>
      <trkpt lat="30.477999396612233" lon="104.02152288102697">
        <ele>480.51156002562493</ele>
        <time>1970-01-01T00:36:34Z</time>
        <extensions>
          <gpxtpx:TrackPointExtension>
            <gpxtpx:hr>183</gpxtpx:hr>
          </gpxtpx:TrackPointExtension>
        </extensions>
      </trkpt>
      <trkpt lat="30.47800389308621" lon="104.02155795063875">
        <ele>480.5088398857042</ele>
        <time>1970-01-01T00:36:35Z</time>
        <extensions>
          <gpxtpx:TrackPointExtension>
            <gpxtpx:hr>183</gpxtpx:hr>
          </gpxtpx:TrackPointExtension>
        </extensions>
      </trkpt>
      <trkpt lat="30.4780106506019" lon="104.02159269805004">
        <ele>480.5073516070843</ele>
        <time>1970-01-01T00:36:36Z</time>
        <extensions>
          <gpxtpx:TrackPointExtension>
            <gpxtpx:hr>183</gpxtpx:hr>
          </gpxtpx:TrackPointExtension>
        </extensions>
      </trkpt>
      <trkpt lat="30.478018077733413" lon="104.02162701308808">
        <ele>480.50706808734685</ele>
        <time>1970-01-01T00:36:37Z</time>
        <extensions>
          <gpxtpx:TrackPointExtension>
            <gpxtpx:hr>183</gpxtpx:hr>
          </gpxtpx:TrackPointExtension>
        </extensions>
      </trkpt>
      <trkpt lat="30.478024312170195" lon="104.02166095755918">
        <ele>480.50800367444754</ele>
        <time>1970-01-01T00:36:38Z</time>
        <extensions>
          <gpxtpx:TrackPointExtension>
            <gpxtpx:hr>183</gpxtpx:hr>
          </gpxtpx:TrackPointExtension>
        </extensions>
      </trkpt>
      <trkpt lat="30.478028999181507" lon="104.0216939014961">
        <ele>480.51007528603077</ele>
        <time>1970-01-01T00:36:39Z</time>
        <extensions>
          <gpxtpx:TrackPointExtension>
            <gpxtpx:hr>185</gpxtpx:hr>
          </gpxtpx:TrackPointExtension>
        </extensions>
      </trkpt>
      <trkpt lat="30.47803340111654" lon="104.02172634112497">
        <ele>480.5129877179861</ele>
        <time>1970-01-01T00:36:40Z</time>
        <extensions>
          <gpxtpx:TrackPointExtension>
            <gpxtpx:hr>185</gpxtpx:hr>
          </gpxtpx:TrackPointExtension>
        </extensions>
      </trkpt>
      <trkpt lat="30.47803843297125" lon="104.02175874323626">
        <ele>480.51626953389496</ele>
        <time>1970-01-01T00:36:41Z</time>
        <extensions>
          <gpxtpx:TrackPointExtension>
            <gpxtpx:hr>185</gpxtpx:hr>
          </gpxtpx:TrackPointExtension>
        </extensions>
      </trkpt>
      <trkpt lat="30.478044764345036" lon="104.0217913770398">
        <ele>480.5195397697389</ele>
        <time>1970-01-01T00:36:42Z</time>
        <extensions>
          <gpxtpx:TrackPointExtension>
            <gpxtpx:hr>185</gpxtpx:hr>
          </gpxtpx:TrackPointExtension>
        </extensions>
      </trkpt>
      <trkpt lat="30.47805236520269" lon="104.02182401181585">
        <ele>480.52244772575796</ele>
        <time>1970-01-01T00:36:43Z</time>
        <extensions>
          <gpxtpx:TrackPointExtension>
            <gpxtpx:hr>185</gpxtpx:hr>
          </gpxtpx:TrackPointExtension>
        </extensions>
      </trkpt>
      <trkpt lat="30.478061434015963" lon="104.0218563783243">
        <ele>480.5247323755175</ele>
        <time>1970-01-01T00:36:44Z</time>
        <extensions>
          <gpxtpx:TrackPointExtension>
            <gpxtpx:hr>186</gpxtpx:hr>
          </gpxtpx:TrackPointExtension>
        </extensions>
      </trkpt>
      <trkpt lat="30.47807250011549" lon="104.02188839822963">
        <ele>480.5262315934524</ele>
        <time>1970-01-01T00:36:45Z</time>
        <extensions>
          <gpxtpx:TrackPointExtension>
            <gpxtpx:hr>186</gpxtpx:hr>
          </gpxtpx:TrackPointExtension>
        </extensions>
      </trkpt>
      <trkpt lat="30.478085081528242" lon="104.02191995143887">
        <ele>480.52692791447043</ele>
        <time>1970-01-01T00:36:46Z</time>
        <extensions>
          <gpxtpx:TrackPointExtension>
            <gpxtpx:hr>186</gpxtpx:hr>
          </gpxtpx:TrackPointExtension>
        </extensions>
      </trkpt>
      <trkpt lat="30.478098096692946" lon="104.02195151821178">
        <ele>480.52673886250705</ele>
        <time>1970-01-01T00:36:47Z</time>
        <extensions>
          <gpxtpx:TrackPointExtension>
            <gpxtpx:hr>185</gpxtpx:hr>
          </gpxtpx:TrackPointExtension>
        </extensions>
      </trkpt>
      <trkpt lat="30.478110444643203" lon="104.02198339499621">
        <ele>480.52548808883876</ele>
        <time>1970-01-01T00:36:48Z</time>
        <extensions>
          <gpxtpx:TrackPointExtension>
            <gpxtpx:hr>185</gpxtpx:hr>
          </gpxtpx:TrackPointExtension>
        </extensions>
      </trkpt>
      <trkpt lat="30.478122380962414" lon="104.02201576773061">
        <ele>480.5230111274868</ele>
        <time>1970-01-01T00:36:49Z</time>
        <extensions>
          <gpxtpx:TrackPointExtension>
            <gpxtpx:hr>185</gpxtpx:hr>
          </gpxtpx:TrackPointExtension>
        </extensions>
      </trkpt>
      <trkpt lat="30.47813467405973" lon="104.02204804740859">
        <ele>480.51928939670324</ele>
        <time>1970-01-01T00:36:50Z</time>
        <extensions>
          <gpxtpx:TrackPointExtension>
            <gpxtpx:hr>185</gpxtpx:hr>
          </gpxtpx:TrackPointExtension>
        </extensions>
      </trkpt>
      <trkpt lat="30.47814784626021" lon="104.02207992522986">
        <ele>480.51451599784195</ele>
        <time>1970-01-01T00:36:51Z</time>
        <extensions>
          <gpxtpx:TrackPointExtension>
            <gpxtpx:hr>185</gpxtpx:hr>
          </gpxtpx:TrackPointExtension>
        </extensions>
      </trkpt>
      <trkpt lat="30.478161285938167" lon="104.02211087149885">
        <ele>480.50906003825366</ele>
        <time>1970-01-01T00:36:52Z</time>
        <extensions>
          <gpxtpx:TrackPointExtension>
            <gpxtpx:hr>185</gpxtpx:hr>
          </gpxtpx:TrackPointExtension>
        </extensions>
      </trkpt>
      <trkpt lat="30.478174124543845" lon="104.02214133000852">
        <ele>480.50347982533276</ele>
        <time>1970-01-01T00:36:53Z</time>
        <extensions>
          <gpxtpx:TrackPointExtension>
            <gpxtpx:hr>184</gpxtpx:hr>
          </gpxtpx:TrackPointExtension>
        </extensions>
      </trkpt>
      <trkpt lat="30.478186605653086" lon="104.02217239919933">
        <ele>480.49836917594075</ele>
        <time>1970-01-01T00:36:54Z</time>
        <extensions>
          <gpxtpx:TrackPointExtension>
            <gpxtpx:hr>184</gpxtpx:hr>
          </gpxtpx:TrackPointExtension>
        </extensions>
      </trkpt>
      <trkpt lat="30.478198940298626" lon="104.02220307933493">
        <ele>480.4941485999152</ele>
        <time>1970-01-01T00:36:55Z</time>
        <extensions>
          <gpxtpx:TrackPointExtension>
            <gpxtpx:hr>184</gpxtpx:hr>
          </gpxtpx:TrackPointExtension>
        </extensions>
      </trkpt>
      <trkpt lat="30.478211050915622" lon="104.02223275215273">
        <ele>480.4910575998947</ele>
        <time>1970-01-01T00:36:56Z</time>
        <extensions>
          <gpxtpx:TrackPointExtension>
            <gpxtpx:hr>184</gpxtpx:hr>
          </gpxtpx:TrackPointExtension>
        </extensions>
      </trkpt>
      <trkpt lat="30.478222948954443" lon="104.02226157508538">
        <ele>480.4891872918233</ele>
        <time>1970-01-01T00:36:57Z</time>
        <extensions>
          <gpxtpx:TrackPointExtension>
            <gpxtpx:hr>184</gpxtpx:hr>
          </gpxtpx:TrackPointExtension>
        </extensions>
      </trkpt>
      <trkpt lat="30.47823503841573" lon="104.02229083758584">
        <ele>480.4885717574507</ele>
        <time>1970-01-01T00:36:58Z</time>
        <extensions>
          <gpxtpx:TrackPointExtension>
            <gpxtpx:hr>184</gpxtpx:hr>
          </gpxtpx:TrackPointExtension>
        </extensions>
      </trkpt>
      <trkpt lat="30.478245749064683" lon="104.02232154186677">
        <ele>480.4892481081188</ele>
        <time>1970-01-01T00:36:58Z</time>
        <extensions>
          <gpxtpx:TrackPointExtension>
            <gpxtpx:hr>184</gpxtpx:hr>
          </gpxtpx:TrackPointExtension>
        </extensions>
      </trkpt>
      <trkpt lat="30.47825383250513" lon="104.0223532232261">
        <ele>480.491257163696</ele>
        <time>1970-01-01T00:36:59Z</time>
        <extensions>
          <gpxtpx:TrackPointExtension>
            <gpxtpx:hr>184</gpxtpx:hr>
          </gpxtpx:TrackPointExtension>
        </extensions>
      </trkpt>
      <trkpt lat="30.47826079455469" lon="104.0223852730903">
        <ele>480.49469439778477</ele>
        <time>1970-01-01T00:37:00Z</time>
        <extensions>
          <gpxtpx:TrackPointExtension>
            <gpxtpx:hr>184</gpxtpx:hr>
          </gpxtpx:TrackPointExtension>
        </extensions>
      </trkpt>
      <trkpt lat="30.478268781879475" lon="104.02241749953232">
        <ele>480.49960918631405</ele>
        <time>1970-01-01T00:37:01Z</time>
        <extensions>
          <gpxtpx:TrackPointExtension>
            <gpxtpx:hr>184</gpxtpx:hr>
          </gpxtpx:TrackPointExtension>
        </extensions>
      </trkpt>
      <trkpt lat="30.478278897933926" lon="104.02244953716435">
        <ele>480.5059960866347</ele>
        <time>1970-01-01T00:37:02Z</time>
        <extensions>
          <gpxtpx:TrackPointExtension>
            <gpxtpx:hr>184</gpxtpx:hr>
          </gpxtpx:TrackPointExtension>
        </extensions>
      </trkpt>
      <trkpt lat="30.47829129131857" lon="104.02248028116938">
        <ele>480.5138660296798</ele>
        <time>1970-01-01T00:37:03Z</time>
        <extensions>
          <gpxtpx:TrackPointExtension>
            <gpxtpx:hr>184</gpxtpx:hr>
          </gpxtpx:TrackPointExtension>
        </extensions>
      </trkpt>
      <trkpt lat="30.478305805799952" lon="104.02251021017325">
        <ele>480.52328984159976</ele>
        <time>1970-01-01T00:37:04Z</time>
        <extensions>
          <gpxtpx:TrackPointExtension>
            <gpxtpx:hr>184</gpxtpx:hr>
          </gpxtpx:TrackPointExtension>
        </extensions>
      </trkpt>
      <trkpt lat="30.478321403567964" lon="104.0225389799841">
        <ele>480.5341435559094</ele>
        <time>1970-01-01T00:37:05Z</time>
        <extensions>
          <gpxtpx:TrackPointExtension>
            <gpxtpx:hr>184</gpxtpx:hr>
          </gpxtpx:TrackPointExtension>
        </extensions>
      </trkpt>
      <trkpt lat="30.478338247220844" lon="104.0225661292093">
        <ele>480.54624698869884</ele>
        <time>1970-01-01T00:37:06Z</time>
        <extensions>
          <gpxtpx:TrackPointExtension>
            <gpxtpx:hr>184</gpxtpx:hr>
          </gpxtpx:TrackPointExtension>
        </extensions>
      </trkpt>
      <trkpt lat="30.478356105126114" lon="104.02259216015263">
        <ele>480.559422721155</ele>
        <time>1970-01-01T00:37:07Z</time>
        <extensions>
          <gpxtpx:TrackPointExtension>
            <gpxtpx:hr>184</gpxtpx:hr>
          </gpxtpx:TrackPointExtension>
        </extensions>
      </trkpt>
      <trkpt lat="30.478374984348587" lon="104.02261702804655">
        <ele>480.5736039755866</ele>
        <time>1970-01-01T00:37:08Z</time>
        <extensions>
          <gpxtpx:TrackPointExtension>
            <gpxtpx:hr>184</gpxtpx:hr>
          </gpxtpx:TrackPointExtension>
        </extensions>
      </trkpt>
      <trkpt lat="30.47839552426008" lon="104.02264060648734">
        <ele>480.58872027974576</ele>
        <time>1970-01-01T00:37:09Z</time>
        <extensions>
          <gpxtpx:TrackPointExtension>
            <gpxtpx:hr>184</gpxtpx:hr>
          </gpxtpx:TrackPointExtension>
        </extensions>
      </trkpt>
      <trkpt lat="30.47841708336066" lon="104.0226640246896">
        <ele>480.60457575134933</ele>
        <time>1970-01-01T00:37:10Z</time>
        <extensions>
          <gpxtpx:TrackPointExtension>
            <gpxtpx:hr>184</gpxtpx:hr>
          </gpxtpx:TrackPointExtension>
        </extensions>
      </trkpt>
      <trkpt lat="30.478438202555015" lon="104.02268925209626">
        <ele>480.6208516722545</ele>
        <time>1970-01-01T00:37:11Z</time>
        <extensions>
          <gpxtpx:TrackPointExtension>
            <gpxtpx:hr>184</gpxtpx:hr>
          </gpxtpx:TrackPointExtension>
        </extensions>
      </trkpt>
      <trkpt lat="30.478458164802813" lon="104.02271563031667">
        <ele>480.6372304968536</ele>
        <time>1970-01-01T00:37:12Z</time>
        <extensions>
          <gpxtpx:TrackPointExtension>
            <gpxtpx:hr>185</gpxtpx:hr>
          </gpxtpx:TrackPointExtension>
        </extensions>
      </trkpt>
      <trkpt lat="30.478478560655006" lon="104.02274165577113">
        <ele>480.6530304821208</ele>
        <time>1970-01-01T00:37:13Z</time>
        <extensions>
          <gpxtpx:TrackPointExtension>
            <gpxtpx:hr>185</gpxtpx:hr>
          </gpxtpx:TrackPointExtension>
        </extensions>
      </trkpt>
      <trkpt lat="30.478499829819942" lon="104.02276652755933">
        <ele>480.66766807902604</ele>
        <time>1970-01-01T00:37:14Z</time>
        <extensions>
          <gpxtpx:TrackPointExtension>
            <gpxtpx:hr>185</gpxtpx:hr>
          </gpxtpx:TrackPointExtension>
        </extensions>
      </trkpt>
      <trkpt lat="30.478521807850278" lon="104.02279058131887">
        <ele>480.6807625917718</ele>
        <time>1970-01-01T00:37:15Z</time>
        <extensions>
          <gpxtpx:TrackPointExtension>
            <gpxtpx:hr>185</gpxtpx:hr>
          </gpxtpx:TrackPointExtension>
        </extensions>
      </trkpt>
      <trkpt lat="30.478543430340643" lon="104.02281401630499">
        <ele>480.6920477859676</ele>
        <time>1970-01-01T00:37:16Z</time>
        <extensions>
          <gpxtpx:TrackPointExtension>
            <gpxtpx:hr>185</gpxtpx:hr>
          </gpxtpx:TrackPointExtension>
        </extensions>
      </trkpt>
      <trkpt lat="30.478563799254875" lon="104.02283661538098">
        <ele>480.70108372252434</ele>
        <time>1970-01-01T00:37:17Z</time>
        <extensions>
          <gpxtpx:TrackPointExtension>
            <gpxtpx:hr>185</gpxtpx:hr>
          </gpxtpx:TrackPointExtension>
        </extensions>
      </trkpt>
      <trkpt lat="30.47858387559402" lon="104.0228586008245">
        <ele>480.70749308448285</ele>
        <time>1970-01-01T00:37:18Z</time>
        <extensions>
          <gpxtpx:TrackPointExtension>
            <gpxtpx:hr>185</gpxtpx:hr>
          </gpxtpx:TrackPointExtension>
        </extensions>
      </trkpt>
      <trkpt lat="30.478604495483307" lon="104.02287942867488">
        <ele>480.7107899915427</ele>
        <time>1970-01-01T00:37:19Z</time>
        <extensions>
          <gpxtpx:TrackPointExtension>
            <gpxtpx:hr>185</gpxtpx:hr>
          </gpxtpx:TrackPointExtension>
        </extensions>
      </trkpt>
      <trkpt lat="30.478626524952947" lon="104.02289943093898">
        <ele>480.7105921227485</ele>
        <time>1970-01-01T00:37:20Z</time>
        <extensions>
          <gpxtpx:TrackPointExtension>
            <gpxtpx:hr>184</gpxtpx:hr>
          </gpxtpx:TrackPointExtension>
        </extensions>
      </trkpt>
      <trkpt lat="30.478649885702925" lon="104.02291951902579">
        <ele>480.7069064313546</ele>
        <time>1970-01-01T00:37:21Z</time>
        <extensions>
          <gpxtpx:TrackPointExtension>
            <gpxtpx:hr>184</gpxtpx:hr>
          </gpxtpx:TrackPointExtension>
        </extensions>
      </trkpt>
      <trkpt lat="30.478674386322098" lon="104.02293984465938">
        <ele>480.7001920873299</ele>
        <time>1970-01-01T00:37:22Z</time>
        <extensions>
          <gpxtpx:TrackPointExtension>
            <gpxtpx:hr>184</gpxtpx:hr>
          </gpxtpx:TrackPointExtension>
        </extensions>
      </trkpt>
      <trkpt lat="30.478699892562954" lon="104.02296049240141">
        <ele>480.69132680259645</ele>
        <time>1970-01-01T00:37:23Z</time>
        <extensions>
          <gpxtpx:TrackPointExtension>
            <gpxtpx:hr>184</gpxtpx:hr>
          </gpxtpx:TrackPointExtension>
        </extensions>
      </trkpt>
      <trkpt lat="30.478725601795084" lon="104.02298152977278">
        <ele>480.6815240960568</ele>
        <time>1970-01-01T00:37:24Z</time>
        <extensions>
          <gpxtpx:TrackPointExtension>
            <gpxtpx:hr>184</gpxtpx:hr>
          </gpxtpx:TrackPointExtension>
        </extensions>
      </trkpt>
      <trkpt lat="30.478750273332984" lon="104.02300230570467">
        <ele>480.6721296980977</ele>
        <time>1970-01-01T00:37:25Z</time>
        <extensions>
          <gpxtpx:TrackPointExtension>
            <gpxtpx:hr>184</gpxtpx:hr>
          </gpxtpx:TrackPointExtension>
        </extensions>
      </trkpt>
      <trkpt lat="30.478774262391838" lon="104.02302144316037">
        <ele>480.66440527979285</ele>
        <time>1970-01-01T00:37:26Z</time>
        <extensions>
          <gpxtpx:TrackPointExtension>
            <gpxtpx:hr>183</gpxtpx:hr>
          </gpxtpx:TrackPointExtension>
        </extensions>
      </trkpt>
      <trkpt lat="30.47879913347492" lon="104.02303811951751">
        <ele>480.6594394138083</ele>
        <time>1970-01-01T00:37:27Z</time>
        <extensions>
          <gpxtpx:TrackPointExtension>
            <gpxtpx:hr>183</gpxtpx:hr>
          </gpxtpx:TrackPointExtension>
        </extensions>
      </trkpt>
      <trkpt lat="30.47882563083766" lon="104.02305301498185">
        <ele>480.65770029090345</ele>
        <time>1970-01-01T00:37:28Z</time>
        <extensions>
          <gpxtpx:TrackPointExtension>
            <gpxtpx:hr>183</gpxtpx:hr>
          </gpxtpx:TrackPointExtension>
        </extensions>
      </trkpt>
      <trkpt lat="30.478853023906574" lon="104.02306773976778">
        <ele>480.65906311385334</ele>
        <time>1970-01-01T00:37:29Z</time>
        <extensions>
          <gpxtpx:TrackPointExtension>
            <gpxtpx:hr>183</gpxtpx:hr>
          </gpxtpx:TrackPointExtension>
        </extensions>
      </trkpt>
      <trkpt lat="30.478880058086165" lon="104.02308363507888">
        <ele>480.6629444845021</ele>
        <time>1970-01-01T00:37:30Z</time>
        <extensions>
          <gpxtpx:TrackPointExtension>
            <gpxtpx:hr>183</gpxtpx:hr>
          </gpxtpx:TrackPointExtension>
        </extensions>
      </trkpt>
      <trkpt lat="30.47890683281447" lon="104.02310103204755">
        <ele>480.6683624703437</ele>
        <time>1970-01-01T00:37:31Z</time>
        <extensions>
          <gpxtpx:TrackPointExtension>
            <gpxtpx:hr>183</gpxtpx:hr>
          </gpxtpx:TrackPointExtension>
        </extensions>
      </trkpt>
      <trkpt lat="30.478933192131485" lon="104.02311915953631">
        <ele>480.67413381580263</ele>
        <time>1970-01-01T00:37:32Z</time>
        <extensions>
          <gpxtpx:TrackPointExtension>
            <gpxtpx:hr>185</gpxtpx:hr>
          </gpxtpx:TrackPointExtension>
        </extensions>
      </trkpt>
      <trkpt lat="30.478959148271297" lon="104.02313693444515">
        <ele>480.6791158542037</ele>
        <time>1970-01-01T00:37:33Z</time>
        <extensions>
          <gpxtpx:TrackPointExtension>
            <gpxtpx:hr>185</gpxtpx:hr>
          </gpxtpx:TrackPointExtension>
        </extensions>
      </trkpt>
      <trkpt lat="30.478984640344237" lon="104.02315344955515">
        <ele>480.68230609502643</ele>
        <time>1970-01-01T00:37:34Z</time>
        <extensions>
          <gpxtpx:TrackPointExtension>
            <gpxtpx:hr>185</gpxtpx:hr>
          </gpxtpx:TrackPointExtension>
        </extensions>
      </trkpt>
      <trkpt lat="30.479009682120022" lon="104.02316814265343">
        <ele>480.6829359680414</ele>
        <time>1970-01-01T00:37:35Z</time>
        <extensions>
          <gpxtpx:TrackPointExtension>
            <gpxtpx:hr>185</gpxtpx:hr>
          </gpxtpx:TrackPointExtension>
        </extensions>
      </trkpt>
      <trkpt lat="30.47903541455763" lon="104.0231814349172">
        <ele>480.68024639599025</ele>
        <time>1970-01-01T00:37:37Z</time>
        <extensions>
          <gpxtpx:TrackPointExtension>
            <gpxtpx:hr>185</gpxtpx:hr>
          </gpxtpx:TrackPointExtension>
        </extensions>
      </trkpt>
      <trkpt lat="30.479062166036297" lon="104.02319397009167">
        <ele>480.6737258862704</ele>
        <time>1970-01-01T00:37:38Z</time>
        <extensions>
          <gpxtpx:TrackPointExtension>
            <gpxtpx:hr>185</gpxtpx:hr>
          </gpxtpx:TrackPointExtension>
        </extensions>
      </trkpt>
      <trkpt lat="30.47909000579996" lon="104.02320566645363">
        <ele>480.6633287910372</ele>
        <time>1970-01-01T00:37:39Z</time>
        <extensions>
          <gpxtpx:TrackPointExtension>
            <gpxtpx:hr>185</gpxtpx:hr>
          </gpxtpx:TrackPointExtension>
        </extensions>
      </trkpt>
      <trkpt lat="30.47911885949807" lon="104.02321625844073">
        <ele>480.64960431400687</ele>
        <time>1970-01-01T00:37:40Z</time>
        <extensions>
          <gpxtpx:TrackPointExtension>
            <gpxtpx:hr>185</gpxtpx:hr>
          </gpxtpx:TrackPointExtension>
        </extensions>
      </trkpt>
      <trkpt lat="30.47914842773274" lon="104.02322603646336">
        <ele>480.63324619363993</ele>
        <time>1970-01-01T00:37:41Z</time>
        <extensions>
          <gpxtpx:TrackPointExtension>
            <gpxtpx:hr>185</gpxtpx:hr>
          </gpxtpx:TrackPointExtension>
        </extensions>
      </trkpt>
      <trkpt lat="30.479178076616574" lon="104.0232355118891">
        <ele>480.6151122469455</ele>
        <time>1970-01-01T00:37:42Z</time>
        <extensions>
          <gpxtpx:TrackPointExtension>
            <gpxtpx:hr>184</gpxtpx:hr>
          </gpxtpx:TrackPointExtension>
        </extensions>
      </trkpt>
      <trkpt lat="30.47920784085491" lon="104.0232452029427">
        <ele>480.59606676455587</ele>
        <time>1970-01-01T00:37:43Z</time>
        <extensions>
          <gpxtpx:TrackPointExtension>
            <gpxtpx:hr>184</gpxtpx:hr>
          </gpxtpx:TrackPointExtension>
        </extensions>
      </trkpt>
      <trkpt lat="30.479237780114016" lon="104.02325546009166">
        <ele>480.5769108859822</ele>
        <time>1970-01-01T00:37:44Z</time>
        <extensions>
          <gpxtpx:TrackPointExtension>
            <gpxtpx:hr>184</gpxtpx:hr>
          </gpxtpx:TrackPointExtension>
        </extensions>
      </trkpt>
      <trkpt lat="30.4792672455935" lon="104.0232663346218">
        <ele>480.5583110814914</ele>
        <time>1970-01-01T00:37:45Z</time>
        <extensions>
          <gpxtpx:TrackPointExtension>
            <gpxtpx:hr>184</gpxtpx:hr>
          </gpxtpx:TrackPointExtension>
        </extensions>
      </trkpt>
      <trkpt lat="30.479296705592894" lon="104.02327692580901">
        <ele>480.54103555716574</ele>
        <time>1970-01-01T00:37:46Z</time>
        <extensions>
          <gpxtpx:TrackPointExtension>
            <gpxtpx:hr>184</gpxtpx:hr>
          </gpxtpx:TrackPointExtension>
        </extensions>
      </trkpt>
      <trkpt lat="30.479326135231354" lon="104.02328565446935">
        <ele>480.52594390604645</ele>
        <time>1970-01-01T00:37:47Z</time>
        <extensions>
          <gpxtpx:TrackPointExtension>
            <gpxtpx:hr>184</gpxtpx:hr>
          </gpxtpx:TrackPointExtension>
        </extensions>
      </trkpt>
      <trkpt lat="30.47935560447581" lon="104.02329163159345">
        <ele>480.5138049684465</ele>
        <time>1970-01-01T00:37:48Z</time>
        <extensions>
          <gpxtpx:TrackPointExtension>
            <gpxtpx:hr>184</gpxtpx:hr>
          </gpxtpx:TrackPointExtension>
        </extensions>
      </trkpt>
      <trkpt lat="30.479384817816808" lon="104.0232959661487">
        <ele>480.5050518838689</ele>
        <time>1970-01-01T00:37:49Z</time>
        <extensions>
          <gpxtpx:TrackPointExtension>
            <gpxtpx:hr>185</gpxtpx:hr>
          </gpxtpx:TrackPointExtension>
        </extensions>
      </trkpt>
      <trkpt lat="30.479414250385233" lon="104.02330118214341">
        <ele>480.49950518552214</ele>
        <time>1970-01-01T00:37:50Z</time>
        <extensions>
          <gpxtpx:TrackPointExtension>
            <gpxtpx:hr>185</gpxtpx:hr>
          </gpxtpx:TrackPointExtension>
        </extensions>
      </trkpt>
      <trkpt lat="30.479444280684724" lon="104.02330883683656">
        <ele>480.4965166086331</ele>
        <time>1970-01-01T00:37:51Z</time>
        <extensions>
          <gpxtpx:TrackPointExtension>
            <gpxtpx:hr>185</gpxtpx:hr>
          </gpxtpx:TrackPointExtension>
        </extensions>
      </trkpt>
      <trkpt lat="30.479474090324587" lon="104.02331875216373">
        <ele>480.49519578833133</ele>
        <time>1970-01-01T00:37:52Z</time>
        <extensions>
          <gpxtpx:TrackPointExtension>
            <gpxtpx:hr>185</gpxtpx:hr>
          </gpxtpx:TrackPointExtension>
        </extensions>
      </trkpt>
      <trkpt lat="30.47950402506293" lon="104.02332972632688">
        <ele>480.49461562745273</ele>
        <time>1970-01-01T00:37:53Z</time>
        <extensions>
          <gpxtpx:TrackPointExtension>
            <gpxtpx:hr>185</gpxtpx:hr>
          </gpxtpx:TrackPointExtension>
        </extensions>
      </trkpt>
      <trkpt lat="30.47953350276138" lon="104.02334044474796">
        <ele>480.4938488183543</ele>
        <time>1970-01-01T00:37:54Z</time>
        <extensions>
          <gpxtpx:TrackPointExtension>
            <gpxtpx:hr>185</gpxtpx:hr>
          </gpxtpx:TrackPointExtension>
        </extensions>
      </trkpt>
      <trkpt lat="30.47956273115443" lon="104.02335050347466">
        <ele>480.49242182448506</ele>
        <time>1970-01-01T00:37:55Z</time>
        <extensions>
          <gpxtpx:TrackPointExtension>
            <gpxtpx:hr>185</gpxtpx:hr>
          </gpxtpx:TrackPointExtension>
        </extensions>
      </trkpt>
      <trkpt lat="30.479592218726882" lon="104.02336043130333">
        <ele>480.4901661379263</ele>
        <time>1970-01-01T00:37:56Z</time>
        <extensions>
          <gpxtpx:TrackPointExtension>
            <gpxtpx:hr>185</gpxtpx:hr>
          </gpxtpx:TrackPointExtension>
        </extensions>
      </trkpt>
      <trkpt lat="30.479621923623874" lon="104.02337021054996">
        <ele>480.48714306019247</ele>
        <time>1970-01-01T00:37:57Z</time>
        <extensions>
          <gpxtpx:TrackPointExtension>
            <gpxtpx:hr>185</gpxtpx:hr>
          </gpxtpx:TrackPointExtension>
        </extensions>
      </trkpt>
      <trkpt lat="30.47965217674919" lon="104.02337946724856">
        <ele>480.4835419189185</ele>
        <time>1970-01-01T00:37:58Z</time>
        <extensions>
          <gpxtpx:TrackPointExtension>
            <gpxtpx:hr>185</gpxtpx:hr>
          </gpxtpx:TrackPointExtension>
        </extensions>
      </trkpt>
      <trkpt lat="30.479682888558514" lon="104.02338825700892">
        <ele>480.47988287732005</ele>
        <time>1970-01-01T00:37:59Z</time>
        <extensions>
          <gpxtpx:TrackPointExtension>
            <gpxtpx:hr>185</gpxtpx:hr>
          </gpxtpx:TrackPointExtension>
        </extensions>
      </trkpt>
      <trkpt lat="30.479713737671467" lon="104.02339661054565">
        <ele>480.4766718223691</ele>
        <time>1970-01-01T00:38:00Z</time>
        <extensions>
          <gpxtpx:TrackPointExtension>
            <gpxtpx:hr>185</gpxtpx:hr>
          </gpxtpx:TrackPointExtension>
        </extensions>
      </trkpt>
      <trkpt lat="30.479743914074866" lon="104.02340401359169">
        <ele>480.4743506638333</ele>
        <time>1970-01-01T00:38:01Z</time>
        <extensions>
          <gpxtpx:TrackPointExtension>
            <gpxtpx:hr>185</gpxtpx:hr>
          </gpxtpx:TrackPointExtension>
        </extensions>
      </trkpt>
      <trkpt lat="30.479774036015318" lon="104.02340954288165">
        <ele>480.47314153891057</ele>
        <time>1970-01-01T00:38:02Z</time>
        <extensions>
          <gpxtpx:TrackPointExtension>
            <gpxtpx:hr>184</gpxtpx:hr>
          </gpxtpx:TrackPointExtension>
        </extensions>
      </trkpt>
      <trkpt lat="30.479804425037607" lon="104.0234137706634">
        <ele>480.473046596162</ele>
        <time>1970-01-01T00:38:03Z</time>
        <extensions>
          <gpxtpx:TrackPointExtension>
            <gpxtpx:hr>184</gpxtpx:hr>
          </gpxtpx:TrackPointExtension>
        </extensions>
      </trkpt>
      <trkpt lat="30.479834920837106" lon="104.0234182898063">
        <ele>480.47374308109283</ele>
        <time>1970-01-01T00:38:04Z</time>
        <extensions>
          <gpxtpx:TrackPointExtension>
            <gpxtpx:hr>184</gpxtpx:hr>
          </gpxtpx:TrackPointExtension>
        </extensions>
      </trkpt>
      <trkpt lat="30.47986553049961" lon="104.02342368645772">
        <ele>480.47444054763764</ele>
        <time>1970-01-01T00:38:05Z</time>
        <extensions>
          <gpxtpx:TrackPointExtension>
            <gpxtpx:hr>184</gpxtpx:hr>
          </gpxtpx:TrackPointExtension>
        </extensions>
      </trkpt>
      <trkpt lat="30.479895447338656" lon="104.02342917497685">
        <ele>480.47412230074406</ele>
        <time>1970-01-01T00:38:06Z</time>
        <extensions>
          <gpxtpx:TrackPointExtension>
            <gpxtpx:hr>184</gpxtpx:hr>
          </gpxtpx:TrackPointExtension>
        </extensions>
      </trkpt>
      <trkpt lat="30.479924908185968" lon="104.02343378218534">
        <ele>480.4718154259026</ele>
        <time>1970-01-01T00:38:07Z</time>
        <extensions>
          <gpxtpx:TrackPointExtension>
            <gpxtpx:hr>184</gpxtpx:hr>
          </gpxtpx:TrackPointExtension>
        </extensions>
      </trkpt>
      <trkpt lat="30.479954113046254" lon="104.02343670964564">
        <ele>480.4670897843316</ele>
        <time>1970-01-01T00:38:08Z</time>
        <extensions>
          <gpxtpx:TrackPointExtension>
            <gpxtpx:hr>184</gpxtpx:hr>
          </gpxtpx:TrackPointExtension>
        </extensions>
      </trkpt>
      <trkpt lat="30.479983914031724" lon="104.02343723428542">
        <ele>480.45972007047385</ele>
        <time>1970-01-01T00:38:09Z</time>
        <extensions>
          <gpxtpx:TrackPointExtension>
            <gpxtpx:hr>186</gpxtpx:hr>
          </gpxtpx:TrackPointExtension>
        </extensions>
      </trkpt>
      <trkpt lat="30.480014898676565" lon="104.0234367673981">
        <ele>480.4500928642228</ele>
        <time>1970-01-01T00:38:10Z</time>
        <extensions>
          <gpxtpx:TrackPointExtension>
            <gpxtpx:hr>186</gpxtpx:hr>
          </gpxtpx:TrackPointExtension>
        </extensions>
      </trkpt>
      <trkpt lat="30.48004663966896" lon="104.02343650518027">
        <ele>480.43914837483317</ele>
        <time>1970-01-01T00:38:11Z</time>
        <extensions>
          <gpxtpx:TrackPointExtension>
            <gpxtpx:hr>186</gpxtpx:hr>
          </gpxtpx:TrackPointExtension>
        </extensions>
      </trkpt>
      <trkpt lat="30.480078693658125" lon="104.0234363048375">
        <ele>480.42819102294743</ele>
        <time>1970-01-01T00:38:12Z</time>
        <extensions>
          <gpxtpx:TrackPointExtension>
            <gpxtpx:hr>186</gpxtpx:hr>
          </gpxtpx:TrackPointExtension>
        </extensions>
      </trkpt>
      <trkpt lat="30.480110303857558" lon="104.0234363862342">
        <ele>480.41803712397814</ele>
        <time>1970-01-01T00:38:13Z</time>
        <extensions>
          <gpxtpx:TrackPointExtension>
            <gpxtpx:hr>186</gpxtpx:hr>
          </gpxtpx:TrackPointExtension>
        </extensions>
      </trkpt>
      <trkpt lat="30.480141580728386" lon="104.02343612626727">
        <ele>480.40969289280474</ele>
        <time>1970-01-01T00:38:14Z</time>
        <extensions>
          <gpxtpx:TrackPointExtension>
            <gpxtpx:hr>185</gpxtpx:hr>
          </gpxtpx:TrackPointExtension>
        </extensions>
      </trkpt>
      <trkpt lat="30.480172547485598" lon="104.02343452118527">
        <ele>480.4042819850147</ele>
        <time>1970-01-01T00:38:15Z</time>
        <extensions>
          <gpxtpx:TrackPointExtension>
            <gpxtpx:hr>185</gpxtpx:hr>
          </gpxtpx:TrackPointExtension>
        </extensions>
      </trkpt>
      <trkpt lat="30.480203859458243" lon="104.02343056327915">
        <ele>480.40273637510836</ele>
        <time>1970-01-01T00:38:16Z</time>
        <extensions>
          <gpxtpx:TrackPointExtension>
            <gpxtpx:hr>185</gpxtpx:hr>
          </gpxtpx:TrackPointExtension>
        </extensions>
      </trkpt>
      <trkpt lat="30.480235516838196" lon="104.02342436177368">
        <ele>480.4055634913966</ele>
        <time>1970-01-01T00:38:17Z</time>
        <extensions>
          <gpxtpx:TrackPointExtension>
            <gpxtpx:hr>185</gpxtpx:hr>
          </gpxtpx:TrackPointExtension>
        </extensions>
      </trkpt>
      <trkpt lat="30.480267376364996" lon="104.02341760339854">
        <ele>480.41284032259136</ele>
        <time>1970-01-01T00:38:18Z</time>
        <extensions>
          <gpxtpx:TrackPointExtension>
            <gpxtpx:hr>185</gpxtpx:hr>
          </gpxtpx:TrackPointExtension>
        </extensions>
      </trkpt>
      <trkpt lat="30.480299705990763" lon="104.02341189128254">
        <ele>480.4238752108067</ele>
        <time>1970-01-01T00:38:19Z</time>
        <extensions>
          <gpxtpx:TrackPointExtension>
            <gpxtpx:hr>185</gpxtpx:hr>
          </gpxtpx:TrackPointExtension>
        </extensions>
      </trkpt>
      <trkpt lat="30.48033218286203" lon="104.02340741576117">
        <ele>480.4371234253049</ele>
        <time>1970-01-01T00:38:20Z</time>
        <extensions>
          <gpxtpx:TrackPointExtension>
            <gpxtpx:hr>185</gpxtpx:hr>
          </gpxtpx:TrackPointExtension>
        </extensions>
      </trkpt>
      <trkpt lat="30.480364708806142" lon="104.02340284768395">
        <ele>480.45044815167785</ele>
        <time>1970-01-01T00:38:21Z</time>
        <extensions>
          <gpxtpx:TrackPointExtension>
            <gpxtpx:hr>185</gpxtpx:hr>
          </gpxtpx:TrackPointExtension>
        </extensions>
      </trkpt>
      <trkpt lat="30.48039667172326" lon="104.02339743447605">
        <ele>480.4618924623355</ele>
        <time>1970-01-01T00:38:22Z</time>
        <extensions>
          <gpxtpx:TrackPointExtension>
            <gpxtpx:hr>185</gpxtpx:hr>
          </gpxtpx:TrackPointExtension>
        </extensions>
      </trkpt>
      <trkpt lat="30.480428409368688" lon="104.02339095746552">
        <ele>480.47014686185867</ele>
        <time>1970-01-01T00:38:23Z</time>
        <extensions>
          <gpxtpx:TrackPointExtension>
            <gpxtpx:hr>185</gpxtpx:hr>
          </gpxtpx:TrackPointExtension>
        </extensions>
      </trkpt>
      <trkpt lat="30.48046006376131" lon="104.02338285509765">
        <ele>480.47468745615333</ele>
        <time>1970-01-01T00:38:24Z</time>
        <extensions>
          <gpxtpx:TrackPointExtension>
            <gpxtpx:hr>185</gpxtpx:hr>
          </gpxtpx:TrackPointExtension>
        </extensions>
      </trkpt>
      <trkpt lat="30.480490838845288" lon="104.0233731884042">
        <ele>480.47569786943495</ele>
        <time>1970-01-01T00:38:25Z</time>
        <extensions>
          <gpxtpx:TrackPointExtension>
            <gpxtpx:hr>185</gpxtpx:hr>
          </gpxtpx:TrackPointExtension>
        </extensions>
      </trkpt>
      <trkpt lat="30.480521253563058" lon="104.02336253633904">
        <ele>480.4738082019612</ele>
        <time>1970-01-01T00:38:26Z</time>
        <extensions>
          <gpxtpx:TrackPointExtension>
            <gpxtpx:hr>185</gpxtpx:hr>
          </gpxtpx:TrackPointExtension>
        </extensions>
      </trkpt>
      <trkpt lat="30.480551510387556" lon="104.02335203973247">
        <ele>480.4696717876941</ele>
        <time>1970-01-01T00:38:27Z</time>
        <extensions>
          <gpxtpx:TrackPointExtension>
            <gpxtpx:hr>186</gpxtpx:hr>
          </gpxtpx:TrackPointExtension>
        </extensions>
      </trkpt>
      <trkpt lat="30.480581612067297" lon="104.02334186213263">
        <ele>480.4637861754745</ele>
        <time>1970-01-01T00:38:28Z</time>
        <extensions>
          <gpxtpx:TrackPointExtension>
            <gpxtpx:hr>186</gpxtpx:hr>
          </gpxtpx:TrackPointExtension>
        </extensions>
      </trkpt>
      <trkpt lat="30.480611322092255" lon="104.02333121733126">
        <ele>480.45646899566054</ele>
        <time>1970-01-01T00:38:29Z</time>
        <extensions>
          <gpxtpx:TrackPointExtension>
            <gpxtpx:hr>186</gpxtpx:hr>
          </gpxtpx:TrackPointExtension>
        </extensions>
      </trkpt>
      <trkpt lat="30.480640401681764" lon="104.02331886367635">
        <ele>480.4478620355949</ele>
        <time>1970-01-01T00:38:30Z</time>
        <extensions>
          <gpxtpx:TrackPointExtension>
            <gpxtpx:hr>186</gpxtpx:hr>
          </gpxtpx:TrackPointExtension>
        </extensions>
      </trkpt>
      <trkpt lat="30.480669343656817" lon="104.02330396144086">
        <ele>480.43817016482353</ele>
        <time>1970-01-01T00:38:31Z</time>
        <extensions>
          <gpxtpx:TrackPointExtension>
            <gpxtpx:hr>186</gpxtpx:hr>
          </gpxtpx:TrackPointExtension>
        </extensions>
      </trkpt>
      <trkpt lat="30.48069826686872" lon="104.02328777799556">
        <ele>480.42772601451725</ele>
        <time>1970-01-01T00:38:32Z</time>
        <extensions>
          <gpxtpx:TrackPointExtension>
            <gpxtpx:hr>186</gpxtpx:hr>
          </gpxtpx:TrackPointExtension>
        </extensions>
      </trkpt>
      <trkpt lat="30.48072760895895" lon="104.02327103281196">
        <ele>480.41695581469685</ele>
        <time>1970-01-01T00:38:33Z</time>
        <extensions>
          <gpxtpx:TrackPointExtension>
            <gpxtpx:hr>187</gpxtpx:hr>
          </gpxtpx:TrackPointExtension>
        </extensions>
      </trkpt>
      <trkpt lat="30.480757166585335" lon="104.02325393631622">
        <ele>480.40627244487405</ele>
        <time>1970-01-01T00:38:34Z</time>
        <extensions>
          <gpxtpx:TrackPointExtension>
            <gpxtpx:hr>187</gpxtpx:hr>
          </gpxtpx:TrackPointExtension>
        </extensions>
      </trkpt>
      <trkpt lat="30.48078640094008" lon="104.02323678002035">
        <ele>480.3960804697126</ele>
        <time>1970-01-01T00:38:35Z</time>
        <extensions>
          <gpxtpx:TrackPointExtension>
            <gpxtpx:hr>187</gpxtpx:hr>
          </gpxtpx:TrackPointExtension>
        </extensions>
      </trkpt>
      <trkpt lat="30.48081488580759" lon="104.02322011321932">
        <ele>480.3868935154751</ele>
        <time>1970-01-01T00:38:36Z</time>
        <extensions>
          <gpxtpx:TrackPointExtension>
            <gpxtpx:hr>187</gpxtpx:hr>
          </gpxtpx:TrackPointExtension>
        </extensions>
      </trkpt>
      <trkpt lat="30.48084203154986" lon="104.02320381960281">
        <ele>480.3790756408125</ele>
        <time>1970-01-01T00:38:37Z</time>
        <extensions>
          <gpxtpx:TrackPointExtension>
            <gpxtpx:hr>187</gpxtpx:hr>
          </gpxtpx:TrackPointExtension>
        </extensions>
      </trkpt>
      <trkpt lat="30.48086867300789" lon="104.02318595717901">
        <ele>480.37271267175674</ele>
        <time>1970-01-01T00:38:38Z</time>
        <extensions>
          <gpxtpx:TrackPointExtension>
            <gpxtpx:hr>187</gpxtpx:hr>
          </gpxtpx:TrackPointExtension>
        </extensions>
      </trkpt>
      <trkpt lat="30.48089535414646" lon="104.02316622487088">
        <ele>480.36769725289196</ele>
        <time>1970-01-01T00:38:39Z</time>
        <extensions>
          <gpxtpx:TrackPointExtension>
            <gpxtpx:hr>187</gpxtpx:hr>
          </gpxtpx:TrackPointExtension>
        </extensions>
      </trkpt>
      <trkpt lat="30.480921769856657" lon="104.0231450681806">
        <ele>480.36382056586444</ele>
        <time>1970-01-01T00:38:40Z</time>
        <extensions>
          <gpxtpx:TrackPointExtension>
            <gpxtpx:hr>187</gpxtpx:hr>
          </gpxtpx:TrackPointExtension>
        </extensions>
      </trkpt>
      <trkpt lat="30.48094757286828" lon="104.02312272980048">
        <ele>480.36066298373044</ele>
        <time>1970-01-01T00:38:41Z</time>
        <extensions>
          <gpxtpx:TrackPointExtension>
            <gpxtpx:hr>187</gpxtpx:hr>
          </gpxtpx:TrackPointExtension>
        </extensions>
      </trkpt>
      <trkpt lat="30.480971849055305" lon="104.0230993957696">
        <ele>480.3578328117728</ele>
        <time>1970-01-01T00:38:42Z</time>
        <extensions>
          <gpxtpx:TrackPointExtension>
            <gpxtpx:hr>187</gpxtpx:hr>
          </gpxtpx:TrackPointExtension>
        </extensions>
      </trkpt>
      <trkpt lat="30.480994768453897" lon="104.02307421129846">
        <ele>480.3551610177383</ele>
        <time>1970-01-01T00:38:43Z</time>
        <extensions>
          <gpxtpx:TrackPointExtension>
            <gpxtpx:hr>186</gpxtpx:hr>
          </gpxtpx:TrackPointExtension>
        </extensions>
      </trkpt>
      <trkpt lat="30.48101738185285" lon="104.02304764070057">
        <ele>480.35283706802875</ele>
        <time>1970-01-01T00:38:44Z</time>
        <extensions>
          <gpxtpx:TrackPointExtension>
            <gpxtpx:hr>186</gpxtpx:hr>
          </gpxtpx:TrackPointExtension>
        </extensions>
      </trkpt>
      <trkpt lat="30.481040525603635" lon="104.02301993164829">
        <ele>480.35108799114823</ele>
        <time>1970-01-01T00:38:45Z</time>
        <extensions>
          <gpxtpx:TrackPointExtension>
            <gpxtpx:hr>186</gpxtpx:hr>
          </gpxtpx:TrackPointExtension>
        </extensions>
      </trkpt>
      <trkpt lat="30.481063654610907" lon="104.02299193380532">
        <ele>480.3500034660101</ele>
        <time>1970-01-01T00:38:46Z</time>
        <extensions>
          <gpxtpx:TrackPointExtension>
            <gpxtpx:hr>186</gpxtpx:hr>
          </gpxtpx:TrackPointExtension>
        </extensions>
      </trkpt>
      <trkpt lat="30.481086429009967" lon="104.02296421120437">
        <ele>480.34948293864727</ele>
        <time>1970-01-01T00:38:47Z</time>
        <extensions>
          <gpxtpx:TrackPointExtension>
            <gpxtpx:hr>186</gpxtpx:hr>
          </gpxtpx:TrackPointExtension>
        </extensions>
      </trkpt>
      <trkpt lat="30.481108979740025" lon="104.02293624168286">
        <ele>480.34919896069914</ele>
        <time>1970-01-01T00:38:48Z</time>
        <extensions>
          <gpxtpx:TrackPointExtension>
            <gpxtpx:hr>186</gpxtpx:hr>
          </gpxtpx:TrackPointExtension>
        </extensions>
      </trkpt>
      <trkpt lat="30.481130959595678" lon="104.02290878437083">
        <ele>480.3488942850381</ele>
        <time>1970-01-01T00:38:49Z</time>
        <extensions>
          <gpxtpx:TrackPointExtension>
            <gpxtpx:hr>186</gpxtpx:hr>
          </gpxtpx:TrackPointExtension>
        </extensions>
      </trkpt>
      <trkpt lat="30.48115285588463" lon="104.02288184846407">
        <ele>480.3484741933644</ele>
        <time>1970-01-01T00:38:50Z</time>
        <extensions>
          <gpxtpx:TrackPointExtension>
            <gpxtpx:hr>186</gpxtpx:hr>
          </gpxtpx:TrackPointExtension>
        </extensions>
      </trkpt>
      <trkpt lat="30.48117479852456" lon="104.02285532273886">
        <ele>480.3480932516977</ele>
        <time>1970-01-01T00:38:51Z</time>
        <extensions>
          <gpxtpx:TrackPointExtension>
            <gpxtpx:hr>186</gpxtpx:hr>
          </gpxtpx:TrackPointExtension>
        </extensions>
      </trkpt>
      <trkpt lat="30.48119583023982" lon="104.02282824489221">
        <ele>480.3480474948883</ele>
        <time>1970-01-01T00:38:52Z</time>
        <extensions>
          <gpxtpx:TrackPointExtension>
            <gpxtpx:hr>186</gpxtpx:hr>
          </gpxtpx:TrackPointExtension>
        </extensions>
      </trkpt>
      <trkpt lat="30.481214892815377" lon="104.02279905095017">
        <ele>480.3487379197031</ele>
        <time>1970-01-01T00:38:53Z</time>
        <extensions>
          <gpxtpx:TrackPointExtension>
            <gpxtpx:hr>186</gpxtpx:hr>
          </gpxtpx:TrackPointExtension>
        </extensions>
      </trkpt>
      <trkpt lat="30.481232252214316" lon="104.02276731930701">
        <ele>480.35035561863333</ele>
        <time>1970-01-01T00:38:54Z</time>
        <extensions>
          <gpxtpx:TrackPointExtension>
            <gpxtpx:hr>187</gpxtpx:hr>
          </gpxtpx:TrackPointExtension>
        </extensions>
      </trkpt>
      <trkpt lat="30.48124904083604" lon="104.02273369510134">
        <ele>480.352924503386</ele>
        <time>1970-01-01T00:38:55Z</time>
        <extensions>
          <gpxtpx:TrackPointExtension>
            <gpxtpx:hr>187</gpxtpx:hr>
          </gpxtpx:TrackPointExtension>
        </extensions>
      </trkpt>
      <trkpt lat="30.48126536064476" lon="104.02270006446328">
        <ele>480.35631683282554</ele>
        <time>1970-01-01T00:38:56Z</time>
        <extensions>
          <gpxtpx:TrackPointExtension>
            <gpxtpx:hr>187</gpxtpx:hr>
          </gpxtpx:TrackPointExtension>
        </extensions>
      </trkpt>
      <trkpt lat="30.481280737684628" lon="104.02266660863532">
        <ele>480.3603115156293</ele>
        <time>1970-01-01T00:38:57Z</time>
        <extensions>
          <gpxtpx:TrackPointExtension>
            <gpxtpx:hr>187</gpxtpx:hr>
          </gpxtpx:TrackPointExtension>
        </extensions>
      </trkpt>
      <trkpt lat="30.4812951188942" lon="104.02263267532312">
        <ele>480.36446155328304</ele>
        <time>1970-01-01T00:38:58Z</time>
        <extensions>
          <gpxtpx:TrackPointExtension>
            <gpxtpx:hr>186</gpxtpx:hr>
          </gpxtpx:TrackPointExtension>
        </extensions>
      </trkpt>
      <trkpt lat="30.48130892540571" lon="104.02259759169468">
        <ele>480.3682305207476</ele>
        <time>1970-01-01T00:38:59Z</time>
        <extensions>
          <gpxtpx:TrackPointExtension>
            <gpxtpx:hr>186</gpxtpx:hr>
          </gpxtpx:TrackPointExtension>
        </extensions>
      </trkpt>
      <trkpt lat="30.481322363850037" lon="104.02256085766355">
        <ele>480.3710973113775</ele>
        <time>1970-01-01T00:39:00Z</time>
        <extensions>
          <gpxtpx:TrackPointExtension>
            <gpxtpx:hr>186</gpxtpx:hr>
          </gpxtpx:TrackPointExtension>
        </extensions>
      </trkpt>
      <trkpt lat="30.48133548802112" lon="104.02252409973924">
        <ele>480.37270980421454</ele>
        <time>1970-01-01T00:39:01Z</time>
        <extensions>
          <gpxtpx:TrackPointExtension>
            <gpxtpx:hr>186</gpxtpx:hr>
          </gpxtpx:TrackPointExtension>
        </extensions>
      </trkpt>
      <trkpt lat="30.481348535625607" lon="104.02248812036153">
        <ele>480.37300232890993</ele>
        <time>1970-01-01T00:39:02Z</time>
        <extensions>
          <gpxtpx:TrackPointExtension>
            <gpxtpx:hr>186</gpxtpx:hr>
          </gpxtpx:TrackPointExtension>
        </extensions>
      </trkpt>
      <trkpt lat="30.481361024463645" lon="104.0224531870838">
        <ele>480.3722914624959</ele>
        <time>1970-01-01T00:39:03Z</time>
        <extensions>
          <gpxtpx:TrackPointExtension>
            <gpxtpx:hr>186</gpxtpx:hr>
          </gpxtpx:TrackPointExtension>
        </extensions>
      </trkpt>
      <trkpt lat="30.481372341362608" lon="104.02241859505887">
        <ele>480.37100962083787</ele>
        <time>1970-01-01T00:39:04Z</time>
        <extensions>
          <gpxtpx:TrackPointExtension>
            <gpxtpx:hr>186</gpxtpx:hr>
          </gpxtpx:TrackPointExtension>
        </extensions>
      </trkpt>
      <trkpt lat="30.481382541816803" lon="104.0223831266768">
        <ele>480.36958147771657</ele>
        <time>1970-01-01T00:39:04Z</time>
        <extensions>
          <gpxtpx:TrackPointExtension>
            <gpxtpx:hr>186</gpxtpx:hr>
          </gpxtpx:TrackPointExtension>
        </extensions>
      </trkpt>
      <trkpt lat="30.481391810239828" lon="104.02234672886166">
        <ele>480.36832346674055</ele>
        <time>1970-01-01T00:39:05Z</time>
        <extensions>
          <gpxtpx:TrackPointExtension>
            <gpxtpx:hr>186</gpxtpx:hr>
          </gpxtpx:TrackPointExtension>
        </extensions>
      </trkpt>
      <trkpt lat="30.481400208299437" lon="104.02230933312865">
        <ele>480.3674719501287</ele>
        <time>1970-01-01T00:39:06Z</time>
        <extensions>
          <gpxtpx:TrackPointExtension>
            <gpxtpx:hr>186</gpxtpx:hr>
          </gpxtpx:TrackPointExtension>
        </extensions>
      </trkpt>
      <trkpt lat="30.48140795587506" lon="104.02227220335668">
        <ele>480.3670115945861</ele>
        <time>1970-01-01T00:39:07Z</time>
        <extensions>
          <gpxtpx:TrackPointExtension>
            <gpxtpx:hr>187</gpxtpx:hr>
          </gpxtpx:TrackPointExtension>
        </extensions>
      </trkpt>
      <trkpt lat="30.481414767751456" lon="104.02223566361856">
        <ele>480.3666546875611</ele>
        <time>1970-01-01T00:39:08Z</time>
        <extensions>
          <gpxtpx:TrackPointExtension>
            <gpxtpx:hr>187</gpxtpx:hr>
          </gpxtpx:TrackPointExtension>
        </extensions>
      </trkpt>
      <trkpt lat="30.481420540072993" lon="104.02219906546159">
        <ele>480.3658901117742</ele>
        <time>1970-01-01T00:39:10Z</time>
        <extensions>
          <gpxtpx:TrackPointExtension>
            <gpxtpx:hr>187</gpxtpx:hr>
          </gpxtpx:TrackPointExtension>
        </extensions>
      </trkpt>
      <trkpt lat="30.481426177773052" lon="104.0221626800933">
        <ele>480.3639761460945</ele>
        <time>1970-01-01T00:39:10Z</time>
        <extensions>
          <gpxtpx:TrackPointExtension>
            <gpxtpx:hr>187</gpxtpx:hr>
          </gpxtpx:TrackPointExtension>
        </extensions>
      </trkpt>
      <trkpt lat="30.48143180984128" lon="104.02212622727231">
        <ele>480.36048386991024</ele>
        <time>1970-01-01T00:39:11Z</time>
        <extensions>
          <gpxtpx:TrackPointExtension>
            <gpxtpx:hr>187</gpxtpx:hr>
          </gpxtpx:TrackPointExtension>
        </extensions>
      </trkpt>
      <trkpt lat="30.481436635543094" lon="104.02208942877587">
        <ele>480.3553027091548</ele>
        <time>1970-01-01T00:39:13Z</time>
        <extensions>
          <gpxtpx:TrackPointExtension>
            <gpxtpx:hr>187</gpxtpx:hr>
          </gpxtpx:TrackPointExtension>
        </extensions>
      </trkpt>
      <trkpt lat="30.481439665086974" lon="104.02205160395862">
        <ele>480.34872077964246</ele>
        <time>1970-01-01T00:39:14Z</time>
        <extensions>
          <gpxtpx:TrackPointExtension>
            <gpxtpx:hr>187</gpxtpx:hr>
          </gpxtpx:TrackPointExtension>
        </extensions>
      </trkpt>
      <trkpt lat="30.48144055678149" lon="104.0220135846117">
        <ele>480.3412036234513</ele>
        <time>1970-01-01T00:39:14Z</time>
        <extensions>
          <gpxtpx:TrackPointExtension>
            <gpxtpx:hr>187</gpxtpx:hr>
          </gpxtpx:TrackPointExtension>
        </extensions>
      </trkpt>
      <trkpt lat="30.481439986201433" lon="104.02197663614226">
        <ele>480.3333678562194</ele>
        <time>1970-01-01T00:39:16Z</time>
        <extensions>
          <gpxtpx:TrackPointExtension>
            <gpxtpx:hr>187</gpxtpx:hr>
          </gpxtpx:TrackPointExtension>
        </extensions>
      </trkpt>
      <trkpt lat="30.48143851857506" lon="104.02194010315544">
        <ele>480.32580425031483</ele>
        <time>1970-01-01T00:39:17Z</time>
        <extensions>
          <gpxtpx:TrackPointExtension>
            <gpxtpx:hr>188</gpxtpx:hr>
          </gpxtpx:TrackPointExtension>
        </extensions>
      </trkpt>
      <trkpt lat="30.481436451934535" lon="104.02190363824442">
        <ele>480.3189986599609</ele>
        <time>1970-01-01T00:39:18Z</time>
        <extensions>
          <gpxtpx:TrackPointExtension>
            <gpxtpx:hr>188</gpxtpx:hr>
          </gpxtpx:TrackPointExtension>
        </extensions>
      </trkpt>
      <trkpt lat="30.481433725956954" lon="104.02186659445388">
        <ele>480.31328853033483</ele>
        <time>1970-01-01T00:39:19Z</time>
        <extensions>
          <gpxtpx:TrackPointExtension>
            <gpxtpx:hr>188</gpxtpx:hr>
          </gpxtpx:TrackPointExtension>
        </extensions>
      </trkpt>
      <trkpt lat="30.48143083669335" lon="104.0218293354596">
        <ele>480.30893338657916</ele>
        <time>1970-01-01T00:39:20Z</time>
        <extensions>
          <gpxtpx:TrackPointExtension>
            <gpxtpx:hr>188</gpxtpx:hr>
          </gpxtpx:TrackPointExtension>
        </extensions>
      </trkpt>
      <trkpt lat="30.48142832189044" lon="104.02179222492393">
        <ele>480.30594456754625</ele>
        <time>1970-01-01T00:39:21Z</time>
        <extensions>
          <gpxtpx:TrackPointExtension>
            <gpxtpx:hr>188</gpxtpx:hr>
          </gpxtpx:TrackPointExtension>
        </extensions>
      </trkpt>
      <trkpt lat="30.481426022148117" lon="104.02175496633488">
        <ele>480.303884210065</ele>
        <time>1970-01-01T00:39:22Z</time>
        <extensions>
          <gpxtpx:TrackPointExtension>
            <gpxtpx:hr>188</gpxtpx:hr>
          </gpxtpx:TrackPointExtension>
        </extensions>
      </trkpt>
      <trkpt lat="30.48142321269669" lon="104.02171820324658">
        <ele>480.3020699135959</ele>
        <time>1970-01-01T00:39:23Z</time>
        <extensions>
          <gpxtpx:TrackPointExtension>
            <gpxtpx:hr>188</gpxtpx:hr>
          </gpxtpx:TrackPointExtension>
        </extensions>
      </trkpt>
      <trkpt lat="30.48141899778761" lon="104.02168201700283">
        <ele>480.2998882094398</ele>
        <time>1970-01-01T00:39:24Z</time>
        <extensions>
          <gpxtpx:TrackPointExtension>
            <gpxtpx:hr>189</gpxtpx:hr>
          </gpxtpx:TrackPointExtension>
        </extensions>
      </trkpt>
      <trkpt lat="30.481413425692097" lon="104.02164684864736">
        <ele>480.2971687987447</ele>
        <time>1970-01-01T00:39:25Z</time>
        <extensions>
          <gpxtpx:TrackPointExtension>
            <gpxtpx:hr>189</gpxtpx:hr>
          </gpxtpx:TrackPointExtension>
        </extensions>
      </trkpt>
      <trkpt lat="30.481406629105155" lon="104.0216115601806">
        <ele>480.2939190072939</ele>
        <time>1970-01-01T00:39:26Z</time>
        <extensions>
          <gpxtpx:TrackPointExtension>
            <gpxtpx:hr>189</gpxtpx:hr>
          </gpxtpx:TrackPointExtension>
        </extensions>
      </trkpt>
      <trkpt lat="30.481399391474152" lon="104.02157514766482">
        <ele>480.29027896840125</ele>
        <time>1970-01-01T00:39:27Z</time>
        <extensions>
          <gpxtpx:TrackPointExtension>
            <gpxtpx:hr>189</gpxtpx:hr>
          </gpxtpx:TrackPointExtension>
        </extensions>
      </trkpt>
      <trkpt lat="30.481392454332248" lon="104.02153800644506">
        <ele>480.2864778600633</ele>
        <time>1970-01-01T00:39:28Z</time>
        <extensions>
          <gpxtpx:TrackPointExtension>
            <gpxtpx:hr>188</gpxtpx:hr>
          </gpxtpx:TrackPointExtension>
        </extensions>
      </trkpt>
      <trkpt lat="30.48138524083909" lon="104.02150055368558">
        <ele>480.28271282278</ele>
        <time>1970-01-01T00:39:29Z</time>
        <extensions>
          <gpxtpx:TrackPointExtension>
            <gpxtpx:hr>188</gpxtpx:hr>
          </gpxtpx:TrackPointExtension>
        </extensions>
      </trkpt>
      <trkpt lat="30.481377319246295" lon="104.0214640356812">
        <ele>480.27906154841185</ele>
        <time>1970-01-01T00:39:30Z</time>
        <extensions>
          <gpxtpx:TrackPointExtension>
            <gpxtpx:hr>188</gpxtpx:hr>
          </gpxtpx:TrackPointExtension>
        </extensions>
      </trkpt>
      <trkpt lat="30.48136892015902" lon="104.02142805422856">
        <ele>480.2756842672825</ele>
        <time>1970-01-01T00:39:31Z</time>
        <extensions>
          <gpxtpx:TrackPointExtension>
            <gpxtpx:hr>188</gpxtpx:hr>
          </gpxtpx:TrackPointExtension>
        </extensions>
      </trkpt>
      <trkpt lat="30.481361308533607" lon="104.02139239019068">
        <ele>480.2729463353753</ele>
        <time>1970-01-01T00:39:32Z</time>
        <extensions>
          <gpxtpx:TrackPointExtension>
            <gpxtpx:hr>188</gpxtpx:hr>
          </gpxtpx:TrackPointExtension>
        </extensions>
      </trkpt>
      <trkpt lat="30.48135455365542" lon="104.021357332768">
        <ele>480.27134020999074</ele>
        <time>1970-01-01T00:39:33Z</time>
        <extensions>
          <gpxtpx:TrackPointExtension>
            <gpxtpx:hr>188</gpxtpx:hr>
          </gpxtpx:TrackPointExtension>
        </extensions>
      </trkpt>
      <trkpt lat="30.481347563532157" lon="104.02132278383901">
        <ele>480.2713530305773</ele>
        <time>1970-01-01T00:39:34Z</time>
        <extensions>
          <gpxtpx:TrackPointExtension>
            <gpxtpx:hr>188</gpxtpx:hr>
          </gpxtpx:TrackPointExtension>
        </extensions>
      </trkpt>
      <trkpt lat="30.48133978282704" lon="104.02128858634548">
        <ele>480.2732005249709</ele>
        <time>1970-01-01T00:39:35Z</time>
        <extensions>
          <gpxtpx:TrackPointExtension>
            <gpxtpx:hr>188</gpxtpx:hr>
          </gpxtpx:TrackPointExtension>
        </extensions>
      </trkpt>
      <trkpt lat="30.481331156370146" lon="104.0212539094524">
        <ele>480.27680280432105</ele>
        <time>1970-01-01T00:39:36Z</time>
        <extensions>
          <gpxtpx:TrackPointExtension>
            <gpxtpx:hr>188</gpxtpx:hr>
          </gpxtpx:TrackPointExtension>
        </extensions>
      </trkpt>
      <trkpt lat="30.481322284982177" lon="104.02121911060993">
        <ele>480.28180606570095</ele>
        <time>1970-01-01T00:39:37Z</time>
        <extensions>
          <gpxtpx:TrackPointExtension>
            <gpxtpx:hr>188</gpxtpx:hr>
          </gpxtpx:TrackPointExtension>
        </extensions>
      </trkpt>
      <trkpt lat="30.481313269107275" lon="104.02118367521278">
        <ele>480.28764053061604</ele>
        <time>1970-01-01T00:39:38Z</time>
        <extensions>
          <gpxtpx:TrackPointExtension>
            <gpxtpx:hr>189</gpxtpx:hr>
          </gpxtpx:TrackPointExtension>
        </extensions>
      </trkpt>
      <trkpt lat="30.481304455366754" lon="104.02114738864474">
        <ele>480.293641471304</ele>
        <time>1970-01-01T00:39:39Z</time>
        <extensions>
          <gpxtpx:TrackPointExtension>
            <gpxtpx:hr>189</gpxtpx:hr>
          </gpxtpx:TrackPointExtension>
        </extensions>
      </trkpt>
      <trkpt lat="30.48129554166752" lon="104.02111178161437">
        <ele>480.2992481114343</ele>
        <time>1970-01-01T00:39:40Z</time>
        <extensions>
          <gpxtpx:TrackPointExtension>
            <gpxtpx:hr>189</gpxtpx:hr>
          </gpxtpx:TrackPointExtension>
        </extensions>
      </trkpt>
      <trkpt lat="30.48128545001745" lon="104.02107734679673">
        <ele>480.30405188538134</ele>
        <time>1970-01-01T00:39:41Z</time>
        <extensions>
          <gpxtpx:TrackPointExtension>
            <gpxtpx:hr>189</gpxtpx:hr>
          </gpxtpx:TrackPointExtension>
        </extensions>
      </trkpt>
      <trkpt lat="30.481274365441447" lon="104.02104389311886">
        <ele>480.3077714834362</ele>
        <time>1970-01-01T00:39:42Z</time>
        <extensions>
          <gpxtpx:TrackPointExtension>
            <gpxtpx:hr>189</gpxtpx:hr>
          </gpxtpx:TrackPointExtension>
        </extensions>
      </trkpt>
      <trkpt lat="30.481262565851637" lon="104.02100987470862">
        <ele>480.3103180723265</ele>
        <time>1970-01-01T00:39:43Z</time>
        <extensions>
          <gpxtpx:TrackPointExtension>
            <gpxtpx:hr>189</gpxtpx:hr>
          </gpxtpx:TrackPointExtension>
        </extensions>
      </trkpt>
      <trkpt lat="30.481250984308996" lon="104.0209747903615">
        <ele>480.3117868741974</ele>
        <time>1970-01-01T00:39:44Z</time>
        <extensions>
          <gpxtpx:TrackPointExtension>
            <gpxtpx:hr>189</gpxtpx:hr>
          </gpxtpx:TrackPointExtension>
        </extensions>
      </trkpt>
      <trkpt lat="30.48124042862786" lon="104.02093907430776">
        <ele>480.31242093537</ele>
        <time>1970-01-01T00:39:45Z</time>
        <extensions>
          <gpxtpx:TrackPointExtension>
            <gpxtpx:hr>189</gpxtpx:hr>
          </gpxtpx:TrackPointExtension>
        </extensions>
      </trkpt>
      <trkpt lat="30.4812306707235" lon="104.0209029937822">
        <ele>480.31254681851715</ele>
        <time>1970-01-01T00:39:46Z</time>
        <extensions>
          <gpxtpx:TrackPointExtension>
            <gpxtpx:hr>189</gpxtpx:hr>
          </gpxtpx:TrackPointExtension>
        </extensions>
      </trkpt>
      <trkpt lat="30.4812220594684" lon="104.0208665967778">
        <ele>480.3125272616744</ele>
        <time>1970-01-01T00:39:47Z</time>
        <extensions>
          <gpxtpx:TrackPointExtension>
            <gpxtpx:hr>189</gpxtpx:hr>
          </gpxtpx:TrackPointExtension>
        </extensions>
      </trkpt>
      <trkpt lat="30.48121481844271" lon="104.02082931067554">
        <ele>480.3127357745543</ele>
        <time>1970-01-01T00:39:48Z</time>
        <extensions>
          <gpxtpx:TrackPointExtension>
            <gpxtpx:hr>189</gpxtpx:hr>
          </gpxtpx:TrackPointExtension>
        </extensions>
      </trkpt>
      <trkpt lat="30.48120867747064" lon="104.02079238924694">
        <ele>480.3134855274111</ele>
        <time>1970-01-01T00:39:49Z</time>
        <extensions>
          <gpxtpx:TrackPointExtension>
            <gpxtpx:hr>189</gpxtpx:hr>
          </gpxtpx:TrackPointExtension>
        </extensions>
      </trkpt>
      <trkpt lat="30.481201562425134" lon="104.02075705540987">
        <ele>480.3149339435622</ele>
        <time>1970-01-01T00:39:50Z</time>
        <extensions>
          <gpxtpx:TrackPointExtension>
            <gpxtpx:hr>189</gpxtpx:hr>
          </gpxtpx:TrackPointExtension>
        </extensions>
      </trkpt>
      <trkpt lat="30.481191316121127" lon="104.02072411661568">
        <ele>480.31696768291295</ele>
        <time>1970-01-01T00:39:51Z</time>
        <extensions>
          <gpxtpx:TrackPointExtension>
            <gpxtpx:hr>189</gpxtpx:hr>
          </gpxtpx:TrackPointExtension>
        </extensions>
      </trkpt>
      <trkpt lat="30.481177623761145" lon="104.02069358375033">
        <ele>480.31929526943713</ele>
        <time>1970-01-01T00:39:52Z</time>
        <extensions>
          <gpxtpx:TrackPointExtension>
            <gpxtpx:hr>189</gpxtpx:hr>
          </gpxtpx:TrackPointExtension>
        </extensions>
      </trkpt>
      <trkpt lat="30.48116107158431" lon="104.02066310157225">
        <ele>480.3216257551685</ele>
        <time>1970-01-01T00:39:53Z</time>
        <extensions>
          <gpxtpx:TrackPointExtension>
            <gpxtpx:hr>189</gpxtpx:hr>
          </gpxtpx:TrackPointExtension>
        </extensions>
      </trkpt>
      <trkpt lat="30.48114399898515" lon="104.02063163300045">
        <ele>480.32367019634694</ele>
        <time>1970-01-01T00:39:54Z</time>
        <extensions>
          <gpxtpx:TrackPointExtension>
            <gpxtpx:hr>189</gpxtpx:hr>
          </gpxtpx:TrackPointExtension>
        </extensions>
      </trkpt>
      <trkpt lat="30.481128259760812" lon="104.02059904291343">
        <ele>480.3251734850928</ele>
        <time>1970-01-01T00:39:55Z</time>
        <extensions>
          <gpxtpx:TrackPointExtension>
            <gpxtpx:hr>189</gpxtpx:hr>
          </gpxtpx:TrackPointExtension>
        </extensions>
      </trkpt>
      <trkpt lat="30.481114146256196" lon="104.02056578123474">
        <ele>480.32601879164577</ele>
        <time>1970-01-01T00:39:56Z</time>
        <extensions>
          <gpxtpx:TrackPointExtension>
            <gpxtpx:hr>189</gpxtpx:hr>
          </gpxtpx:TrackPointExtension>
        </extensions>
      </trkpt>
      <trkpt lat="30.48110134909165" lon="104.02053232862845">
        <ele>480.32612319942564</ele>
        <time>1970-01-01T00:39:57Z</time>
        <extensions>
          <gpxtpx:TrackPointExtension>
            <gpxtpx:hr>189</gpxtpx:hr>
          </gpxtpx:TrackPointExtension>
        </extensions>
      </trkpt>
      <trkpt lat="30.481089445974128" lon="104.02049826360049">
        <ele>480.32550194859505</ele>
        <time>1970-01-01T00:39:58Z</time>
        <extensions>
          <gpxtpx:TrackPointExtension>
            <gpxtpx:hr>188</gpxtpx:hr>
          </gpxtpx:TrackPointExtension>
        </extensions>
      </trkpt>
      <trkpt lat="30.481078132250957" lon="104.02046377857693">
        <ele>480.3243283685297</ele>
        <time>1970-01-01T00:39:59Z</time>
        <extensions>
          <gpxtpx:TrackPointExtension>
            <gpxtpx:hr>188</gpxtpx:hr>
          </gpxtpx:TrackPointExtension>
        </extensions>
      </trkpt>
      <trkpt lat="30.48106668060034" lon="104.02042909573969">
        <ele>480.32307768054307</ele>
        <time>1970-01-01T00:40:00Z</time>
        <extensions>
          <gpxtpx:TrackPointExtension>
            <gpxtpx:hr>188</gpxtpx:hr>
          </gpxtpx:TrackPointExtension>
        </extensions>
      </trkpt>
      <trkpt lat="30.48105547982" lon="104.02039491448531">
        <ele>480.3221261603758</ele>
        <time>1970-01-01T00:40:01Z</time>
        <extensions>
          <gpxtpx:TrackPointExtension>
            <gpxtpx:hr>188</gpxtpx:hr>
          </gpxtpx:TrackPointExtension>
        </extensions>
      </trkpt>
      <trkpt lat="30.48104407058944" lon="104.02036125632041">
        <ele>480.3218612354249</ele>
        <time>1970-01-01T00:40:02Z</time>
        <extensions>
          <gpxtpx:TrackPointExtension>
            <gpxtpx:hr>188</gpxtpx:hr>
          </gpxtpx:TrackPointExtension>
        </extensions>
      </trkpt>
      <trkpt lat="30.481031741406262" lon="104.0203284292856">
        <ele>480.3225412648171</ele>
        <time>1970-01-01T00:40:03Z</time>
        <extensions>
          <gpxtpx:TrackPointExtension>
            <gpxtpx:hr>188</gpxtpx:hr>
          </gpxtpx:TrackPointExtension>
        </extensions>
      </trkpt>
      <trkpt lat="30.481018782161183" lon="104.02029602384674">
        <ele>480.32423606328666</ele>
        <time>1970-01-01T00:40:04Z</time>
        <extensions>
          <gpxtpx:TrackPointExtension>
            <gpxtpx:hr>188</gpxtpx:hr>
          </gpxtpx:TrackPointExtension>
        </extensions>
      </trkpt>
      <trkpt lat="30.481005220049965" lon="104.02026317635149">
        <ele>480.3266772478819</ele>
        <time>1970-01-01T00:40:05Z</time>
        <extensions>
          <gpxtpx:TrackPointExtension>
            <gpxtpx:hr>188</gpxtpx:hr>
          </gpxtpx:TrackPointExtension>
        </extensions>
      </trkpt>
      <trkpt lat="30.480991085918827" lon="104.02023016081003">
        <ele>480.329607299529</ele>
        <time>1970-01-01T00:40:06Z</time>
        <extensions>
          <gpxtpx:TrackPointExtension>
            <gpxtpx:hr>188</gpxtpx:hr>
          </gpxtpx:TrackPointExtension>
        </extensions>
      </trkpt>
      <trkpt lat="30.4809760452346" lon="104.02019715480843">
        <ele>480.33263043966144</ele>
        <time>1970-01-01T00:40:07Z</time>
        <extensions>
          <gpxtpx:TrackPointExtension>
            <gpxtpx:hr>188</gpxtpx:hr>
          </gpxtpx:TrackPointExtension>
        </extensions>
      </trkpt>
      <trkpt lat="30.480960932309884" lon="104.02016488877423">
        <ele>480.3352884221822</ele>
        <time>1970-01-01T00:40:08Z</time>
        <extensions>
          <gpxtpx:TrackPointExtension>
            <gpxtpx:hr>189</gpxtpx:hr>
          </gpxtpx:TrackPointExtension>
        </extensions>
      </trkpt>
      <trkpt lat="30.480946070283405" lon="104.0201338209932">
        <ele>480.337211095728</ele>
        <time>1970-01-01T00:40:09Z</time>
        <extensions>
          <gpxtpx:TrackPointExtension>
            <gpxtpx:hr>189</gpxtpx:hr>
          </gpxtpx:TrackPointExtension>
        </extensions>
      </trkpt>
      <trkpt lat="30.48093104734658" lon="104.02010356191568">
        <ele>480.3383811386302</ele>
        <time>1970-01-01T00:40:10Z</time>
        <extensions>
          <gpxtpx:TrackPointExtension>
            <gpxtpx:hr>189</gpxtpx:hr>
          </gpxtpx:TrackPointExtension>
        </extensions>
      </trkpt>
      <trkpt lat="30.480916560654503" lon="104.02007202732315">
        <ele>480.3391166180372</ele>
        <time>1970-01-01T00:40:11Z</time>
        <extensions>
          <gpxtpx:TrackPointExtension>
            <gpxtpx:hr>189</gpxtpx:hr>
          </gpxtpx:TrackPointExtension>
        </extensions>
      </trkpt>
      <trkpt lat="30.48090385573499" lon="104.02003716614037">
        <ele>480.33999514207244</ele>
        <time>1970-01-01T00:40:12Z</time>
        <extensions>
          <gpxtpx:TrackPointExtension>
            <gpxtpx:hr>189</gpxtpx:hr>
          </gpxtpx:TrackPointExtension>
        </extensions>
      </trkpt>
      <trkpt lat="30.480893223362152" lon="104.02000087131567">
        <ele>480.34166134148836</ele>
        <time>1970-01-01T00:40:13Z</time>
        <extensions>
          <gpxtpx:TrackPointExtension>
            <gpxtpx:hr>189</gpxtpx:hr>
          </gpxtpx:TrackPointExtension>
        </extensions>
      </trkpt>
      <trkpt lat="30.480883034552907" lon="104.01996575946194">
        <ele>480.3446884332225</ele>
        <time>1970-01-01T00:40:14Z</time>
        <extensions>
          <gpxtpx:TrackPointExtension>
            <gpxtpx:hr>189</gpxtpx:hr>
          </gpxtpx:TrackPointExtension>
        </extensions>
      </trkpt>
      <trkpt lat="30.480872303050674" lon="104.01993155910196">
        <ele>480.34938458167017</ele>
        <time>1970-01-01T00:40:15Z</time>
        <extensions>
          <gpxtpx:TrackPointExtension>
            <gpxtpx:hr>189</gpxtpx:hr>
          </gpxtpx:TrackPointExtension>
        </extensions>
      </trkpt>
      <trkpt lat="30.480859890657843" lon="104.0198975117132">
        <ele>480.35566432774067</ele>
        <time>1970-01-01T00:40:16Z</time>
        <extensions>
          <gpxtpx:TrackPointExtension>
            <gpxtpx:hr>189</gpxtpx:hr>
          </gpxtpx:TrackPointExtension>
        </extensions>
      </trkpt>
      <trkpt lat="30.480845002236542" lon="104.0198643354069">
        <ele>480.36314608715475</ele>
        <time>1970-01-01T00:40:17Z</time>
        <extensions>
          <gpxtpx:TrackPointExtension>
            <gpxtpx:hr>189</gpxtpx:hr>
          </gpxtpx:TrackPointExtension>
        </extensions>
      </trkpt>
      <trkpt lat="30.480827899124506" lon="104.01983347330363">
        <ele>480.3713840218261</ele>
        <time>1970-01-01T00:40:18Z</time>
        <extensions>
          <gpxtpx:TrackPointExtension>
            <gpxtpx:hr>189</gpxtpx:hr>
          </gpxtpx:TrackPointExtension>
        </extensions>
      </trkpt>
      <trkpt lat="30.480809436563998" lon="104.01980503786753">
        <ele>480.37976482417434</ele>
        <time>1970-01-01T00:40:19Z</time>
        <extensions>
          <gpxtpx:TrackPointExtension>
            <gpxtpx:hr>189</gpxtpx:hr>
          </gpxtpx:TrackPointExtension>
        </extensions>
      </trkpt>
      <trkpt lat="30.480790890523274" lon="104.01977721642301">
        <ele>480.38775928132236</ele>
        <time>1970-01-01T00:40:20Z</time>
        <extensions>
          <gpxtpx:TrackPointExtension>
            <gpxtpx:hr>189</gpxtpx:hr>
          </gpxtpx:TrackPointExtension>
        </extensions>
      </trkpt>
      <trkpt lat="30.480771960642933" lon="104.01974914770815">
        <ele>480.395003083162</ele>
        <time>1970-01-01T00:40:21Z</time>
        <extensions>
          <gpxtpx:TrackPointExtension>
            <gpxtpx:hr>189</gpxtpx:hr>
          </gpxtpx:TrackPointExtension>
        </extensions>
      </trkpt>
      <trkpt lat="30.48075285922038" lon="104.01972129293304">
        <ele>480.40126878675073</ele>
        <time>1970-01-01T00:40:22Z</time>
        <extensions>
          <gpxtpx:TrackPointExtension>
            <gpxtpx:hr>189</gpxtpx:hr>
          </gpxtpx:TrackPointExtension>
        </extensions>
      </trkpt>
      <trkpt lat="30.480733880414594" lon="104.01969383014949">
        <ele>480.4062640815973</ele>
        <time>1970-01-01T00:40:23Z</time>
        <extensions>
          <gpxtpx:TrackPointExtension>
            <gpxtpx:hr>188</gpxtpx:hr>
          </gpxtpx:TrackPointExtension>
        </extensions>
      </trkpt>
      <trkpt lat="30.480714876992728" lon="104.01966677510248">
        <ele>480.40986614860594</ele>
        <time>1970-01-01T00:40:24Z</time>
        <extensions>
          <gpxtpx:TrackPointExtension>
            <gpxtpx:hr>188</gpxtpx:hr>
          </gpxtpx:TrackPointExtension>
        </extensions>
      </trkpt>
      <trkpt lat="30.48069627024888" lon="104.01963992707836">
        <ele>480.4119587028399</ele>
        <time>1970-01-01T00:40:25Z</time>
        <extensions>
          <gpxtpx:TrackPointExtension>
            <gpxtpx:hr>188</gpxtpx:hr>
          </gpxtpx:TrackPointExtension>
        </extensions>
      </trkpt>
      <trkpt lat="30.480677637490547" lon="104.01961328227561">
        <ele>480.41250952798873</ele>
        <time>1970-01-01T00:40:26Z</time>
        <extensions>
          <gpxtpx:TrackPointExtension>
            <gpxtpx:hr>188</gpxtpx:hr>
          </gpxtpx:TrackPointExtension>
        </extensions>
      </trkpt>
      <trkpt lat="30.480659085940147" lon="104.01958736824845">
        <ele>480.41169302910566</ele>
        <time>1970-01-01T00:40:27Z</time>
        <extensions>
          <gpxtpx:TrackPointExtension>
            <gpxtpx:hr>188</gpxtpx:hr>
          </gpxtpx:TrackPointExtension>
        </extensions>
      </trkpt>
      <trkpt lat="30.48064043595945" lon="104.0195619484552">
        <ele>480.4099802048877</ele>
        <time>1970-01-01T00:40:28Z</time>
        <extensions>
          <gpxtpx:TrackPointExtension>
            <gpxtpx:hr>188</gpxtpx:hr>
          </gpxtpx:TrackPointExtension>
        </extensions>
      </trkpt>
      <trkpt lat="30.480621698697227" lon="104.01953646071553">
        <ele>480.4079806590453</ele>
        <time>1970-01-01T00:40:29Z</time>
        <extensions>
          <gpxtpx:TrackPointExtension>
            <gpxtpx:hr>188</gpxtpx:hr>
          </gpxtpx:TrackPointExtension>
        </extensions>
      </trkpt>
      <trkpt lat="30.480602673498478" lon="104.01951076377645">
        <ele>480.4064230620861</ele>
        <time>1970-01-01T00:40:30Z</time>
        <extensions>
          <gpxtpx:TrackPointExtension>
            <gpxtpx:hr>187</gpxtpx:hr>
          </gpxtpx:TrackPointExtension>
        </extensions>
      </trkpt>
      <trkpt lat="30.480582498481308" lon="104.01948447752613">
        <ele>480.40602730214596</ele>
        <time>1970-01-01T00:40:31Z</time>
        <extensions>
          <gpxtpx:TrackPointExtension>
            <gpxtpx:hr>187</gpxtpx:hr>
          </gpxtpx:TrackPointExtension>
        </extensions>
      </trkpt>
      <trkpt lat="30.480561671235197" lon="104.01945779836534">
        <ele>480.4073303928599</ele>
        <time>1970-01-01T00:40:32Z</time>
        <extensions>
          <gpxtpx:TrackPointExtension>
            <gpxtpx:hr>187</gpxtpx:hr>
          </gpxtpx:TrackPointExtension>
        </extensions>
      </trkpt>
      <trkpt lat="30.480540330582738" lon="104.01943124816316">
        <ele>480.41051026433706</ele>
        <time>1970-01-01T00:40:33Z</time>
        <extensions>
          <gpxtpx:TrackPointExtension>
            <gpxtpx:hr>187</gpxtpx:hr>
          </gpxtpx:TrackPointExtension>
        </extensions>
      </trkpt>
      <trkpt lat="30.480518921764382" lon="104.01940530445158">
        <ele>480.4155182270333</ele>
        <time>1970-01-01T00:40:34Z</time>
        <extensions>
          <gpxtpx:TrackPointExtension>
            <gpxtpx:hr>187</gpxtpx:hr>
          </gpxtpx:TrackPointExtension>
        </extensions>
      </trkpt>
      <trkpt lat="30.48049757425578" lon="104.01937984626366">
        <ele>480.4221007358283</ele>
        <time>1970-01-01T00:40:35Z</time>
        <extensions>
          <gpxtpx:TrackPointExtension>
            <gpxtpx:hr>187</gpxtpx:hr>
          </gpxtpx:TrackPointExtension>
        </extensions>
      </trkpt>
      <trkpt lat="30.480476169813908" lon="104.01935482998545">
        <ele>480.42989380005747</ele>
        <time>1970-01-01T00:40:36Z</time>
        <extensions>
          <gpxtpx:TrackPointExtension>
            <gpxtpx:hr>187</gpxtpx:hr>
          </gpxtpx:TrackPointExtension>
        </extensions>
      </trkpt>
      <trkpt lat="30.48045438393244" lon="104.01933008010374">
        <ele>480.43829038273543</ele>
        <time>1970-01-01T00:40:37Z</time>
        <extensions>
          <gpxtpx:TrackPointExtension>
            <gpxtpx:hr>187</gpxtpx:hr>
          </gpxtpx:TrackPointExtension>
        </extensions>
      </trkpt>
      <trkpt lat="30.48043179987217" lon="104.01930493386503">
        <ele>480.4468719912693</ele>
        <time>1970-01-01T00:40:38Z</time>
        <extensions>
          <gpxtpx:TrackPointExtension>
            <gpxtpx:hr>187</gpxtpx:hr>
          </gpxtpx:TrackPointExtension>
        </extensions>
      </trkpt>
      <trkpt lat="30.480409119723582" lon="104.01927905668333">
        <ele>480.4553862111643</ele>
        <time>1970-01-01T00:40:39Z</time>
        <extensions>
          <gpxtpx:TrackPointExtension>
            <gpxtpx:hr>188</gpxtpx:hr>
          </gpxtpx:TrackPointExtension>
        </extensions>
      </trkpt>
      <trkpt lat="30.480386463952225" lon="104.01925222935141">
        <ele>480.46368333883584</ele>
        <time>1970-01-01T00:40:40Z</time>
        <extensions>
          <gpxtpx:TrackPointExtension>
            <gpxtpx:hr>188</gpxtpx:hr>
          </gpxtpx:TrackPointExtension>
        </extensions>
      </trkpt>
      <trkpt lat="30.480363939773305" lon="104.01922517273401">
        <ele>480.47163009736687</ele>
        <time>1970-01-01T00:40:41Z</time>
        <extensions>
          <gpxtpx:TrackPointExtension>
            <gpxtpx:hr>188</gpxtpx:hr>
          </gpxtpx:TrackPointExtension>
        </extensions>
      </trkpt>
      <trkpt lat="30.480341238258546" lon="104.0191989771241">
        <ele>480.4792881393805</ele>
        <time>1970-01-01T00:40:42Z</time>
        <extensions>
          <gpxtpx:TrackPointExtension>
            <gpxtpx:hr>188</gpxtpx:hr>
          </gpxtpx:TrackPointExtension>
        </extensions>
      </trkpt>
      <trkpt lat="30.48031876064739" lon="104.01917432248597">
        <ele>480.4865138763562</ele>
        <time>1970-01-01T00:40:43Z</time>
        <extensions>
          <gpxtpx:TrackPointExtension>
            <gpxtpx:hr>188</gpxtpx:hr>
          </gpxtpx:TrackPointExtension>
        </extensions>
      </trkpt>
      <trkpt lat="30.480296945545454" lon="104.01915010778792">
        <ele>480.49289081897587</ele>
        <time>1970-01-01T00:40:44Z</time>
        <extensions>
          <gpxtpx:TrackPointExtension>
            <gpxtpx:hr>188</gpxtpx:hr>
          </gpxtpx:TrackPointExtension>
        </extensions>
      </trkpt>
      <trkpt lat="30.480275110749147" lon="104.01912478578306">
        <ele>480.4979107314721</ele>
        <time>1970-01-01T00:40:45Z</time>
        <extensions>
          <gpxtpx:TrackPointExtension>
            <gpxtpx:hr>188</gpxtpx:hr>
          </gpxtpx:TrackPointExtension>
        </extensions>
      </trkpt>
      <trkpt lat="30.48025346002303" lon="104.01909863369443">
        <ele>480.5011632191017</ele>
        <time>1970-01-01T00:40:46Z</time>
        <extensions>
          <gpxtpx:TrackPointExtension>
            <gpxtpx:hr>188</gpxtpx:hr>
          </gpxtpx:TrackPointExtension>
        </extensions>
      </trkpt>
      <trkpt lat="30.480232290476224" lon="104.01907279687299">
        <ele>480.5025260820985</ele>
        <time>1970-01-01T00:40:47Z</time>
        <extensions>
          <gpxtpx:TrackPointExtension>
            <gpxtpx:hr>188</gpxtpx:hr>
          </gpxtpx:TrackPointExtension>
        </extensions>
      </trkpt>
      <trkpt lat="30.48021151866845" lon="104.01904821828639">
        <ele>480.5023067072034</ele>
        <time>1970-01-01T00:40:48Z</time>
        <extensions>
          <gpxtpx:TrackPointExtension>
            <gpxtpx:hr>187</gpxtpx:hr>
          </gpxtpx:TrackPointExtension>
        </extensions>
      </trkpt>
      <trkpt lat="30.48018964002764" lon="104.01902437783528">
        <ele>480.50123932026327</ele>
        <time>1970-01-01T00:40:49Z</time>
        <extensions>
          <gpxtpx:TrackPointExtension>
            <gpxtpx:hr>187</gpxtpx:hr>
          </gpxtpx:TrackPointExtension>
        </extensions>
      </trkpt>
      <trkpt lat="30.480166284459244" lon="104.01900093339295">
        <ele>480.5001316992566</ele>
        <time>1970-01-01T00:40:50Z</time>
        <extensions>
          <gpxtpx:TrackPointExtension>
            <gpxtpx:hr>187</gpxtpx:hr>
          </gpxtpx:TrackPointExtension>
        </extensions>
      </trkpt>
      <trkpt lat="30.480141895564742" lon="104.01897752220388">
        <ele>480.49970404803753</ele>
        <time>1970-01-01T00:40:51Z</time>
        <extensions>
          <gpxtpx:TrackPointExtension>
            <gpxtpx:hr>187</gpxtpx:hr>
          </gpxtpx:TrackPointExtension>
        </extensions>
      </trkpt>
      <trkpt lat="30.48011664926255" lon="104.01895360430728">
        <ele>480.50043359864503</ele>
        <time>1970-01-01T00:40:52Z</time>
        <extensions>
          <gpxtpx:TrackPointExtension>
            <gpxtpx:hr>187</gpxtpx:hr>
          </gpxtpx:TrackPointExtension>
        </extensions>
      </trkpt>
      <trkpt lat="30.480091820370742" lon="104.01892899260514">
        <ele>480.5024548973888</ele>
        <time>1970-01-01T00:40:53Z</time>
        <extensions>
          <gpxtpx:TrackPointExtension>
            <gpxtpx:hr>187</gpxtpx:hr>
          </gpxtpx:TrackPointExtension>
        </extensions>
      </trkpt>
      <trkpt lat="30.48006780732275" lon="104.01890354004325">
        <ele>480.50554219726473</ele>
        <time>1970-01-01T00:40:54Z</time>
        <extensions>
          <gpxtpx:TrackPointExtension>
            <gpxtpx:hr>186</gpxtpx:hr>
          </gpxtpx:TrackPointExtension>
        </extensions>
      </trkpt>
      <trkpt lat="30.480045119566554" lon="104.01887763115477">
        <ele>480.50918603129685</ele>
        <time>1970-01-01T00:40:55Z</time>
        <extensions>
          <gpxtpx:TrackPointExtension>
            <gpxtpx:hr>186</gpxtpx:hr>
          </gpxtpx:TrackPointExtension>
        </extensions>
      </trkpt>
      <trkpt lat="30.480023297819137" lon="104.01885137695359">
        <ele>480.51276469323784</ele>
        <time>1970-01-01T00:40:56Z</time>
        <extensions>
          <gpxtpx:TrackPointExtension>
            <gpxtpx:hr>186</gpxtpx:hr>
          </gpxtpx:TrackPointExtension>
        </extensions>
      </trkpt>
      <trkpt lat="30.480001301790736" lon="104.01882495100546">
        <ele>480.5156883401796</ele>
        <time>1970-01-01T00:40:57Z</time>
        <extensions>
          <gpxtpx:TrackPointExtension>
            <gpxtpx:hr>187</gpxtpx:hr>
          </gpxtpx:TrackPointExtension>
        </extensions>
      </trkpt>
      <trkpt lat="30.47997964176963" lon="104.01879826761036">
        <ele>480.51753137726337</ele>
        <time>1970-01-01T00:40:58Z</time>
        <extensions>
          <gpxtpx:TrackPointExtension>
            <gpxtpx:hr>187</gpxtpx:hr>
          </gpxtpx:TrackPointExtension>
        </extensions>
      </trkpt>
      <trkpt lat="30.479958594561538" lon="104.01877059074195">
        <ele>480.51805409789085</ele>
        <time>1970-01-01T00:40:59Z</time>
        <extensions>
          <gpxtpx:TrackPointExtension>
            <gpxtpx:hr>187</gpxtpx:hr>
          </gpxtpx:TrackPointExtension>
        </extensions>
      </trkpt>
      <trkpt lat="30.479938861716345" lon="104.01874140993729">
        <ele>480.51755937188864</ele>
        <time>1970-01-01T00:41:00Z</time>
        <extensions>
          <gpxtpx:TrackPointExtension>
            <gpxtpx:hr>187</gpxtpx:hr>
          </gpxtpx:TrackPointExtension>
        </extensions>
      </trkpt>
      <trkpt lat="30.479920152269294" lon="104.01871025361142">
        <ele>480.5165107352659</ele>
        <time>1970-01-01T00:41:01Z</time>
        <extensions>
          <gpxtpx:TrackPointExtension>
            <gpxtpx:hr>187</gpxtpx:hr>
          </gpxtpx:TrackPointExtension>
        </extensions>
      </trkpt>
      <trkpt lat="30.479902143401784" lon="104.01867776729674">
        <ele>480.5153550999239</ele>
        <time>1970-01-01T00:41:02Z</time>
        <extensions>
          <gpxtpx:TrackPointExtension>
            <gpxtpx:hr>187</gpxtpx:hr>
          </gpxtpx:TrackPointExtension>
        </extensions>
      </trkpt>
      <trkpt lat="30.479885000396752" lon="104.01864511207302">
        <ele>480.5144863827154</ele>
        <time>1970-01-01T00:41:03Z</time>
        <extensions>
          <gpxtpx:TrackPointExtension>
            <gpxtpx:hr>187</gpxtpx:hr>
          </gpxtpx:TrackPointExtension>
        </extensions>
      </trkpt>
      <trkpt lat="30.479867964737387" lon="104.01861287536957">
        <ele>480.51437016204</ele>
        <time>1970-01-01T00:41:04Z</time>
        <extensions>
          <gpxtpx:TrackPointExtension>
            <gpxtpx:hr>187</gpxtpx:hr>
          </gpxtpx:TrackPointExtension>
        </extensions>
      </trkpt>
      <trkpt lat="30.479850436124988" lon="104.01858169559608">
        <ele>480.51527487207204</ele>
        <time>1970-01-01T00:41:05Z</time>
        <extensions>
          <gpxtpx:TrackPointExtension>
            <gpxtpx:hr>187</gpxtpx:hr>
          </gpxtpx:TrackPointExtension>
        </extensions>
      </trkpt>
      <trkpt lat="30.479831892008242" lon="104.01855101194184">
        <ele>480.51742783375084</ele>
        <time>1970-01-01T00:41:06Z</time>
        <extensions>
          <gpxtpx:TrackPointExtension>
            <gpxtpx:hr>187</gpxtpx:hr>
          </gpxtpx:TrackPointExtension>
        </extensions>
      </trkpt>
      <trkpt lat="30.47981312980258" lon="104.01852058081862">
        <ele>480.5210427902639</ele>
        <time>1970-01-01T00:41:07Z</time>
        <extensions>
          <gpxtpx:TrackPointExtension>
            <gpxtpx:hr>187</gpxtpx:hr>
          </gpxtpx:TrackPointExtension>
        </extensions>
      </trkpt>
      <trkpt lat="30.47979456306854" lon="104.01848970531655">
        <ele>480.5263236621395</ele>
        <time>1970-01-01T00:41:08Z</time>
        <extensions>
          <gpxtpx:TrackPointExtension>
            <gpxtpx:hr>187</gpxtpx:hr>
          </gpxtpx:TrackPointExtension>
        </extensions>
      </trkpt>
      <trkpt lat="30.479776962299148" lon="104.01845819588584">
        <ele>480.5332397017628</ele>
        <time>1970-01-01T00:41:09Z</time>
        <extensions>
          <gpxtpx:TrackPointExtension>
            <gpxtpx:hr>187</gpxtpx:hr>
          </gpxtpx:TrackPointExtension>
        </extensions>
      </trkpt>
      <trkpt lat="30.479761142033194" lon="104.01842642276384">
        <ele>480.54141458217055</ele>
        <time>1970-01-01T00:41:10Z</time>
        <extensions>
          <gpxtpx:TrackPointExtension>
            <gpxtpx:hr>187</gpxtpx:hr>
          </gpxtpx:TrackPointExtension>
        </extensions>
      </trkpt>
      <trkpt lat="30.47974710311415" lon="104.01839357783007">
        <ele>480.55022137705237</ele>
        <time>1970-01-01T00:41:11Z</time>
        <extensions>
          <gpxtpx:TrackPointExtension>
            <gpxtpx:hr>187</gpxtpx:hr>
          </gpxtpx:TrackPointExtension>
        </extensions>
      </trkpt>
      <trkpt lat="30.47973443500442" lon="104.0183595724728">
        <ele>480.5589668788016</ele>
        <time>1970-01-01T00:41:12Z</time>
        <extensions>
          <gpxtpx:TrackPointExtension>
            <gpxtpx:hr>187</gpxtpx:hr>
          </gpxtpx:TrackPointExtension>
        </extensions>
      </trkpt>
      <trkpt lat="30.4797221742678" lon="104.0183246397556">
        <ele>480.56698524206877</ele>
        <time>1970-01-01T00:41:13Z</time>
        <extensions>
          <gpxtpx:TrackPointExtension>
            <gpxtpx:hr>188</gpxtpx:hr>
          </gpxtpx:TrackPointExtension>
        </extensions>
      </trkpt>
      <trkpt lat="30.479709826618507" lon="104.01829006634645">
        <ele>480.5738863591105</ele>
        <time>1970-01-01T00:41:14Z</time>
        <extensions>
          <gpxtpx:TrackPointExtension>
            <gpxtpx:hr>188</gpxtpx:hr>
          </gpxtpx:TrackPointExtension>
        </extensions>
      </trkpt>
      <trkpt lat="30.479695924987652" lon="104.01825640835345">
        <ele>480.5795723469928</ele>
        <time>1970-01-01T00:41:15Z</time>
        <extensions>
          <gpxtpx:TrackPointExtension>
            <gpxtpx:hr>188</gpxtpx:hr>
          </gpxtpx:TrackPointExtension>
        </extensions>
      </trkpt>
      <trkpt lat="30.47968067751857" lon="104.01822350995435">
        <ele>480.584122736007</ele>
        <time>1970-01-01T00:41:16Z</time>
        <extensions>
          <gpxtpx:TrackPointExtension>
            <gpxtpx:hr>188</gpxtpx:hr>
          </gpxtpx:TrackPointExtension>
        </extensions>
      </trkpt>
      <trkpt lat="30.479665817414407" lon="104.01819093972043">
        <ele>480.5876127956435</ele>
        <time>1970-01-01T00:41:17Z</time>
        <extensions>
          <gpxtpx:TrackPointExtension>
            <gpxtpx:hr>188</gpxtpx:hr>
          </gpxtpx:TrackPointExtension>
        </extensions>
      </trkpt>
      <trkpt lat="30.479652136709095" lon="104.01815802647083">
        <ele>480.5901264771819</ele>
        <time>1970-01-01T00:41:18Z</time>
        <extensions>
          <gpxtpx:TrackPointExtension>
            <gpxtpx:hr>187</gpxtpx:hr>
          </gpxtpx:TrackPointExtension>
        </extensions>
      </trkpt>
      <trkpt lat="30.47963998924747" lon="104.01812476943297">
        <ele>480.59163301158696</ele>
        <time>1970-01-01T00:41:19Z</time>
        <extensions>
          <gpxtpx:TrackPointExtension>
            <gpxtpx:hr>187</gpxtpx:hr>
          </gpxtpx:TrackPointExtension>
        </extensions>
      </trkpt>
      <trkpt lat="30.479628648725196" lon="104.0180902413688">
        <ele>480.592052587308</ele>
        <time>1970-01-01T00:41:20Z</time>
        <extensions>
          <gpxtpx:TrackPointExtension>
            <gpxtpx:hr>187</gpxtpx:hr>
          </gpxtpx:TrackPointExtension>
        </extensions>
      </trkpt>
      <trkpt lat="30.47961816354533" lon="104.01805456953049">
        <ele>480.5913394195959</ele>
        <time>1970-01-01T00:41:21Z</time>
        <extensions>
          <gpxtpx:TrackPointExtension>
            <gpxtpx:hr>187</gpxtpx:hr>
          </gpxtpx:TrackPointExtension>
        </extensions>
      </trkpt>
      <trkpt lat="30.479609116219393" lon="104.01801820384293">
        <ele>480.589482977055</ele>
        <time>1970-01-01T00:41:22Z</time>
        <extensions>
          <gpxtpx:TrackPointExtension>
            <gpxtpx:hr>187</gpxtpx:hr>
          </gpxtpx:TrackPointExtension>
        </extensions>
      </trkpt>
      <trkpt lat="30.479601501427965" lon="104.01798124578961">
        <ele>480.5865590246394</ele>
        <time>1970-01-01T00:41:23Z</time>
        <extensions>
          <gpxtpx:TrackPointExtension>
            <gpxtpx:hr>186</gpxtpx:hr>
          </gpxtpx:TrackPointExtension>
        </extensions>
      </trkpt>
      <trkpt lat="30.479595234804584" lon="104.01794453432612">
        <ele>480.5827924152836</ele>
        <time>1970-01-01T00:41:24Z</time>
        <extensions>
          <gpxtpx:TrackPointExtension>
            <gpxtpx:hr>186</gpxtpx:hr>
          </gpxtpx:TrackPointExtension>
        </extensions>
      </trkpt>
      <trkpt lat="30.479590141209513" lon="104.01790802907497">
        <ele>480.5785792991519</ele>
        <time>1970-01-01T00:41:25Z</time>
        <extensions>
          <gpxtpx:TrackPointExtension>
            <gpxtpx:hr>186</gpxtpx:hr>
          </gpxtpx:TrackPointExtension>
        </extensions>
      </trkpt>
      <trkpt lat="30.479586486839395" lon="104.01787185736345">
        <ele>480.5743728224188</ele>
        <time>1970-01-01T00:41:26Z</time>
        <extensions>
          <gpxtpx:TrackPointExtension>
            <gpxtpx:hr>186</gpxtpx:hr>
          </gpxtpx:TrackPointExtension>
        </extensions>
      </trkpt>
      <trkpt lat="30.479583716090456" lon="104.01783527213512">
        <ele>480.5705961091444</ele>
        <time>1970-01-01T00:41:27Z</time>
        <extensions>
          <gpxtpx:TrackPointExtension>
            <gpxtpx:hr>186</gpxtpx:hr>
          </gpxtpx:TrackPointExtension>
        </extensions>
      </trkpt>
      <trkpt lat="30.479581428695592" lon="104.01779795904065">
        <ele>480.56756034493446</ele>
        <time>1970-01-01T00:41:28Z</time>
        <extensions>
          <gpxtpx:TrackPointExtension>
            <gpxtpx:hr>187</gpxtpx:hr>
          </gpxtpx:TrackPointExtension>
        </extensions>
      </trkpt>
      <trkpt lat="30.479579402623298" lon="104.01776059452516">
        <ele>480.56541768927127</ele>
        <time>1970-01-01T00:41:29Z</time>
        <extensions>
          <gpxtpx:TrackPointExtension>
            <gpxtpx:hr>187</gpxtpx:hr>
          </gpxtpx:TrackPointExtension>
        </extensions>
      </trkpt>
      <trkpt lat="30.479577163035515" lon="104.0177228498141">
        <ele>480.56416158378124</ele>
        <time>1970-01-01T00:41:30Z</time>
        <extensions>
          <gpxtpx:TrackPointExtension>
            <gpxtpx:hr>187</gpxtpx:hr>
          </gpxtpx:TrackPointExtension>
        </extensions>
      </trkpt>
      <trkpt lat="30.479575361342356" lon="104.01768571146744">
        <ele>480.5635614152998</ele>
        <time>1970-01-01T00:41:31Z</time>
        <extensions>
          <gpxtpx:TrackPointExtension>
            <gpxtpx:hr>187</gpxtpx:hr>
          </gpxtpx:TrackPointExtension>
        </extensions>
      </trkpt>
      <trkpt lat="30.479574517576413" lon="104.0176487817879">
        <ele>480.5632464084774</ele>
        <time>1970-01-01T00:41:32Z</time>
        <extensions>
          <gpxtpx:TrackPointExtension>
            <gpxtpx:hr>187</gpxtpx:hr>
          </gpxtpx:TrackPointExtension>
        </extensions>
      </trkpt>
      <trkpt lat="30.479574913038213" lon="104.01761189682666">
        <ele>480.5629062121734</ele>
        <time>1970-01-01T00:41:33Z</time>
        <extensions>
          <gpxtpx:TrackPointExtension>
            <gpxtpx:hr>187</gpxtpx:hr>
          </gpxtpx:TrackPointExtension>
        </extensions>
      </trkpt>
      <trkpt lat="30.479577032553742" lon="104.01757523548527">
        <ele>480.562368972227</ele>
        <time>1970-01-01T00:41:34Z</time>
        <extensions>
          <gpxtpx:TrackPointExtension>
            <gpxtpx:hr>187</gpxtpx:hr>
          </gpxtpx:TrackPointExtension>
        </extensions>
      </trkpt>
      <trkpt lat="30.479581271337384" lon="104.01753775689328">
        <ele>480.5616055475548</ele>
        <time>1970-01-01T00:41:35Z</time>
        <extensions>
          <gpxtpx:TrackPointExtension>
            <gpxtpx:hr>187</gpxtpx:hr>
          </gpxtpx:TrackPointExtension>
        </extensions>
      </trkpt>
      <trkpt lat="30.479587371526378" lon="104.01749982705141">
        <ele>480.56064080633223</ele>
        <time>1970-01-01T00:41:36Z</time>
        <extensions>
          <gpxtpx:TrackPointExtension>
            <gpxtpx:hr>187</gpxtpx:hr>
          </gpxtpx:TrackPointExtension>
        </extensions>
      </trkpt>
      <trkpt lat="30.479594568974328" lon="104.01746141367066">
        <ele>480.55958753824234</ele>
        <time>1970-01-01T00:41:37Z</time>
        <extensions>
          <gpxtpx:TrackPointExtension>
            <gpxtpx:hr>187</gpxtpx:hr>
          </gpxtpx:TrackPointExtension>
        </extensions>
      </trkpt>
      <trkpt lat="30.479602677306506" lon="104.01742335983731">
        <ele>480.55859797634184</ele>
        <time>1970-01-01T00:41:38Z</time>
        <extensions>
          <gpxtpx:TrackPointExtension>
            <gpxtpx:hr>187</gpxtpx:hr>
          </gpxtpx:TrackPointExtension>
        </extensions>
      </trkpt>
      <trkpt lat="30.479611585943555" lon="104.01738584500792">
        <ele>480.5578540880233</ele>
        <time>1970-01-01T00:41:39Z</time>
        <extensions>
          <gpxtpx:TrackPointExtension>
            <gpxtpx:hr>187</gpxtpx:hr>
          </gpxtpx:TrackPointExtension>
        </extensions>
      </trkpt>
      <trkpt lat="30.479620424323013" lon="104.01734858704181">
        <ele>480.557659429498</ele>
        <time>1970-01-01T00:41:40Z</time>
        <extensions>
          <gpxtpx:TrackPointExtension>
            <gpxtpx:hr>187</gpxtpx:hr>
          </gpxtpx:TrackPointExtension>
        </extensions>
      </trkpt>
      <trkpt lat="30.479628841865313" lon="104.01731206761052">
        <ele>480.55820274632424</ele>
        <time>1970-01-01T00:41:41Z</time>
        <extensions>
          <gpxtpx:TrackPointExtension>
            <gpxtpx:hr>187</gpxtpx:hr>
          </gpxtpx:TrackPointExtension>
        </extensions>
      </trkpt>
      <trkpt lat="30.47963783949194" lon="104.0172762768722">
        <ele>480.55952604301274</ele>
        <time>1970-01-01T00:41:42Z</time>
        <extensions>
          <gpxtpx:TrackPointExtension>
            <gpxtpx:hr>187</gpxtpx:hr>
          </gpxtpx:TrackPointExtension>
        </extensions>
      </trkpt>
      <trkpt lat="30.479648241106887" lon="104.01724212434087">
        <ele>480.5614441819489</ele>
        <time>1970-01-01T00:41:43Z</time>
        <extensions>
          <gpxtpx:TrackPointExtension>
            <gpxtpx:hr>187</gpxtpx:hr>
          </gpxtpx:TrackPointExtension>
        </extensions>
      </trkpt>
      <trkpt lat="30.4796601848416" lon="104.01720926593731">
        <ele>480.563684489578</ele>
        <time>1970-01-01T00:41:44Z</time>
        <extensions>
          <gpxtpx:TrackPointExtension>
            <gpxtpx:hr>187</gpxtpx:hr>
          </gpxtpx:TrackPointExtension>
        </extensions>
      </trkpt>
      <trkpt lat="30.479673656709373" lon="104.0171765028066">
        <ele>480.565865711309</ele>
        <time>1970-01-01T00:41:45Z</time>
        <extensions>
          <gpxtpx:TrackPointExtension>
            <gpxtpx:hr>188</gpxtpx:hr>
          </gpxtpx:TrackPointExtension>
        </extensions>
      </trkpt>
      <trkpt lat="30.479688195316033" lon="104.01714385134602">
        <ele>480.5676706749946</ele>
        <time>1970-01-01T00:41:46Z</time>
        <extensions>
          <gpxtpx:TrackPointExtension>
            <gpxtpx:hr>188</gpxtpx:hr>
          </gpxtpx:TrackPointExtension>
        </extensions>
      </trkpt>
      <trkpt lat="30.479702854254768" lon="104.01711117873656">
        <ele>480.56890016328543</ele>
        <time>1970-01-01T00:41:47Z</time>
        <extensions>
          <gpxtpx:TrackPointExtension>
            <gpxtpx:hr>188</gpxtpx:hr>
          </gpxtpx:TrackPointExtension>
        </extensions>
      </trkpt>
      <trkpt lat="30.47971699929054" lon="104.01707875067567">
        <ele>480.56953690573573</ele>
        <time>1970-01-01T00:41:48Z</time>
        <extensions>
          <gpxtpx:TrackPointExtension>
            <gpxtpx:hr>188</gpxtpx:hr>
          </gpxtpx:TrackPointExtension>
        </extensions>
      </trkpt>
      <trkpt lat="30.479731121057394" lon="104.01704654444252">
        <ele>480.56942337565124</ele>
        <time>1970-01-01T00:41:49Z</time>
        <extensions>
          <gpxtpx:TrackPointExtension>
            <gpxtpx:hr>188</gpxtpx:hr>
          </gpxtpx:TrackPointExtension>
        </extensions>
      </trkpt>
      <trkpt lat="30.479745800002757" lon="104.01701429432691">
        <ele>480.5684729684144</ele>
        <time>1970-01-01T00:41:50Z</time>
        <extensions>
          <gpxtpx:TrackPointExtension>
            <gpxtpx:hr>188</gpxtpx:hr>
          </gpxtpx:TrackPointExtension>
        </extensions>
      </trkpt>
      <trkpt lat="30.479760931990185" lon="104.01698198165812">
        <ele>480.56692524347454</ele>
        <time>1970-01-01T00:41:51Z</time>
        <extensions>
          <gpxtpx:TrackPointExtension>
            <gpxtpx:hr>188</gpxtpx:hr>
          </gpxtpx:TrackPointExtension>
        </extensions>
      </trkpt>
      <trkpt lat="30.479776406226463" lon="104.016948849141">
        <ele>480.5652338452637</ele>
        <time>1970-01-01T00:41:52Z</time>
        <extensions>
          <gpxtpx:TrackPointExtension>
            <gpxtpx:hr>188</gpxtpx:hr>
          </gpxtpx:TrackPointExtension>
        </extensions>
      </trkpt>
      <trkpt lat="30.47979163866687" lon="104.01691545609508">
        <ele>480.5636756280437</ele>
        <time>1970-01-01T00:41:53Z</time>
        <extensions>
          <gpxtpx:TrackPointExtension>
            <gpxtpx:hr>188</gpxtpx:hr>
          </gpxtpx:TrackPointExtension>
        </extensions>
      </trkpt>
      <trkpt lat="30.479806764332224" lon="104.01688191911322">
        <ele>480.5624330462888</ele>
        <time>1970-01-01T00:41:54Z</time>
        <extensions>
          <gpxtpx:TrackPointExtension>
            <gpxtpx:hr>188</gpxtpx:hr>
          </gpxtpx:TrackPointExtension>
        </extensions>
      </trkpt>
      <trkpt lat="30.479822314721144" lon="104.01684826932429">
        <ele>480.56161927897483</ele>
        <time>1970-01-01T00:41:55Z</time>
        <extensions>
          <gpxtpx:TrackPointExtension>
            <gpxtpx:hr>188</gpxtpx:hr>
          </gpxtpx:TrackPointExtension>
        </extensions>
      </trkpt>
      <trkpt lat="30.479838248676195" lon="104.01681577422502">
        <ele>480.56124678626657</ele>
        <time>1970-01-01T00:41:56Z</time>
        <extensions>
          <gpxtpx:TrackPointExtension>
            <gpxtpx:hr>188</gpxtpx:hr>
          </gpxtpx:TrackPointExtension>
        </extensions>
      </trkpt>
      <trkpt lat="30.479854996370435" lon="104.0167846635391">
        <ele>480.5612221118063</ele>
        <time>1970-01-01T00:41:57Z</time>
        <extensions>
          <gpxtpx:TrackPointExtension>
            <gpxtpx:hr>188</gpxtpx:hr>
          </gpxtpx:TrackPointExtension>
        </extensions>
      </trkpt>
      <trkpt lat="30.47987288257212" lon="104.01675496765863">
        <ele>480.56156379915774</ele>
        <time>1970-01-01T00:41:58Z</time>
        <extensions>
          <gpxtpx:TrackPointExtension>
            <gpxtpx:hr>188</gpxtpx:hr>
          </gpxtpx:TrackPointExtension>
        </extensions>
      </trkpt>
      <trkpt lat="30.479892515645144" lon="104.01672587729804">
        <ele>480.5628935666755</ele>
        <time>1970-01-01T00:41:59Z</time>
        <extensions>
          <gpxtpx:TrackPointExtension>
            <gpxtpx:hr>188</gpxtpx:hr>
          </gpxtpx:TrackPointExtension>
        </extensions>
      </trkpt>
      <trkpt lat="30.479913966748065" lon="104.01669790769792">
        <ele>480.5659045651555</ele>
        <time>1970-01-01T00:42:00Z</time>
        <extensions>
          <gpxtpx:TrackPointExtension>
            <gpxtpx:hr>188</gpxtpx:hr>
          </gpxtpx:TrackPointExtension>
        </extensions>
      </trkpt>
      <trkpt lat="30.47993701245735" lon="104.01667203679219">
        <ele>480.5709611456841</ele>
        <time>1970-01-01T00:42:01Z</time>
        <extensions>
          <gpxtpx:TrackPointExtension>
            <gpxtpx:hr>188</gpxtpx:hr>
          </gpxtpx:TrackPointExtension>
        </extensions>
      </trkpt>
      <trkpt lat="30.479961576218493" lon="104.01664758567806">
        <ele>480.5778964953497</ele>
        <time>1970-01-01T00:42:02Z</time>
        <extensions>
          <gpxtpx:TrackPointExtension>
            <gpxtpx:hr>188</gpxtpx:hr>
          </gpxtpx:TrackPointExtension>
        </extensions>
      </trkpt>
      <trkpt lat="30.479986995726872" lon="104.01662436256738">
        <ele>480.5862658303231</ele>
        <time>1970-01-01T00:42:03Z</time>
        <extensions>
          <gpxtpx:TrackPointExtension>
            <gpxtpx:hr>188</gpxtpx:hr>
          </gpxtpx:TrackPointExtension>
        </extensions>
      </trkpt>
      <trkpt lat="30.48001295163038" lon="104.01660167800661">
        <ele>480.5954656349495</ele>
        <time>1970-01-01T00:42:04Z</time>
        <extensions>
          <gpxtpx:TrackPointExtension>
            <gpxtpx:hr>188</gpxtpx:hr>
          </gpxtpx:TrackPointExtension>
        </extensions>
      </trkpt>
      <trkpt lat="30.480039142371957" lon="104.01657926782148">
        <ele>480.6049969121814</ele>
        <time>1970-01-01T00:42:05Z</time>
        <extensions>
          <gpxtpx:TrackPointExtension>
            <gpxtpx:hr>188</gpxtpx:hr>
          </gpxtpx:TrackPointExtension>
        </extensions>
      </trkpt>
      <trkpt lat="30.48006543413133" lon="104.01655763907631">
        <ele>480.614668186754</ele>
        <time>1970-01-01T00:42:06Z</time>
        <extensions>
          <gpxtpx:TrackPointExtension>
            <gpxtpx:hr>188</gpxtpx:hr>
          </gpxtpx:TrackPointExtension>
        </extensions>
      </trkpt>
      <trkpt lat="30.480091589526797" lon="104.01653704647174">
        <ele>480.62479288876057</ele>
        <time>1970-01-01T00:42:07Z</time>
        <extensions>
          <gpxtpx:TrackPointExtension>
            <gpxtpx:hr>188</gpxtpx:hr>
          </gpxtpx:TrackPointExtension>
        </extensions>
      </trkpt>
      <trkpt lat="30.480117480392888" lon="104.01651709328102">
        <ele>480.6355905700475</ele>
        <time>1970-01-01T00:42:08Z</time>
        <extensions>
          <gpxtpx:TrackPointExtension>
            <gpxtpx:hr>188</gpxtpx:hr>
          </gpxtpx:TrackPointExtension>
        </extensions>
      </trkpt>
      <trkpt lat="30.480143684667016" lon="104.0164970847408">
        <ele>480.64712159335613</ele>
        <time>1970-01-01T00:42:09Z</time>
        <extensions>
          <gpxtpx:TrackPointExtension>
            <gpxtpx:hr>188</gpxtpx:hr>
          </gpxtpx:TrackPointExtension>
        </extensions>
      </trkpt>
      <trkpt lat="30.480169574305556" lon="104.01647759326941">
        <ele>480.6593756163493</ele>
        <time>1970-01-01T00:42:10Z</time>
        <extensions>
          <gpxtpx:TrackPointExtension>
            <gpxtpx:hr>188</gpxtpx:hr>
          </gpxtpx:TrackPointExtension>
        </extensions>
      </trkpt>
      <trkpt lat="30.48019537525544" lon="104.0164578564265">
        <ele>480.67244656104594</ele>
        <time>1970-01-01T00:42:11Z</time>
        <extensions>
          <gpxtpx:TrackPointExtension>
            <gpxtpx:hr>188</gpxtpx:hr>
          </gpxtpx:TrackPointExtension>
        </extensions>
      </trkpt>
      <trkpt lat="30.48022243215587" lon="104.01643764484547">
        <ele>480.68658111058176</ele>
        <time>1970-01-01T00:42:12Z</time>
        <extensions>
          <gpxtpx:TrackPointExtension>
            <gpxtpx:hr>188</gpxtpx:hr>
          </gpxtpx:TrackPointExtension>
        </extensions>
      </trkpt>
      <trkpt lat="30.480250871243996" lon="104.01641895002778">
        <ele>480.70231547765434</ele>
        <time>1970-01-01T00:42:13Z</time>
        <extensions>
          <gpxtpx:TrackPointExtension>
            <gpxtpx:hr>187</gpxtpx:hr>
          </gpxtpx:TrackPointExtension>
        </extensions>
      </trkpt>
      <trkpt lat="30.48027962408757" lon="104.01640256588158">
        <ele>480.7203694684431</ele>
        <time>1970-01-01T00:42:14Z</time>
        <extensions>
          <gpxtpx:TrackPointExtension>
            <gpxtpx:hr>187</gpxtpx:hr>
          </gpxtpx:TrackPointExtension>
        </extensions>
      </trkpt>
      <trkpt lat="30.480308127482466" lon="104.0163880587605">
        <ele>480.7414625296369</ele>
        <time>1970-01-01T00:42:15Z</time>
        <extensions>
          <gpxtpx:TrackPointExtension>
            <gpxtpx:hr>187</gpxtpx:hr>
          </gpxtpx:TrackPointExtension>
        </extensions>
      </trkpt>
      <trkpt lat="30.480337484224567" lon="104.0163743311076">
        <ele>480.7663660692051</ele>
        <time>1970-01-01T00:42:16Z</time>
        <extensions>
          <gpxtpx:TrackPointExtension>
            <gpxtpx:hr>187</gpxtpx:hr>
          </gpxtpx:TrackPointExtension>
        </extensions>
      </trkpt>
      <trkpt lat="30.48036798955085" lon="104.01636147327778">
        <ele>480.79508624225855</ele>
        <time>1970-01-01T00:42:17Z</time>
        <extensions>
          <gpxtpx:TrackPointExtension>
            <gpxtpx:hr>187</gpxtpx:hr>
          </gpxtpx:TrackPointExtension>
        </extensions>
      </trkpt>
      <trkpt lat="30.48039919024402" lon="104.01634958505716">
        <ele>480.82720156013966</ele>
        <time>1970-01-01T00:42:18Z</time>
        <extensions>
          <gpxtpx:TrackPointExtension>
            <gpxtpx:hr>188</gpxtpx:hr>
          </gpxtpx:TrackPointExtension>
        </extensions>
      </trkpt>
      <trkpt lat="30.48043005001794" lon="104.01633881585124">
        <ele>480.86179423332214</ele>
        <time>1970-01-01T00:42:19Z</time>
        <extensions>
          <gpxtpx:TrackPointExtension>
            <gpxtpx:hr>188</gpxtpx:hr>
          </gpxtpx:TrackPointExtension>
        </extensions>
      </trkpt>
      <trkpt lat="30.480459746260216" lon="104.01632959427177">
        <ele>480.8971093893051</ele>
        <time>1970-01-01T00:42:20Z</time>
        <extensions>
          <gpxtpx:TrackPointExtension>
            <gpxtpx:hr>188</gpxtpx:hr>
          </gpxtpx:TrackPointExtension>
        </extensions>
      </trkpt>
      <trkpt lat="30.480488990545975" lon="104.01632131723942">
        <ele>480.9309985525906</ele>
        <time>1970-01-01T00:42:21Z</time>
        <extensions>
          <gpxtpx:TrackPointExtension>
            <gpxtpx:hr>189</gpxtpx:hr>
          </gpxtpx:TrackPointExtension>
        </extensions>
      </trkpt>
      <trkpt lat="30.480518751166365" lon="104.01631385004208">
        <ele>480.9614697061479</ele>
        <time>1970-01-01T00:42:22Z</time>
        <extensions>
          <gpxtpx:TrackPointExtension>
            <gpxtpx:hr>189</gpxtpx:hr>
          </gpxtpx:TrackPointExtension>
        </extensions>
      </trkpt>
      <trkpt lat="30.480549523189065" lon="104.01630727180178">
        <ele>480.98665451072156</ele>
        <time>1970-01-01T00:42:23Z</time>
        <extensions>
          <gpxtpx:TrackPointExtension>
            <gpxtpx:hr>189</gpxtpx:hr>
          </gpxtpx:TrackPointExtension>
        </extensions>
      </trkpt>
      <trkpt lat="30.480580735365656" lon="104.01630131133379">
        <ele>481.00483329594135</ele>
        <time>1970-01-01T00:42:24Z</time>
        <extensions>
          <gpxtpx:TrackPointExtension>
            <gpxtpx:hr>189</gpxtpx:hr>
          </gpxtpx:TrackPointExtension>
        </extensions>
      </trkpt>
      <trkpt lat="30.480611781454407" lon="104.01629542127871">
        <ele>481.01456810254604</ele>
        <time>1970-01-01T00:42:25Z</time>
        <extensions>
          <gpxtpx:TrackPointExtension>
            <gpxtpx:hr>189</gpxtpx:hr>
          </gpxtpx:TrackPointExtension>
        </extensions>
      </trkpt>
      <trkpt lat="30.480641895441973" lon="104.01628873296067">
        <ele>481.0151573056355</ele>
        <time>1970-01-01T00:42:26Z</time>
        <extensions>
          <gpxtpx:TrackPointExtension>
            <gpxtpx:hr>189</gpxtpx:hr>
          </gpxtpx:TrackPointExtension>
        </extensions>
      </trkpt>
      <trkpt lat="30.48067075532797" lon="104.01627966127558">
        <ele>481.006434016861</ele>
        <time>1970-01-01T00:42:27Z</time>
        <extensions>
          <gpxtpx:TrackPointExtension>
            <gpxtpx:hr>188</gpxtpx:hr>
          </gpxtpx:TrackPointExtension>
        </extensions>
      </trkpt>
      <trkpt lat="30.480698650325806" lon="104.01626658360762">
        <ele>480.9887698702514</ele>
        <time>1970-01-01T00:42:28Z</time>
        <extensions>
          <gpxtpx:TrackPointExtension>
            <gpxtpx:hr>188</gpxtpx:hr>
          </gpxtpx:TrackPointExtension>
        </extensions>
      </trkpt>
      <trkpt lat="30.480724538115723" lon="104.01624928685162">
        <ele>480.96291658561677</ele>
        <time>1970-01-01T00:42:29Z</time>
        <extensions>
          <gpxtpx:TrackPointExtension>
            <gpxtpx:hr>188</gpxtpx:hr>
          </gpxtpx:TrackPointExtension>
        </extensions>
      </trkpt>
      <trkpt lat="30.480747977394394" lon="104.01622829586724">
        <ele>480.9307604441419</ele>
        <time>1970-01-01T00:42:30Z</time>
        <extensions>
          <gpxtpx:TrackPointExtension>
            <gpxtpx:hr>188</gpxtpx:hr>
          </gpxtpx:TrackPointExtension>
        </extensions>
      </trkpt>
      <trkpt lat="30.4807697089121" lon="104.01620469617328">
        <ele>480.893977467902</ele>
        <time>1970-01-01T00:42:31Z</time>
        <extensions>
          <gpxtpx:TrackPointExtension>
            <gpxtpx:hr>188</gpxtpx:hr>
          </gpxtpx:TrackPointExtension>
        </extensions>
      </trkpt>
      <trkpt lat="30.480790849579417" lon="104.01617949705329">
        <ele>480.8538588685915</ele>
        <time>1970-01-01T00:42:32Z</time>
        <extensions>
          <gpxtpx:TrackPointExtension>
            <gpxtpx:hr>188</gpxtpx:hr>
          </gpxtpx:TrackPointExtension>
        </extensions>
      </trkpt>
      <trkpt lat="30.480811037590872" lon="104.01615322075749">
        <ele>480.8114909036085</ele>
        <time>1970-01-01T00:42:33Z</time>
        <extensions>
          <gpxtpx:TrackPointExtension>
            <gpxtpx:hr>188</gpxtpx:hr>
          </gpxtpx:TrackPointExtension>
        </extensions>
      </trkpt>
      <trkpt lat="30.480829164255965" lon="104.01612571191004">
        <ele>480.76773560326546</ele>
        <time>1970-01-01T00:42:34Z</time>
        <extensions>
          <gpxtpx:TrackPointExtension>
            <gpxtpx:hr>188</gpxtpx:hr>
          </gpxtpx:TrackPointExtension>
        </extensions>
      </trkpt>
      <trkpt lat="30.48084455585589" lon="104.01609682053905">
        <ele>480.7235610540956</ele>
        <time>1970-01-01T00:42:35Z</time>
        <extensions>
          <gpxtpx:TrackPointExtension>
            <gpxtpx:hr>188</gpxtpx:hr>
          </gpxtpx:TrackPointExtension>
        </extensions>
      </trkpt>
      <trkpt lat="30.480857454879246" lon="104.01606607188619">
        <ele>480.6803975543007</ele>
        <time>1970-01-01T00:42:36Z</time>
        <extensions>
          <gpxtpx:TrackPointExtension>
            <gpxtpx:hr>188</gpxtpx:hr>
          </gpxtpx:TrackPointExtension>
        </extensions>
      </trkpt>
      <trkpt lat="30.48086842047237" lon="104.0160334562989">
        <ele>480.64036246947944</ele>
        <time>1970-01-01T00:42:37Z</time>
        <extensions>
          <gpxtpx:TrackPointExtension>
            <gpxtpx:hr>188</gpxtpx:hr>
          </gpxtpx:TrackPointExtension>
        </extensions>
      </trkpt>
      <trkpt lat="30.48087706681976" lon="104.01600013306258">
        <ele>480.6060663992539</ele>
        <time>1970-01-01T00:42:38Z</time>
        <extensions>
          <gpxtpx:TrackPointExtension>
            <gpxtpx:hr>188</gpxtpx:hr>
          </gpxtpx:TrackPointExtension>
        </extensions>
      </trkpt>
      <trkpt lat="30.480883181547966" lon="104.01596601596033">
        <ele>480.57979860994965</ele>
        <time>1970-01-01T00:42:39Z</time>
        <extensions>
          <gpxtpx:TrackPointExtension>
            <gpxtpx:hr>188</gpxtpx:hr>
          </gpxtpx:TrackPointExtension>
        </extensions>
      </trkpt>
      <trkpt lat="30.480885751224438" lon="104.01593154699023">
        <ele>480.5630900915712</ele>
        <time>1970-01-01T00:42:40Z</time>
        <extensions>
          <gpxtpx:TrackPointExtension>
            <gpxtpx:hr>188</gpxtpx:hr>
          </gpxtpx:TrackPointExtension>
        </extensions>
      </trkpt>
      <trkpt lat="30.480884078282802" lon="104.01589637846726">
        <ele>480.55657954793423</ele>
        <time>1970-01-01T00:42:41Z</time>
        <extensions>
          <gpxtpx:TrackPointExtension>
            <gpxtpx:hr>188</gpxtpx:hr>
          </gpxtpx:TrackPointExtension>
        </extensions>
      </trkpt>
      <trkpt lat="30.48087881949146" lon="104.01586080524586">
        <ele>480.56010481808335</ele>
        <time>1970-01-01T00:42:42Z</time>
        <extensions>
          <gpxtpx:TrackPointExtension>
            <gpxtpx:hr>188</gpxtpx:hr>
          </gpxtpx:TrackPointExtension>
        </extensions>
      </trkpt>
      <trkpt lat="30.48087080760985" lon="104.01582611563093">
        <ele>480.5724473865703</ele>
        <time>1970-01-01T00:42:43Z</time>
        <extensions>
          <gpxtpx:TrackPointExtension>
            <gpxtpx:hr>188</gpxtpx:hr>
          </gpxtpx:TrackPointExtension>
        </extensions>
      </trkpt>
      <trkpt lat="30.480861010408002" lon="104.01579249760793">
        <ele>480.59214930795133</ele>
        <time>1970-01-01T00:42:44Z</time>
        <extensions>
          <gpxtpx:TrackPointExtension>
            <gpxtpx:hr>190</gpxtpx:hr>
          </gpxtpx:TrackPointExtension>
        </extensions>
      </trkpt>
      <trkpt lat="30.480849207678645" lon="104.01576091328909">
        <ele>480.6175829432905</ele>
        <time>1970-01-01T00:42:45Z</time>
        <extensions>
          <gpxtpx:TrackPointExtension>
            <gpxtpx:hr>190</gpxtpx:hr>
          </gpxtpx:TrackPointExtension>
        </extensions>
      </trkpt>
      <trkpt lat="30.4808341435949" lon="104.01573209481256">
        <ele>480.64705809019506</ele>
        <time>1970-01-01T00:42:46Z</time>
        <extensions>
          <gpxtpx:TrackPointExtension>
            <gpxtpx:hr>190</gpxtpx:hr>
          </gpxtpx:TrackPointExtension>
        </extensions>
      </trkpt>
      <trkpt lat="30.480816008898078" lon="104.01570565854918">
        <ele>480.6788621917367</ele>
        <time>1970-01-01T00:42:47Z</time>
        <extensions>
          <gpxtpx:TrackPointExtension>
            <gpxtpx:hr>190</gpxtpx:hr>
          </gpxtpx:TrackPointExtension>
        </extensions>
      </trkpt>
      <trkpt lat="30.48079547700959" lon="104.01568075234648">
        <ele>480.7113707913086</ele>
        <time>1970-01-01T00:42:48Z</time>
        <extensions>
          <gpxtpx:TrackPointExtension>
            <gpxtpx:hr>190</gpxtpx:hr>
          </gpxtpx:TrackPointExtension>
        </extensions>
      </trkpt>
      <trkpt lat="30.48077291990147" lon="104.01565795997475">
        <ele>480.7429427411407</ele>
        <time>1970-01-01T00:42:49Z</time>
        <extensions>
          <gpxtpx:TrackPointExtension>
            <gpxtpx:hr>190</gpxtpx:hr>
          </gpxtpx:TrackPointExtension>
        </extensions>
      </trkpt>
      <trkpt lat="30.48074833205013" lon="104.01563800664164">
        <ele>480.7718552900478</ele>
        <time>1970-01-01T00:42:50Z</time>
        <extensions>
          <gpxtpx:TrackPointExtension>
            <gpxtpx:hr>190</gpxtpx:hr>
          </gpxtpx:TrackPointExtension>
        </extensions>
      </trkpt>
      <trkpt lat="30.480722298659714" lon="104.01562106248505">
        <ele>480.7964284904301</ele>
        <time>1970-01-01T00:42:51Z</time>
        <extensions>
          <gpxtpx:TrackPointExtension>
            <gpxtpx:hr>190</gpxtpx:hr>
          </gpxtpx:TrackPointExtension>
        </extensions>
      </trkpt>
      <trkpt lat="30.48069526941167" lon="104.01560675352118">
        <ele>480.81551767513156</ele>
        <time>1970-01-01T00:42:52Z</time>
        <extensions>
          <gpxtpx:TrackPointExtension>
            <gpxtpx:hr>190</gpxtpx:hr>
          </gpxtpx:TrackPointExtension>
        </extensions>
      </trkpt>
      <trkpt lat="30.480667004769483" lon="104.01559390456663">
        <ele>480.82847329229116</ele>
        <time>1970-01-01T00:42:53Z</time>
        <extensions>
          <gpxtpx:TrackPointExtension>
            <gpxtpx:hr>189</gpxtpx:hr>
          </gpxtpx:TrackPointExtension>
        </extensions>
      </trkpt>
      <trkpt lat="30.480637361765744" lon="104.01558180709381">
        <ele>480.8351901387796</ele>
        <time>1970-01-01T00:42:54Z</time>
        <extensions>
          <gpxtpx:TrackPointExtension>
            <gpxtpx:hr>189</gpxtpx:hr>
          </gpxtpx:TrackPointExtension>
        </extensions>
      </trkpt>
      <trkpt lat="30.4806065229602" lon="104.01557045742067">
        <ele>480.83600341621786</ele>
        <time>1970-01-01T00:42:55Z</time>
        <extensions>
          <gpxtpx:TrackPointExtension>
            <gpxtpx:hr>189</gpxtpx:hr>
          </gpxtpx:TrackPointExtension>
        </extensions>
      </trkpt>
      <trkpt lat="30.480576041897933" lon="104.01555982201681">
        <ele>480.8315757950768</ele>
        <time>1970-01-01T00:42:56Z</time>
        <extensions>
          <gpxtpx:TrackPointExtension>
            <gpxtpx:hr>189</gpxtpx:hr>
          </gpxtpx:TrackPointExtension>
        </extensions>
      </trkpt>
      <trkpt lat="30.480546422656598" lon="104.01554841406727">
        <ele>480.8224618472159</ele>
        <time>1970-01-01T00:42:57Z</time>
        <extensions>
          <gpxtpx:TrackPointExtension>
            <gpxtpx:hr>189</gpxtpx:hr>
          </gpxtpx:TrackPointExtension>
        </extensions>
      </trkpt>
      <trkpt lat="30.48051702856764" lon="104.01553501748833">
        <ele>480.8091590870172</ele>
        <time>1970-01-01T00:42:58Z</time>
        <extensions>
          <gpxtpx:TrackPointExtension>
            <gpxtpx:hr>189</gpxtpx:hr>
          </gpxtpx:TrackPointExtension>
        </extensions>
      </trkpt>
      <trkpt lat="30.480487819121898" lon="104.01552075992834">
        <ele>480.7921002153307</ele>
        <time>1970-01-01T00:42:59Z</time>
        <extensions>
          <gpxtpx:TrackPointExtension>
            <gpxtpx:hr>189</gpxtpx:hr>
          </gpxtpx:TrackPointExtension>
        </extensions>
      </trkpt>
      <trkpt lat="30.480458693307455" lon="104.01550674009657">
        <ele>480.77178335003555</ele>
        <time>1970-01-01T00:43:00Z</time>
        <extensions>
          <gpxtpx:TrackPointExtension>
            <gpxtpx:hr>189</gpxtpx:hr>
          </gpxtpx:TrackPointExtension>
        </extensions>
      </trkpt>
      <trkpt lat="30.480430200379455" lon="104.01549280947307">
        <ele>480.748925271444</ele>
        <time>1970-01-01T00:43:01Z</time>
        <extensions>
          <gpxtpx:TrackPointExtension>
            <gpxtpx:hr>189</gpxtpx:hr>
          </gpxtpx:TrackPointExtension>
        </extensions>
      </trkpt>
      <trkpt lat="30.48040302045342" lon="104.01547819131183">
        <ele>480.7244214694947</ele>
        <time>1970-01-01T00:43:02Z</time>
        <extensions>
          <gpxtpx:TrackPointExtension>
            <gpxtpx:hr>188</gpxtpx:hr>
          </gpxtpx:TrackPointExtension>
        </extensions>
      </trkpt>
      <trkpt lat="30.480375964415295" lon="104.01546155046131">
        <ele>480.6994124688208</ele>
        <time>1970-01-01T00:43:03Z</time>
        <extensions>
          <gpxtpx:TrackPointExtension>
            <gpxtpx:hr>188</gpxtpx:hr>
          </gpxtpx:TrackPointExtension>
        </extensions>
      </trkpt>
      <trkpt lat="30.480347571821756" lon="104.01544324519006">
        <ele>480.6751319486648</ele>
        <time>1970-01-01T00:43:04Z</time>
        <extensions>
          <gpxtpx:TrackPointExtension>
            <gpxtpx:hr>188</gpxtpx:hr>
          </gpxtpx:TrackPointExtension>
        </extensions>
      </trkpt>
      <trkpt lat="30.48031825681907" lon="104.01542581096082">
        <ele>480.65267973858863</ele>
        <time>1970-01-01T00:43:05Z</time>
        <extensions>
          <gpxtpx:TrackPointExtension>
            <gpxtpx:hr>188</gpxtpx:hr>
          </gpxtpx:TrackPointExtension>
        </extensions>
      </trkpt>
      <trkpt lat="30.48028811917557" lon="104.01541069753088">
        <ele>480.63286814745516</ele>
        <time>1970-01-01T00:43:06Z</time>
        <extensions>
          <gpxtpx:TrackPointExtension>
            <gpxtpx:hr>188</gpxtpx:hr>
          </gpxtpx:TrackPointExtension>
        </extensions>
      </trkpt>
      <trkpt lat="30.48025756006812" lon="104.01539796004072">
        <ele>480.6161711746827</ele>
        <time>1970-01-01T00:43:07Z</time>
        <extensions>
          <gpxtpx:TrackPointExtension>
            <gpxtpx:hr>188</gpxtpx:hr>
          </gpxtpx:TrackPointExtension>
        </extensions>
      </trkpt>
      <trkpt lat="30.480226678607025" lon="104.01538733897677">
        <ele>480.6027972716838</ele>
        <time>1970-01-01T00:43:08Z</time>
        <extensions>
          <gpxtpx:TrackPointExtension>
            <gpxtpx:hr>188</gpxtpx:hr>
          </gpxtpx:TrackPointExtension>
        </extensions>
      </trkpt>
      <trkpt lat="30.480194893557577" lon="104.01537819972161">
        <ele>480.59280914254487</ele>
        <time>1970-01-01T00:43:09Z</time>
        <extensions>
          <gpxtpx:TrackPointExtension>
            <gpxtpx:hr>188</gpxtpx:hr>
          </gpxtpx:TrackPointExtension>
        </extensions>
      </trkpt>
      <trkpt lat="30.480162707757202" lon="104.01537025602082">
        <ele>480.586088382639</ele>
        <time>1970-01-01T00:43:10Z</time>
        <extensions>
          <gpxtpx:TrackPointExtension>
            <gpxtpx:hr>188</gpxtpx:hr>
          </gpxtpx:TrackPointExtension>
        </extensions>
      </trkpt>
      <trkpt lat="30.480130416256728" lon="104.01536359022106">
        <ele>480.5825502835214</ele>
        <time>1970-01-01T00:43:11Z</time>
        <extensions>
          <gpxtpx:TrackPointExtension>
            <gpxtpx:hr>188</gpxtpx:hr>
          </gpxtpx:TrackPointExtension>
        </extensions>
      </trkpt>
      <trkpt lat="30.480098398925765" lon="104.01535867637544">
        <ele>480.5820914134383</ele>
        <time>1970-01-01T00:43:12Z</time>
        <extensions>
          <gpxtpx:TrackPointExtension>
            <gpxtpx:hr>189</gpxtpx:hr>
          </gpxtpx:TrackPointExtension>
        </extensions>
      </trkpt>
      <trkpt lat="30.480065854372462" lon="104.0153559226372">
        <ele>480.58457955531776</ele>
        <time>1970-01-01T00:43:13Z</time>
        <extensions>
          <gpxtpx:TrackPointExtension>
            <gpxtpx:hr>189</gpxtpx:hr>
          </gpxtpx:TrackPointExtension>
        </extensions>
      </trkpt>
      <trkpt lat="30.480032774211068" lon="104.01535490651304">
        <ele>480.58985633030534</ele>
        <time>1970-01-01T00:43:14Z</time>
        <extensions>
          <gpxtpx:TrackPointExtension>
            <gpxtpx:hr>189</gpxtpx:hr>
          </gpxtpx:TrackPointExtension>
        </extensions>
      </trkpt>
      <trkpt lat="30.47999985356579" lon="104.01535458533618">
        <ele>480.5978415729478</ele>
        <time>1970-01-01T00:43:15Z</time>
        <extensions>
          <gpxtpx:TrackPointExtension>
            <gpxtpx:hr>189</gpxtpx:hr>
          </gpxtpx:TrackPointExtension>
        </extensions>
      </trkpt>
      <trkpt lat="30.479967508078445" lon="104.01535355033927">
        <ele>480.60852865781635</ele>
        <time>1970-01-01T00:43:16Z</time>
        <extensions>
          <gpxtpx:TrackPointExtension>
            <gpxtpx:hr>190</gpxtpx:hr>
          </gpxtpx:TrackPointExtension>
        </extensions>
      </trkpt>
      <trkpt lat="30.479936745642235" lon="104.01535149891292">
        <ele>480.6218988392502</ele>
        <time>1970-01-01T00:43:17Z</time>
        <extensions>
          <gpxtpx:TrackPointExtension>
            <gpxtpx:hr>190</gpxtpx:hr>
          </gpxtpx:TrackPointExtension>
        </extensions>
      </trkpt>
      <trkpt lat="30.479906670217115" lon="104.01534932904073">
        <ele>480.63781868014485</ele>
        <time>1970-01-01T00:43:18Z</time>
        <extensions>
          <gpxtpx:TrackPointExtension>
            <gpxtpx:hr>190</gpxtpx:hr>
          </gpxtpx:TrackPointExtension>
        </extensions>
      </trkpt>
      <trkpt lat="30.479876061741003" lon="104.01534755037402">
        <ele>480.65616223122925</ele>
        <time>1970-01-01T00:43:19Z</time>
        <extensions>
          <gpxtpx:TrackPointExtension>
            <gpxtpx:hr>190</gpxtpx:hr>
          </gpxtpx:TrackPointExtension>
        </extensions>
      </trkpt>
      <trkpt lat="30.47984403926474" lon="104.01534673976722">
        <ele>480.676719635725</ele>
        <time>1970-01-01T00:43:20Z</time>
        <extensions>
          <gpxtpx:TrackPointExtension>
            <gpxtpx:hr>190</gpxtpx:hr>
          </gpxtpx:TrackPointExtension>
        </extensions>
      </trkpt>
      <trkpt lat="30.479810748221645" lon="104.01534654860373">
        <ele>480.6991212302819</ele>
        <time>1970-01-01T00:43:21Z</time>
        <extensions>
          <gpxtpx:TrackPointExtension>
            <gpxtpx:hr>190</gpxtpx:hr>
          </gpxtpx:TrackPointExtension>
        </extensions>
      </trkpt>
      <trkpt lat="30.479777744757403" lon="104.01534682911739">
        <ele>480.7229634076357</ele>
        <time>1970-01-01T00:43:22Z</time>
        <extensions>
          <gpxtpx:TrackPointExtension>
            <gpxtpx:hr>189</gpxtpx:hr>
          </gpxtpx:TrackPointExtension>
        </extensions>
      </trkpt>
      <trkpt lat="30.479746061759588" lon="104.01534796868339">
        <ele>480.7480673864484</ele>
        <time>1970-01-01T00:43:23Z</time>
        <extensions>
          <gpxtpx:TrackPointExtension>
            <gpxtpx:hr>189</gpxtpx:hr>
          </gpxtpx:TrackPointExtension>
        </extensions>
      </trkpt>
      <trkpt lat="30.479715570991335" lon="104.01535032240835">
        <ele>480.7740798033774</ele>
        <time>1970-01-01T00:43:24Z</time>
        <extensions>
          <gpxtpx:TrackPointExtension>
            <gpxtpx:hr>189</gpxtpx:hr>
          </gpxtpx:TrackPointExtension>
        </extensions>
      </trkpt>
      <trkpt lat="30.479684995209897" lon="104.01535426669302">
        <ele>480.80075542256236</ele>
        <time>1970-01-01T00:43:25Z</time>
        <extensions>
          <gpxtpx:TrackPointExtension>
            <gpxtpx:hr>189</gpxtpx:hr>
          </gpxtpx:TrackPointExtension>
        </extensions>
      </trkpt>
      <trkpt lat="30.479653527101405" lon="104.01535900912174">
        <ele>480.82781799696386</ele>
        <time>1970-01-01T00:43:26Z</time>
        <extensions>
          <gpxtpx:TrackPointExtension>
            <gpxtpx:hr>189</gpxtpx:hr>
          </gpxtpx:TrackPointExtension>
        </extensions>
      </trkpt>
      <trkpt lat="30.479621275132217" lon="104.01536388756507">
        <ele>480.85482331365347</ele>
        <time>1970-01-01T00:43:27Z</time>
        <extensions>
          <gpxtpx:TrackPointExtension>
            <gpxtpx:hr>188</gpxtpx:hr>
          </gpxtpx:TrackPointExtension>
        </extensions>
      </trkpt>
      <trkpt lat="30.47958942763411" lon="104.01536884297067">
        <ele>480.88113636989146</ele>
        <time>1970-01-01T00:43:28Z</time>
        <extensions>
          <gpxtpx:TrackPointExtension>
            <gpxtpx:hr>188</gpxtpx:hr>
          </gpxtpx:TrackPointExtension>
        </extensions>
      </trkpt>
      <trkpt lat="30.479558218525742" lon="104.01537467865288">
        <ele>480.9057245636359</ele>
        <time>1970-01-01T00:43:29Z</time>
        <extensions>
          <gpxtpx:TrackPointExtension>
            <gpxtpx:hr>188</gpxtpx:hr>
          </gpxtpx:TrackPointExtension>
        </extensions>
      </trkpt>
      <trkpt lat="30.47952742407942" lon="104.0153817722262">
        <ele>480.9274277407676</ele>
        <time>1970-01-01T00:43:30Z</time>
        <extensions>
          <gpxtpx:TrackPointExtension>
            <gpxtpx:hr>188</gpxtpx:hr>
          </gpxtpx:TrackPointExtension>
        </extensions>
      </trkpt>
      <trkpt lat="30.47949700693284" lon="104.0153898529283">
        <ele>480.9451579283923</ele>
        <time>1970-01-01T00:43:31Z</time>
        <extensions>
          <gpxtpx:TrackPointExtension>
            <gpxtpx:hr>188</gpxtpx:hr>
          </gpxtpx:TrackPointExtension>
        </extensions>
      </trkpt>
      <trkpt lat="30.47946636766779" lon="104.01539798957862">
        <ele>480.95801998954266</ele>
        <time>1970-01-01T00:43:32Z</time>
        <extensions>
          <gpxtpx:TrackPointExtension>
            <gpxtpx:hr>188</gpxtpx:hr>
          </gpxtpx:TrackPointExtension>
        </extensions>
      </trkpt>
      <trkpt lat="30.47943617972261" lon="104.01540521171015">
        <ele>480.9654941307381</ele>
        <time>1970-01-01T00:43:33Z</time>
        <extensions>
          <gpxtpx:TrackPointExtension>
            <gpxtpx:hr>188</gpxtpx:hr>
          </gpxtpx:TrackPointExtension>
        </extensions>
      </trkpt>
      <trkpt lat="30.479407219568422" lon="104.01541213127265">
        <ele>480.9674495216459</ele>
        <time>1970-01-01T00:43:34Z</time>
        <extensions>
          <gpxtpx:TrackPointExtension>
            <gpxtpx:hr>188</gpxtpx:hr>
          </gpxtpx:TrackPointExtension>
        </extensions>
      </trkpt>
      <trkpt lat="30.47937846596471" lon="104.01541915499385">
        <ele>480.9640648216009</ele>
        <time>1970-01-01T00:43:35Z</time>
        <extensions>
          <gpxtpx:TrackPointExtension>
            <gpxtpx:hr>188</gpxtpx:hr>
          </gpxtpx:TrackPointExtension>
        </extensions>
      </trkpt>
      <trkpt lat="30.479348518427713" lon="104.01542609527058">
        <ele>480.95569487661123</ele>
        <time>1970-01-01T00:43:36Z</time>
        <extensions>
          <gpxtpx:TrackPointExtension>
            <gpxtpx:hr>188</gpxtpx:hr>
          </gpxtpx:TrackPointExtension>
        </extensions>
      </trkpt>
      <trkpt lat="30.479317523769414" lon="104.01543236462356">
        <ele>480.94272090122104</ele>
        <time>1970-01-01T00:43:37Z</time>
        <extensions>
          <gpxtpx:TrackPointExtension>
            <gpxtpx:hr>188</gpxtpx:hr>
          </gpxtpx:TrackPointExtension>
        </extensions>
      </trkpt>
      <trkpt lat="30.479285919796745" lon="104.0154382305815">
        <ele>480.92549887672067</ele>
        <time>1970-01-01T00:43:38Z</time>
        <extensions>
          <gpxtpx:TrackPointExtension>
            <gpxtpx:hr>189</gpxtpx:hr>
          </gpxtpx:TrackPointExtension>
        </extensions>
      </trkpt>
      <trkpt lat="30.479254412258697" lon="104.01544381654334">
        <ele>480.9045636160299</ele>
        <time>1970-01-01T00:43:39Z</time>
        <extensions>
          <gpxtpx:TrackPointExtension>
            <gpxtpx:hr>189</gpxtpx:hr>
          </gpxtpx:TrackPointExtension>
        </extensions>
      </trkpt>
      <trkpt lat="30.479223580125826" lon="104.01544864154617">
        <ele>480.88055071234703</ele>
        <time>1970-01-01T00:43:40Z</time>
        <extensions>
          <gpxtpx:TrackPointExtension>
            <gpxtpx:hr>189</gpxtpx:hr>
          </gpxtpx:TrackPointExtension>
        </extensions>
      </trkpt>
      <trkpt lat="30.479193276662066" lon="104.01545219772747">
        <ele>480.85408946406096</ele>
        <time>1970-01-01T00:43:41Z</time>
        <extensions>
          <gpxtpx:TrackPointExtension>
            <gpxtpx:hr>189</gpxtpx:hr>
          </gpxtpx:TrackPointExtension>
        </extensions>
      </trkpt>
      <trkpt lat="30.479162992080134" lon="104.01545426771497">
        <ele>480.8257596222684</ele>
        <time>1970-01-01T00:43:42Z</time>
        <extensions>
          <gpxtpx:TrackPointExtension>
            <gpxtpx:hr>189</gpxtpx:hr>
          </gpxtpx:TrackPointExtension>
        </extensions>
      </trkpt>
      <trkpt lat="30.479131905589018" lon="104.01545494366317">
        <ele>480.7961062397808</ele>
        <time>1970-01-01T00:43:43Z</time>
        <extensions>
          <gpxtpx:TrackPointExtension>
            <gpxtpx:hr>187</gpxtpx:hr>
          </gpxtpx:TrackPointExtension>
        </extensions>
      </trkpt>
      <trkpt lat="30.479100931412994" lon="104.01545357768188">
        <ele>480.76573406904936</ele>
        <time>1970-01-01T00:43:44Z</time>
        <extensions>
          <gpxtpx:TrackPointExtension>
            <gpxtpx:hr>187</gpxtpx:hr>
          </gpxtpx:TrackPointExtension>
        </extensions>
      </trkpt>
      <trkpt lat="30.479071121500855" lon="104.01544969944261">
        <ele>480.73534516524523</ele>
        <time>1970-01-01T00:43:45Z</time>
        <extensions>
          <gpxtpx:TrackPointExtension>
            <gpxtpx:hr>187</gpxtpx:hr>
          </gpxtpx:TrackPointExtension>
        </extensions>
      </trkpt>
      <trkpt lat="30.479041793704507" lon="104.01544351052266">
        <ele>480.7056082719937</ele>
        <time>1970-01-01T00:43:46Z</time>
        <extensions>
          <gpxtpx:TrackPointExtension>
            <gpxtpx:hr>187</gpxtpx:hr>
          </gpxtpx:TrackPointExtension>
        </extensions>
      </trkpt>
      <trkpt lat="30.47901126797385" lon="104.01543673348473">
        <ele>480.677333811298</ele>
        <time>1970-01-01T00:43:47Z</time>
        <extensions>
          <gpxtpx:TrackPointExtension>
            <gpxtpx:hr>187</gpxtpx:hr>
          </gpxtpx:TrackPointExtension>
        </extensions>
      </trkpt>
      <trkpt lat="30.478979127743223" lon="104.01543018946327">
        <ele>480.6511430880055</ele>
        <time>1970-01-01T00:43:48Z</time>
        <extensions>
          <gpxtpx:TrackPointExtension>
            <gpxtpx:hr>187</gpxtpx:hr>
          </gpxtpx:TrackPointExtension>
        </extensions>
      </trkpt>
      <trkpt lat="30.478945791744675" lon="104.01542357289965">
        <ele>480.6274456353858</ele>
        <time>1970-01-01T00:43:49Z</time>
        <extensions>
          <gpxtpx:TrackPointExtension>
            <gpxtpx:hr>187</gpxtpx:hr>
          </gpxtpx:TrackPointExtension>
        </extensions>
      </trkpt>
      <trkpt lat="30.478912000591702" lon="104.015416429552">
        <ele>480.6066681453958</ele>
        <time>1970-01-01T00:43:50Z</time>
        <extensions>
          <gpxtpx:TrackPointExtension>
            <gpxtpx:hr>187</gpxtpx:hr>
          </gpxtpx:TrackPointExtension>
        </extensions>
      </trkpt>
      <trkpt lat="30.478879245423364" lon="104.01540848632408">
        <ele>480.5892357584089</ele>
        <time>1970-01-01T00:43:51Z</time>
        <extensions>
          <gpxtpx:TrackPointExtension>
            <gpxtpx:hr>187</gpxtpx:hr>
          </gpxtpx:TrackPointExtension>
        </extensions>
      </trkpt>
      <trkpt lat="30.478847763840985" lon="104.01540025586394">
        <ele>480.57554545626044</ele>
        <time>1970-01-01T00:43:52Z</time>
        <extensions>
          <gpxtpx:TrackPointExtension>
            <gpxtpx:hr>187</gpxtpx:hr>
          </gpxtpx:TrackPointExtension>
        </extensions>
      </trkpt>
      <trkpt lat="30.478817230373014" lon="104.01539120914204">
        <ele>480.56603917852044</ele>
        <time>1970-01-01T00:43:53Z</time>
        <extensions>
          <gpxtpx:TrackPointExtension>
            <gpxtpx:hr>187</gpxtpx:hr>
          </gpxtpx:TrackPointExtension>
        </extensions>
      </trkpt>
      <trkpt lat="30.478787391204314" lon="104.0153806706799">
        <ele>480.561160473153</ele>
        <time>1970-01-01T00:43:54Z</time>
        <extensions>
          <gpxtpx:TrackPointExtension>
            <gpxtpx:hr>187</gpxtpx:hr>
          </gpxtpx:TrackPointExtension>
        </extensions>
      </trkpt>
      <trkpt lat="30.478758649740705" lon="104.01536879492967">
        <ele>480.5612100986764</ele>
        <time>1970-01-01T00:43:55Z</time>
        <extensions>
          <gpxtpx:TrackPointExtension>
            <gpxtpx:hr>187</gpxtpx:hr>
          </gpxtpx:TrackPointExtension>
        </extensions>
      </trkpt>
      <trkpt lat="30.47873034942654" lon="104.01535663151417">
        <ele>480.56629732903093</ele>
        <time>1970-01-01T00:43:56Z</time>
        <extensions>
          <gpxtpx:TrackPointExtension>
            <gpxtpx:hr>187</gpxtpx:hr>
          </gpxtpx:TrackPointExtension>
        </extensions>
      </trkpt>
      <trkpt lat="30.478701987380344" lon="104.01534474158652">
        <ele>480.57636096607894</ele>
        <time>1970-01-01T00:43:57Z</time>
        <extensions>
          <gpxtpx:TrackPointExtension>
            <gpxtpx:hr>187</gpxtpx:hr>
          </gpxtpx:TrackPointExtension>
        </extensions>
      </trkpt>
      <trkpt lat="30.47867364813361" lon="104.01533318433646">
        <ele>480.59110194724053</ele>
        <time>1970-01-01T00:43:58Z</time>
        <extensions>
          <gpxtpx:TrackPointExtension>
            <gpxtpx:hr>187</gpxtpx:hr>
          </gpxtpx:TrackPointExtension>
        </extensions>
      </trkpt>
      <trkpt lat="30.478644415552107" lon="104.01532184378722">
        <ele>480.61000729259104</ele>
        <time>1970-01-01T00:43:59Z</time>
        <extensions>
          <gpxtpx:TrackPointExtension>
            <gpxtpx:hr>187</gpxtpx:hr>
          </gpxtpx:TrackPointExtension>
        </extensions>
      </trkpt>
      <trkpt lat="30.478614144947766" lon="104.01531077501171">
        <ele>480.63187212403864</ele>
        <time>1970-01-01T00:44:00Z</time>
        <extensions>
          <gpxtpx:TrackPointExtension>
            <gpxtpx:hr>187</gpxtpx:hr>
          </gpxtpx:TrackPointExtension>
        </extensions>
      </trkpt>
      <trkpt lat="30.47858340116972" lon="104.01530078530284">
        <ele>480.65545071382076</ele>
        <time>1970-01-01T00:44:01Z</time>
        <extensions>
          <gpxtpx:TrackPointExtension>
            <gpxtpx:hr>187</gpxtpx:hr>
          </gpxtpx:TrackPointExtension>
        </extensions>
      </trkpt>
      <trkpt lat="30.47855312692831" lon="104.01529198946967">
        <ele>480.6795705119148</ele>
        <time>1970-01-01T00:44:02Z</time>
        <extensions>
          <gpxtpx:TrackPointExtension>
            <gpxtpx:hr>187</gpxtpx:hr>
          </gpxtpx:TrackPointExtension>
        </extensions>
      </trkpt>
      <trkpt lat="30.47852281642823" lon="104.01528447103718">
        <ele>480.7031708713621</ele>
        <time>1970-01-01T00:44:03Z</time>
        <extensions>
          <gpxtpx:TrackPointExtension>
            <gpxtpx:hr>187</gpxtpx:hr>
          </gpxtpx:TrackPointExtension>
        </extensions>
      </trkpt>
      <trkpt lat="30.47849221092528" lon="104.01527815616885">
        <ele>480.7254360206425</ele>
        <time>1970-01-01T00:44:04Z</time>
        <extensions>
          <gpxtpx:TrackPointExtension>
            <gpxtpx:hr>187</gpxtpx:hr>
          </gpxtpx:TrackPointExtension>
        </extensions>
      </trkpt>
      <trkpt lat="30.47846172358566" lon="104.01527268059876">
        <ele>480.74545170832425</ele>
        <time>1970-01-01T00:44:05Z</time>
        <extensions>
          <gpxtpx:TrackPointExtension>
            <gpxtpx:hr>187</gpxtpx:hr>
          </gpxtpx:TrackPointExtension>
        </extensions>
      </trkpt>
      <trkpt lat="30.478430873467687" lon="104.01526721797107">
        <ele>480.7622505072504</ele>
        <time>1970-01-01T00:44:06Z</time>
        <extensions>
          <gpxtpx:TrackPointExtension>
            <gpxtpx:hr>187</gpxtpx:hr>
          </gpxtpx:TrackPointExtension>
        </extensions>
      </trkpt>
      <trkpt lat="30.478399692205898" lon="104.01526194219086">
        <ele>480.77476367354393</ele>
        <time>1970-01-01T00:44:07Z</time>
        <extensions>
          <gpxtpx:TrackPointExtension>
            <gpxtpx:hr>187</gpxtpx:hr>
          </gpxtpx:TrackPointExtension>
        </extensions>
      </trkpt>
      <trkpt lat="30.47836827513659" lon="104.01525824725923">
        <ele>480.78195237368345</ele>
        <time>1970-01-01T00:44:08Z</time>
        <extensions>
          <gpxtpx:TrackPointExtension>
            <gpxtpx:hr>187</gpxtpx:hr>
          </gpxtpx:TrackPointExtension>
        </extensions>
      </trkpt>
      <trkpt lat="30.478336931477056" lon="104.01525607137111">
        <ele>480.7829867908731</ele>
        <time>1970-01-01T00:44:09Z</time>
        <extensions>
          <gpxtpx:TrackPointExtension>
            <gpxtpx:hr>186</gpxtpx:hr>
          </gpxtpx:TrackPointExtension>
        </extensions>
      </trkpt>
      <trkpt lat="30.478306152591223" lon="104.01525560600574">
        <ele>480.77765003126115</ele>
        <time>1970-01-01T00:44:10Z</time>
        <extensions>
          <gpxtpx:TrackPointExtension>
            <gpxtpx:hr>186</gpxtpx:hr>
          </gpxtpx:TrackPointExtension>
        </extensions>
      </trkpt>
      <trkpt lat="30.478275939436358" lon="104.01525789209596">
        <ele>480.76615284383297</ele>
        <time>1970-01-01T00:44:11Z</time>
        <extensions>
          <gpxtpx:TrackPointExtension>
            <gpxtpx:hr>186</gpxtpx:hr>
          </gpxtpx:TrackPointExtension>
        </extensions>
      </trkpt>
      <trkpt lat="30.478245195296548" lon="104.01526347007155">
        <ele>480.7489990890026</ele>
        <time>1970-01-01T00:44:12Z</time>
        <extensions>
          <gpxtpx:TrackPointExtension>
            <gpxtpx:hr>187</gpxtpx:hr>
          </gpxtpx:TrackPointExtension>
        </extensions>
      </trkpt>
      <trkpt lat="30.47821378275264" lon="104.01527106521374">
        <ele>480.72713163495064</ele>
        <time>1970-01-01T00:44:13Z</time>
        <extensions>
          <gpxtpx:TrackPointExtension>
            <gpxtpx:hr>187</gpxtpx:hr>
          </gpxtpx:TrackPointExtension>
        </extensions>
      </trkpt>
      <trkpt lat="30.478182433336087" lon="104.0152793050952">
        <ele>480.70169899147004</ele>
        <time>1970-01-01T00:44:14Z</time>
        <extensions>
          <gpxtpx:TrackPointExtension>
            <gpxtpx:hr>187</gpxtpx:hr>
          </gpxtpx:TrackPointExtension>
        </extensions>
      </trkpt>
      <trkpt lat="30.47815109335409" lon="104.01528801689751">
        <ele>480.6741268122569</ele>
        <time>1970-01-01T00:44:15Z</time>
        <extensions>
          <gpxtpx:TrackPointExtension>
            <gpxtpx:hr>187</gpxtpx:hr>
          </gpxtpx:TrackPointExtension>
        </extensions>
      </trkpt>
      <trkpt lat="30.478120395485995" lon="104.01529706244233">
        <ele>480.64597764983773</ele>
        <time>1970-01-01T00:44:16Z</time>
        <extensions>
          <gpxtpx:TrackPointExtension>
            <gpxtpx:hr>187</gpxtpx:hr>
          </gpxtpx:TrackPointExtension>
        </extensions>
      </trkpt>
      <trkpt lat="30.47809029770084" lon="104.01530697409548">
        <ele>480.6187555799261</ele>
        <time>1970-01-01T00:44:17Z</time>
        <extensions>
          <gpxtpx:TrackPointExtension>
            <gpxtpx:hr>187</gpxtpx:hr>
          </gpxtpx:TrackPointExtension>
        </extensions>
      </trkpt>
      <trkpt lat="30.47806021594861" lon="104.01531796967733">
        <ele>480.5938977357</ele>
        <time>1970-01-01T00:44:18Z</time>
        <extensions>
          <gpxtpx:TrackPointExtension>
            <gpxtpx:hr>187</gpxtpx:hr>
          </gpxtpx:TrackPointExtension>
        </extensions>
      </trkpt>
      <trkpt lat="30.478029245771573" lon="104.01533008554563">
        <ele>480.5726102422923</ele>
        <time>1970-01-01T00:44:19Z</time>
        <extensions>
          <gpxtpx:TrackPointExtension>
            <gpxtpx:hr>187</gpxtpx:hr>
          </gpxtpx:TrackPointExtension>
        </extensions>
      </trkpt>
      <trkpt lat="30.477997372687586" lon="104.01534209677538">
        <ele>480.5557593293488</ele>
        <time>1970-01-01T00:44:20Z</time>
        <extensions>
          <gpxtpx:TrackPointExtension>
            <gpxtpx:hr>187</gpxtpx:hr>
          </gpxtpx:TrackPointExtension>
        </extensions>
      </trkpt>
      <trkpt lat="30.477965039914807" lon="104.01535280178759">
        <ele>480.5438445452601</ele>
        <time>1970-01-01T00:44:21Z</time>
        <extensions>
          <gpxtpx:TrackPointExtension>
            <gpxtpx:hr>187</gpxtpx:hr>
          </gpxtpx:TrackPointExtension>
        </extensions>
      </trkpt>
      <trkpt lat="30.477932415527253" lon="104.01536180660045">
        <ele>480.5369381317869</ele>
        <time>1970-01-01T00:44:22Z</time>
        <extensions>
          <gpxtpx:TrackPointExtension>
            <gpxtpx:hr>187</gpxtpx:hr>
          </gpxtpx:TrackPointExtension>
        </extensions>
      </trkpt>
      <trkpt lat="30.47790019321027" lon="104.015368406588">
        <ele>480.5349247511476</ele>
        <time>1970-01-01T00:44:23Z</time>
        <extensions>
          <gpxtpx:TrackPointExtension>
            <gpxtpx:hr>187</gpxtpx:hr>
          </gpxtpx:TrackPointExtension>
        </extensions>
      </trkpt>
      <trkpt lat="30.47786826946159" lon="104.01537287264112">
        <ele>480.5374727509916</ele>
        <time>1970-01-01T00:44:24Z</time>
        <extensions>
          <gpxtpx:TrackPointExtension>
            <gpxtpx:hr>187</gpxtpx:hr>
          </gpxtpx:TrackPointExtension>
        </extensions>
      </trkpt>
      <trkpt lat="30.477836963814557" lon="104.01537521586486">
        <ele>480.544113275595</ele>
        <time>1970-01-01T00:44:25Z</time>
        <extensions>
          <gpxtpx:TrackPointExtension>
            <gpxtpx:hr>187</gpxtpx:hr>
          </gpxtpx:TrackPointExtension>
        </extensions>
      </trkpt>
      <trkpt lat="30.477806482466118" lon="104.01537610910988">
        <ele>480.55428912490606</ele>
        <time>1970-01-01T00:44:26Z</time>
        <extensions>
          <gpxtpx:TrackPointExtension>
            <gpxtpx:hr>187</gpxtpx:hr>
          </gpxtpx:TrackPointExtension>
        </extensions>
      </trkpt>
      <trkpt lat="30.477776880380834" lon="104.01537655286626">
        <ele>480.56756416521966</ele>
        <time>1970-01-01T00:44:27Z</time>
        <extensions>
          <gpxtpx:TrackPointExtension>
            <gpxtpx:hr>188</gpxtpx:hr>
          </gpxtpx:TrackPointExtension>
        </extensions>
      </trkpt>
      <trkpt lat="30.47774752531909" lon="104.01537682216332">
        <ele>480.58329641819</ele>
        <time>1970-01-01T00:44:28Z</time>
        <extensions>
          <gpxtpx:TrackPointExtension>
            <gpxtpx:hr>188</gpxtpx:hr>
          </gpxtpx:TrackPointExtension>
        </extensions>
      </trkpt>
      <trkpt lat="30.477717605355377" lon="104.01537693004661">
        <ele>480.6009206054732</ele>
        <time>1970-01-01T00:44:29Z</time>
        <extensions>
          <gpxtpx:TrackPointExtension>
            <gpxtpx:hr>188</gpxtpx:hr>
          </gpxtpx:TrackPointExtension>
        </extensions>
      </trkpt>
      <trkpt lat="30.477687524321205" lon="104.01537705699609">
        <ele>480.6199754085392</ele>
        <time>1970-01-01T00:44:30Z</time>
        <extensions>
          <gpxtpx:TrackPointExtension>
            <gpxtpx:hr>188</gpxtpx:hr>
          </gpxtpx:TrackPointExtension>
        </extensions>
      </trkpt>
      <trkpt lat="30.47765725091626" lon="104.0153779086593">
        <ele>480.63967109750956</ele>
        <time>1970-01-01T00:44:31Z</time>
        <extensions>
          <gpxtpx:TrackPointExtension>
            <gpxtpx:hr>188</gpxtpx:hr>
          </gpxtpx:TrackPointExtension>
        </extensions>
      </trkpt>
      <trkpt lat="30.47762678767508" lon="104.01537968251931">
        <ele>480.6590323979035</ele>
        <time>1970-01-01T00:44:32Z</time>
        <extensions>
          <gpxtpx:TrackPointExtension>
            <gpxtpx:hr>188</gpxtpx:hr>
          </gpxtpx:TrackPointExtension>
        </extensions>
      </trkpt>
      <trkpt lat="30.477595696859908" lon="104.01538274243855">
        <ele>480.6769400918856</ele>
        <time>1970-01-01T00:44:33Z</time>
        <extensions>
          <gpxtpx:TrackPointExtension>
            <gpxtpx:hr>189</gpxtpx:hr>
          </gpxtpx:TrackPointExtension>
        </extensions>
      </trkpt>
      <trkpt lat="30.477564043259743" lon="104.01538742715128">
        <ele>480.69213713519275</ele>
        <time>1970-01-01T00:44:34Z</time>
        <extensions>
          <gpxtpx:TrackPointExtension>
            <gpxtpx:hr>189</gpxtpx:hr>
          </gpxtpx:TrackPointExtension>
        </extensions>
      </trkpt>
      <trkpt lat="30.477532479680203" lon="104.01539406729286">
        <ele>480.7033156519756</ele>
        <time>1970-01-01T00:44:35Z</time>
        <extensions>
          <gpxtpx:TrackPointExtension>
            <gpxtpx:hr>189</gpxtpx:hr>
          </gpxtpx:TrackPointExtension>
        </extensions>
      </trkpt>
      <trkpt lat="30.477501177422933" lon="104.01540279624673">
        <ele>480.70925287064165</ele>
        <time>1970-01-01T00:44:36Z</time>
        <extensions>
          <gpxtpx:TrackPointExtension>
            <gpxtpx:hr>189</gpxtpx:hr>
          </gpxtpx:TrackPointExtension>
        </extensions>
      </trkpt>
      <trkpt lat="30.477470518921038" lon="104.01541382329235">
        <ele>480.7089902712032</ele>
        <time>1970-01-01T00:44:37Z</time>
        <extensions>
          <gpxtpx:TrackPointExtension>
            <gpxtpx:hr>189</gpxtpx:hr>
          </gpxtpx:TrackPointExtension>
        </extensions>
      </trkpt>
      <trkpt lat="30.477440883343608" lon="104.01542753067305">
        <ele>480.70206972025335</ele>
        <time>1970-01-01T00:44:38Z</time>
        <extensions>
          <gpxtpx:TrackPointExtension>
            <gpxtpx:hr>189</gpxtpx:hr>
          </gpxtpx:TrackPointExtension>
        </extensions>
      </trkpt>
      <trkpt lat="30.47741237096422" lon="104.01544375907984">
        <ele>480.68861870188266</ele>
        <time>1970-01-01T00:44:39Z</time>
        <extensions>
          <gpxtpx:TrackPointExtension>
            <gpxtpx:hr>189</gpxtpx:hr>
          </gpxtpx:TrackPointExtension>
        </extensions>
      </trkpt>
      <trkpt lat="30.477384889729255" lon="104.0154623600714">
        <ele>480.66914529539645</ele>
        <time>1970-01-01T00:44:40Z</time>
        <extensions>
          <gpxtpx:TrackPointExtension>
            <gpxtpx:hr>189</gpxtpx:hr>
          </gpxtpx:TrackPointExtension>
        </extensions>
      </trkpt>
      <trkpt lat="30.477358759478783" lon="104.01548273593673">
        <ele>480.6451038541272</ele>
        <time>1970-01-01T00:44:41Z</time>
        <extensions>
          <gpxtpx:TrackPointExtension>
            <gpxtpx:hr>189</gpxtpx:hr>
          </gpxtpx:TrackPointExtension>
        </extensions>
      </trkpt>
      <trkpt lat="30.47733392555448" lon="104.01550543402494">
        <ele>480.6181500032544</ele>
        <time>1970-01-01T00:44:42Z</time>
        <extensions>
          <gpxtpx:TrackPointExtension>
            <gpxtpx:hr>189</gpxtpx:hr>
          </gpxtpx:TrackPointExtension>
        </extensions>
      </trkpt>
      <trkpt lat="30.477310521170715" lon="104.01553040027328">
        <ele>480.58988704904914</ele>
        <time>1970-01-01T00:44:43Z</time>
        <extensions>
          <gpxtpx:TrackPointExtension>
            <gpxtpx:hr>187</gpxtpx:hr>
          </gpxtpx:TrackPointExtension>
        </extensions>
      </trkpt>
      <trkpt lat="30.477288500915886" lon="104.01555592739415">
        <ele>480.56181467324495</ele>
        <time>1970-01-01T00:44:44Z</time>
        <extensions>
          <gpxtpx:TrackPointExtension>
            <gpxtpx:hr>187</gpxtpx:hr>
          </gpxtpx:TrackPointExtension>
        </extensions>
      </trkpt>
      <trkpt lat="30.47726685645354" lon="104.01558061411212">
        <ele>480.5352994892746</ele>
        <time>1970-01-01T00:44:45Z</time>
        <extensions>
          <gpxtpx:TrackPointExtension>
            <gpxtpx:hr>187</gpxtpx:hr>
          </gpxtpx:TrackPointExtension>
        </extensions>
      </trkpt>
      <trkpt lat="30.477244722470154" lon="104.01560441123348">
        <ele>480.5116530600935</ele>
        <time>1970-01-01T00:44:46Z</time>
        <extensions>
          <gpxtpx:TrackPointExtension>
            <gpxtpx:hr>187</gpxtpx:hr>
          </gpxtpx:TrackPointExtension>
        </extensions>
      </trkpt>
      <trkpt lat="30.477221607179548" lon="104.01562862482282">
        <ele>480.49210376199335</ele>
        <time>1970-01-01T00:44:47Z</time>
        <extensions>
          <gpxtpx:TrackPointExtension>
            <gpxtpx:hr>187</gpxtpx:hr>
          </gpxtpx:TrackPointExtension>
        </extensions>
      </trkpt>
      <trkpt lat="30.477198451358547" lon="104.01565391562842">
        <ele>480.47772424388677</ele>
        <time>1970-01-01T00:44:48Z</time>
        <extensions>
          <gpxtpx:TrackPointExtension>
            <gpxtpx:hr>187</gpxtpx:hr>
          </gpxtpx:TrackPointExtension>
        </extensions>
      </trkpt>
      <trkpt lat="30.477176296267707" lon="104.01568074689214">
        <ele>480.4692934611812</ele>
        <time>1970-01-01T00:44:49Z</time>
        <extensions>
          <gpxtpx:TrackPointExtension>
            <gpxtpx:hr>187</gpxtpx:hr>
          </gpxtpx:TrackPointExtension>
        </extensions>
      </trkpt>
      <trkpt lat="30.477155444718967" lon="104.01570817687858">
        <ele>480.4671367285773</ele>
        <time>1970-01-01T00:44:50Z</time>
        <extensions>
          <gpxtpx:TrackPointExtension>
            <gpxtpx:hr>187</gpxtpx:hr>
          </gpxtpx:TrackPointExtension>
        </extensions>
      </trkpt>
      <trkpt lat="30.477134970458298" lon="104.01573628643514">
        <ele>480.4710115212947</ele>
        <time>1970-01-01T00:44:51Z</time>
        <extensions>
          <gpxtpx:TrackPointExtension>
            <gpxtpx:hr>187</gpxtpx:hr>
          </gpxtpx:TrackPointExtension>
        </extensions>
      </trkpt>
      <trkpt lat="30.47711387626945" lon="104.01576503066832">
        <ele>480.48024157155305</ele>
        <time>1970-01-01T00:44:52Z</time>
        <extensions>
          <gpxtpx:TrackPointExtension>
            <gpxtpx:hr>187</gpxtpx:hr>
          </gpxtpx:TrackPointExtension>
        </extensions>
      </trkpt>
      <trkpt lat="30.47709178297772" lon="104.01579363563573">
        <ele>480.4939101980999</ele>
        <time>1970-01-01T00:44:53Z</time>
        <extensions>
          <gpxtpx:TrackPointExtension>
            <gpxtpx:hr>187</gpxtpx:hr>
          </gpxtpx:TrackPointExtension>
        </extensions>
      </trkpt>
      <trkpt lat="30.477068538103648" lon="104.0158223926073">
        <ele>480.51113440375775</ele>
        <time>1970-01-01T00:44:54Z</time>
        <extensions>
          <gpxtpx:TrackPointExtension>
            <gpxtpx:hr>187</gpxtpx:hr>
          </gpxtpx:TrackPointExtension>
        </extensions>
      </trkpt>
      <trkpt lat="30.477044615141757" lon="104.01585062554364">
        <ele>480.53119207546115</ele>
        <time>1970-01-01T00:44:55Z</time>
        <extensions>
          <gpxtpx:TrackPointExtension>
            <gpxtpx:hr>187</gpxtpx:hr>
          </gpxtpx:TrackPointExtension>
        </extensions>
      </trkpt>
      <trkpt lat="30.477020231496237" lon="104.0158775460497">
        <ele>480.55329690966755</ele>
        <time>1970-01-01T00:44:56Z</time>
        <extensions>
          <gpxtpx:TrackPointExtension>
            <gpxtpx:hr>187</gpxtpx:hr>
          </gpxtpx:TrackPointExtension>
        </extensions>
      </trkpt>
      <trkpt lat="30.47699551910862" lon="104.01590239480147">
        <ele>480.57660371251404</ele>
        <time>1970-01-01T00:44:57Z</time>
        <extensions>
          <gpxtpx:TrackPointExtension>
            <gpxtpx:hr>187</gpxtpx:hr>
          </gpxtpx:TrackPointExtension>
        </extensions>
      </trkpt>
      <trkpt lat="30.47696987843927" lon="104.01592567655723">
        <ele>480.6005351450294</ele>
        <time>1970-01-01T00:44:58Z</time>
        <extensions>
          <gpxtpx:TrackPointExtension>
            <gpxtpx:hr>187</gpxtpx:hr>
          </gpxtpx:TrackPointExtension>
        </extensions>
      </trkpt>
      <trkpt lat="30.476943328977537" lon="104.01594852720231">
        <ele>480.6243572747335</ele>
        <time>1970-01-01T00:44:59Z</time>
        <extensions>
          <gpxtpx:TrackPointExtension>
            <gpxtpx:hr>187</gpxtpx:hr>
          </gpxtpx:TrackPointExtension>
        </extensions>
      </trkpt>
      <trkpt lat="30.4769174411649" lon="104.01597139129362">
        <ele>480.64738275576383</ele>
        <time>1970-01-01T00:45:00Z</time>
        <extensions>
          <gpxtpx:TrackPointExtension>
            <gpxtpx:hr>187</gpxtpx:hr>
          </gpxtpx:TrackPointExtension>
        </extensions>
      </trkpt>
      <trkpt lat="30.476892309545534" lon="104.01599509547769">
        <ele>480.6688439017162</ele>
        <time>1970-01-01T00:45:01Z</time>
        <extensions>
          <gpxtpx:TrackPointExtension>
            <gpxtpx:hr>187</gpxtpx:hr>
          </gpxtpx:TrackPointExtension>
        </extensions>
      </trkpt>
      <trkpt lat="30.47686663879903" lon="104.01601959258824">
        <ele>480.68777702655643</ele>
        <time>1970-01-01T00:45:02Z</time>
        <extensions>
          <gpxtpx:TrackPointExtension>
            <gpxtpx:hr>187</gpxtpx:hr>
          </gpxtpx:TrackPointExtension>
        </extensions>
      </trkpt>
      <trkpt lat="30.476840128651517" lon="104.01604444215887">
        <ele>480.70316816680133</ele>
        <time>1970-01-01T00:45:03Z</time>
        <extensions>
          <gpxtpx:TrackPointExtension>
            <gpxtpx:hr>187</gpxtpx:hr>
          </gpxtpx:TrackPointExtension>
        </extensions>
      </trkpt>
      <trkpt lat="30.476813592207222" lon="104.01606835727628">
        <ele>480.7135995067656</ele>
        <time>1970-01-01T00:45:04Z</time>
        <extensions>
          <gpxtpx:TrackPointExtension>
            <gpxtpx:hr>187</gpxtpx:hr>
          </gpxtpx:TrackPointExtension>
        </extensions>
      </trkpt>
      <trkpt lat="30.476786731486545" lon="104.0160910968462">
        <ele>480.71765517722815</ele>
        <time>1970-01-01T00:45:05Z</time>
        <extensions>
          <gpxtpx:TrackPointExtension>
            <gpxtpx:hr>187</gpxtpx:hr>
          </gpxtpx:TrackPointExtension>
        </extensions>
      </trkpt>
      <trkpt lat="30.476758782454112" lon="104.01611337894568">
        <ele>480.71428263839334</ele>
        <time>1970-01-01T00:45:06Z</time>
        <extensions>
          <gpxtpx:TrackPointExtension>
            <gpxtpx:hr>187</gpxtpx:hr>
          </gpxtpx:TrackPointExtension>
        </extensions>
      </trkpt>
      <trkpt lat="30.476730015792068" lon="104.01613503213925">
        <ele>480.70316318422556</ele>
        <time>1970-01-01T00:45:07Z</time>
        <extensions>
          <gpxtpx:TrackPointExtension>
            <gpxtpx:hr>187</gpxtpx:hr>
          </gpxtpx:TrackPointExtension>
        </extensions>
      </trkpt>
      <trkpt lat="30.47670093779149" lon="104.01615620367815">
        <ele>480.68430580198765</ele>
        <time>1970-01-01T00:45:08Z</time>
        <extensions>
          <gpxtpx:TrackPointExtension>
            <gpxtpx:hr>188</gpxtpx:hr>
          </gpxtpx:TrackPointExtension>
        </extensions>
      </trkpt>
      <trkpt lat="30.476671999336638" lon="104.01617608852942">
        <ele>480.658295894973</ele>
        <time>1970-01-01T00:45:09Z</time>
        <extensions>
          <gpxtpx:TrackPointExtension>
            <gpxtpx:hr>188</gpxtpx:hr>
          </gpxtpx:TrackPointExtension>
        </extensions>
      </trkpt>
      <trkpt lat="30.476642801554817" lon="104.0161943225319">
        <ele>480.62606327049434</ele>
        <time>1970-01-01T00:45:10Z</time>
        <extensions>
          <gpxtpx:TrackPointExtension>
            <gpxtpx:hr>188</gpxtpx:hr>
          </gpxtpx:TrackPointExtension>
        </extensions>
      </trkpt>
      <trkpt lat="30.47661358043952" lon="104.01621129555826">
        <ele>480.58865778520703</ele>
        <time>1970-01-01T00:45:11Z</time>
        <extensions>
          <gpxtpx:TrackPointExtension>
            <gpxtpx:hr>188</gpxtpx:hr>
          </gpxtpx:TrackPointExtension>
        </extensions>
      </trkpt>
      <trkpt lat="30.47658372040532" lon="104.01622827590698">
        <ele>480.54769038408995</ele>
        <time>1970-01-01T00:45:12Z</time>
        <extensions>
          <gpxtpx:TrackPointExtension>
            <gpxtpx:hr>188</gpxtpx:hr>
          </gpxtpx:TrackPointExtension>
        </extensions>
      </trkpt>
      <trkpt lat="30.47655294623585" lon="104.01624583574534">
        <ele>480.50503760483116</ele>
        <time>1970-01-01T00:45:13Z</time>
        <extensions>
          <gpxtpx:TrackPointExtension>
            <gpxtpx:hr>188</gpxtpx:hr>
          </gpxtpx:TrackPointExtension>
        </extensions>
      </trkpt>
      <trkpt lat="30.476522322180887" lon="104.01626356325376">
        <ele>480.4630181379616</ele>
        <time>1970-01-01T00:45:14Z</time>
        <extensions>
          <gpxtpx:TrackPointExtension>
            <gpxtpx:hr>188</gpxtpx:hr>
          </gpxtpx:TrackPointExtension>
        </extensions>
      </trkpt>
      <trkpt lat="30.476493080863214" lon="104.01628202440403">
        <ele>480.42417951114476</ele>
        <time>1970-01-01T00:45:15Z</time>
        <extensions>
          <gpxtpx:TrackPointExtension>
            <gpxtpx:hr>188</gpxtpx:hr>
          </gpxtpx:TrackPointExtension>
        </extensions>
      </trkpt>
      <trkpt lat="30.476465710608547" lon="104.01630249636885">
        <ele>480.3909098310396</ele>
        <time>1970-01-01T00:45:16Z</time>
        <extensions>
          <gpxtpx:TrackPointExtension>
            <gpxtpx:hr>189</gpxtpx:hr>
          </gpxtpx:TrackPointExtension>
        </extensions>
      </trkpt>
      <trkpt lat="30.476438811207135" lon="104.01632574332392">
        <ele>480.3649390358478</ele>
        <time>1970-01-01T00:45:17Z</time>
        <extensions>
          <gpxtpx:TrackPointExtension>
            <gpxtpx:hr>189</gpxtpx:hr>
          </gpxtpx:TrackPointExtension>
        </extensions>
      </trkpt>
      <trkpt lat="30.476412258568036" lon="104.0163503014863">
        <ele>480.34745739400387</ele>
        <time>1970-01-01T00:45:18Z</time>
        <extensions>
          <gpxtpx:TrackPointExtension>
            <gpxtpx:hr>189</gpxtpx:hr>
          </gpxtpx:TrackPointExtension>
        </extensions>
      </trkpt>
      <trkpt lat="30.47638668771319" lon="104.0163747238899">
        <ele>480.3390876268968</ele>
        <time>1970-01-01T00:45:19Z</time>
        <extensions>
          <gpxtpx:TrackPointExtension>
            <gpxtpx:hr>189</gpxtpx:hr>
          </gpxtpx:TrackPointExtension>
        </extensions>
      </trkpt>
      <trkpt lat="30.47636205580739" lon="104.01639885178696">
        <ele>480.33989796228707</ele>
        <time>1970-01-01T00:45:20Z</time>
        <extensions>
          <gpxtpx:TrackPointExtension>
            <gpxtpx:hr>189</gpxtpx:hr>
          </gpxtpx:TrackPointExtension>
        </extensions>
      </trkpt>
      <trkpt lat="30.47633785452219" lon="104.01642313021856">
        <ele>480.34932943526655</ele>
        <time>1970-01-01T00:45:21Z</time>
        <extensions>
          <gpxtpx:TrackPointExtension>
            <gpxtpx:hr>189</gpxtpx:hr>
          </gpxtpx:TrackPointExtension>
        </extensions>
      </trkpt>
      <trkpt lat="30.476314787459632" lon="104.01644801339503">
        <ele>480.3664629459381</ele>
        <time>1970-01-01T00:45:22Z</time>
        <extensions>
          <gpxtpx:TrackPointExtension>
            <gpxtpx:hr>189</gpxtpx:hr>
          </gpxtpx:TrackPointExtension>
        </extensions>
      </trkpt>
      <trkpt lat="30.476293088920084" lon="104.01647391267451">
        <ele>480.3900186708197</ele>
        <time>1970-01-01T00:45:23Z</time>
        <extensions>
          <gpxtpx:TrackPointExtension>
            <gpxtpx:hr>188</gpxtpx:hr>
          </gpxtpx:TrackPointExtension>
        </extensions>
      </trkpt>
      <trkpt lat="30.476271770547303" lon="104.01650067648761">
        <ele>480.4185371519998</ele>
        <time>1970-01-01T00:45:24Z</time>
        <extensions>
          <gpxtpx:TrackPointExtension>
            <gpxtpx:hr>188</gpxtpx:hr>
          </gpxtpx:TrackPointExtension>
        </extensions>
      </trkpt>
      <trkpt lat="30.476250896415195" lon="104.01652768898143">
        <ele>480.4506012937054</ele>
        <time>1970-01-01T00:45:25Z</time>
        <extensions>
          <gpxtpx:TrackPointExtension>
            <gpxtpx:hr>188</gpxtpx:hr>
          </gpxtpx:TrackPointExtension>
        </extensions>
      </trkpt>
      <trkpt lat="30.47622983160127" lon="104.01655511908307">
        <ele>480.4852863838896</ele>
        <time>1970-01-01T00:45:26Z</time>
        <extensions>
          <gpxtpx:TrackPointExtension>
            <gpxtpx:hr>188</gpxtpx:hr>
          </gpxtpx:TrackPointExtension>
        </extensions>
      </trkpt>
      <trkpt lat="30.476208458889538" lon="104.01658216928826">
        <ele>480.52175650559366</ele>
        <time>1970-01-01T00:45:27Z</time>
        <extensions>
          <gpxtpx:TrackPointExtension>
            <gpxtpx:hr>188</gpxtpx:hr>
          </gpxtpx:TrackPointExtension>
        </extensions>
      </trkpt>
      <trkpt lat="30.476186666395275" lon="104.01660964768092">
        <ele>480.5594540396705</ele>
        <time>1970-01-01T00:45:28Z</time>
        <extensions>
          <gpxtpx:TrackPointExtension>
            <gpxtpx:hr>188</gpxtpx:hr>
          </gpxtpx:TrackPointExtension>
        </extensions>
      </trkpt>
      <trkpt lat="30.476164730867485" lon="104.01663842606541">
        <ele>480.5981550188735</ele>
        <time>1970-01-01T00:45:29Z</time>
        <extensions>
          <gpxtpx:TrackPointExtension>
            <gpxtpx:hr>188</gpxtpx:hr>
          </gpxtpx:TrackPointExtension>
        </extensions>
      </trkpt>
      <trkpt lat="30.476142943070492" lon="104.01666754300606">
        <ele>480.63722027186304</ele>
        <time>1970-01-01T00:45:30Z</time>
        <extensions>
          <gpxtpx:TrackPointExtension>
            <gpxtpx:hr>188</gpxtpx:hr>
          </gpxtpx:TrackPointExtension>
        </extensions>
      </trkpt>
      <trkpt lat="30.47612046452042" lon="104.01669630655277">
        <ele>480.6758481534198</ele>
        <time>1970-01-01T00:45:31Z</time>
        <extensions>
          <gpxtpx:TrackPointExtension>
            <gpxtpx:hr>188</gpxtpx:hr>
          </gpxtpx:TrackPointExtension>
        </extensions>
      </trkpt>
      <trkpt lat="30.47609755031958" lon="104.01672367063334">
        <ele>480.712762163952</ele>
        <time>1970-01-01T00:45:32Z</time>
        <extensions>
          <gpxtpx:TrackPointExtension>
            <gpxtpx:hr>188</gpxtpx:hr>
          </gpxtpx:TrackPointExtension>
        </extensions>
      </trkpt>
      <trkpt lat="30.47607417547038" lon="104.01675008760238">
        <ele>480.74618995096534</ele>
        <time>1970-01-01T00:45:33Z</time>
        <extensions>
          <gpxtpx:TrackPointExtension>
            <gpxtpx:hr>188</gpxtpx:hr>
          </gpxtpx:TrackPointExtension>
        </extensions>
      </trkpt>
      <trkpt lat="30.47605065499188" lon="104.01677679376333">
        <ele>480.7738800626248</ele>
        <time>1970-01-01T00:45:34Z</time>
        <extensions>
          <gpxtpx:TrackPointExtension>
            <gpxtpx:hr>188</gpxtpx:hr>
          </gpxtpx:TrackPointExtension>
        </extensions>
      </trkpt>
      <trkpt lat="30.476027410661484" lon="104.01680499749939">
        <ele>480.7938892999664</ele>
        <time>1970-01-01T00:45:35Z</time>
        <extensions>
          <gpxtpx:TrackPointExtension>
            <gpxtpx:hr>188</gpxtpx:hr>
          </gpxtpx:TrackPointExtension>
        </extensions>
      </trkpt>
      <trkpt lat="30.476005406349746" lon="104.01683449764937">
        <ele>480.8044443875551</ele>
        <time>1970-01-01T00:45:36Z</time>
        <extensions>
          <gpxtpx:TrackPointExtension>
            <gpxtpx:hr>188</gpxtpx:hr>
          </gpxtpx:TrackPointExtension>
        </extensions>
      </trkpt>
      <trkpt lat="30.475985061810434" lon="104.01686470304112">
        <ele>480.8046181956306</ele>
        <time>1970-01-01T00:45:37Z</time>
        <extensions>
          <gpxtpx:TrackPointExtension>
            <gpxtpx:hr>189</gpxtpx:hr>
          </gpxtpx:TrackPointExtension>
        </extensions>
      </trkpt>
      <trkpt lat="30.475966168334413" lon="104.01689552306993">
        <ele>480.79470913670957</ele>
        <time>1970-01-01T00:45:38Z</time>
        <extensions>
          <gpxtpx:TrackPointExtension>
            <gpxtpx:hr>189</gpxtpx:hr>
          </gpxtpx:TrackPointExtension>
        </extensions>
      </trkpt>
      <trkpt lat="30.475948801852457" lon="104.01692705436177">
        <ele>480.77597825508565</ele>
        <time>1970-01-01T00:45:39Z</time>
        <extensions>
          <gpxtpx:TrackPointExtension>
            <gpxtpx:hr>189</gpxtpx:hr>
          </gpxtpx:TrackPointExtension>
        </extensions>
      </trkpt>
      <trkpt lat="30.475932101661407" lon="104.01695986205587">
        <ele>480.75055465474725</ele>
        <time>1970-01-01T00:45:40Z</time>
        <extensions>
          <gpxtpx:TrackPointExtension>
            <gpxtpx:hr>189</gpxtpx:hr>
          </gpxtpx:TrackPointExtension>
        </extensions>
      </trkpt>
      <trkpt lat="30.475915876557842" lon="104.01699348726352">
        <ele>480.7213116204366</ele>
        <time>1970-01-01T00:45:41Z</time>
        <extensions>
          <gpxtpx:TrackPointExtension>
            <gpxtpx:hr>189</gpxtpx:hr>
          </gpxtpx:TrackPointExtension>
        </extensions>
      </trkpt>
      <trkpt lat="30.475899534275218" lon="104.01702747871303">
        <ele>480.6914808386937</ele>
        <time>1970-01-01T00:45:42Z</time>
        <extensions>
          <gpxtpx:TrackPointExtension>
            <gpxtpx:hr>189</gpxtpx:hr>
          </gpxtpx:TrackPointExtension>
        </extensions>
      </trkpt>
      <trkpt lat="30.475883669281764" lon="104.01706095226781">
        <ele>480.6639486514032</ele>
        <time>1970-01-01T00:45:43Z</time>
        <extensions>
          <gpxtpx:TrackPointExtension>
            <gpxtpx:hr>189</gpxtpx:hr>
          </gpxtpx:TrackPointExtension>
        </extensions>
      </trkpt>
      <trkpt lat="30.475868682439014" lon="104.01709326034093">
        <ele>480.6410918068141</ele>
        <time>1970-01-01T00:45:44Z</time>
        <extensions>
          <gpxtpx:TrackPointExtension>
            <gpxtpx:hr>188</gpxtpx:hr>
          </gpxtpx:TrackPointExtension>
        </extensions>
      </trkpt>
      <trkpt lat="30.47585391305408" lon="104.01712463697623">
        <ele>480.6244137911126</ele>
        <time>1970-01-01T00:45:45Z</time>
        <extensions>
          <gpxtpx:TrackPointExtension>
            <gpxtpx:hr>188</gpxtpx:hr>
          </gpxtpx:TrackPointExtension>
        </extensions>
      </trkpt>
      <trkpt lat="30.47583908937501" lon="104.0171559909207">
        <ele>480.6143295606598</ele>
        <time>1970-01-01T00:45:46Z</time>
        <extensions>
          <gpxtpx:TrackPointExtension>
            <gpxtpx:hr>188</gpxtpx:hr>
          </gpxtpx:TrackPointExtension>
        </extensions>
      </trkpt>
      <trkpt lat="30.475822903803273" lon="104.0171883444036">
        <ele>480.6100747678429</ele>
        <time>1970-01-01T00:45:47Z</time>
        <extensions>
          <gpxtpx:TrackPointExtension>
            <gpxtpx:hr>188</gpxtpx:hr>
          </gpxtpx:TrackPointExtension>
        </extensions>
      </trkpt>
      <trkpt lat="30.475805431665144" lon="104.01722109142345">
        <ele>480.6101555991918</ele>
        <time>1970-01-01T00:45:48Z</time>
        <extensions>
          <gpxtpx:TrackPointExtension>
            <gpxtpx:hr>188</gpxtpx:hr>
          </gpxtpx:TrackPointExtension>
        </extensions>
      </trkpt>
      <trkpt lat="30.47578723200196" lon="104.01725348514492">
        <ele>480.6126138633117</ele>
        <time>1970-01-01T00:45:49Z</time>
        <extensions>
          <gpxtpx:TrackPointExtension>
            <gpxtpx:hr>188</gpxtpx:hr>
          </gpxtpx:TrackPointExtension>
        </extensions>
      </trkpt>
      <trkpt lat="30.475769134990138" lon="104.01728499255388">
        <ele>480.6155555974692</ele>
        <time>1970-01-01T00:45:50Z</time>
        <extensions>
          <gpxtpx:TrackPointExtension>
            <gpxtpx:hr>188</gpxtpx:hr>
          </gpxtpx:TrackPointExtension>
        </extensions>
      </trkpt>
      <trkpt lat="30.475751466414614" lon="104.01731523444158">
        <ele>480.61754992511123</ele>
        <time>1970-01-01T00:45:51Z</time>
        <extensions>
          <gpxtpx:TrackPointExtension>
            <gpxtpx:hr>188</gpxtpx:hr>
          </gpxtpx:TrackPointExtension>
        </extensions>
      </trkpt>
      <trkpt lat="30.47573350372106" lon="104.01734472654584">
        <ele>480.6179598113522</ele>
        <time>1970-01-01T00:45:52Z</time>
        <extensions>
          <gpxtpx:TrackPointExtension>
            <gpxtpx:hr>188</gpxtpx:hr>
          </gpxtpx:TrackPointExtension>
        </extensions>
      </trkpt>
      <trkpt lat="30.475714283309145" lon="104.01737409582468">
        <ele>480.6168855689466</ele>
        <time>1970-01-01T00:45:53Z</time>
        <extensions>
          <gpxtpx:TrackPointExtension>
            <gpxtpx:hr>188</gpxtpx:hr>
          </gpxtpx:TrackPointExtension>
        </extensions>
      </trkpt>
      <trkpt lat="30.47569203392401" lon="104.01740283757037">
        <ele>480.61498835496604</ele>
        <time>1970-01-01T00:45:54Z</time>
        <extensions>
          <gpxtpx:TrackPointExtension>
            <gpxtpx:hr>188</gpxtpx:hr>
          </gpxtpx:TrackPointExtension>
        </extensions>
      </trkpt>
      <trkpt lat="30.475666246209187" lon="104.01743037747569">
        <ele>480.61312727816403</ele>
        <time>1970-01-01T00:45:55Z</time>
        <extensions>
          <gpxtpx:TrackPointExtension>
            <gpxtpx:hr>188</gpxtpx:hr>
          </gpxtpx:TrackPointExtension>
        </extensions>
      </trkpt>
      <trkpt lat="30.475637721537964" lon="104.01745668254372">
        <ele>480.6120771560818</ele>
        <time>1970-01-01T00:45:56Z</time>
        <extensions>
          <gpxtpx:TrackPointExtension>
            <gpxtpx:hr>188</gpxtpx:hr>
          </gpxtpx:TrackPointExtension>
        </extensions>
      </trkpt>
      <trkpt lat="30.4756090609774" lon="104.01748204300128">
        <ele>480.61227143835276</ele>
        <time>1970-01-01T00:45:57Z</time>
        <extensions>
          <gpxtpx:TrackPointExtension>
            <gpxtpx:hr>188</gpxtpx:hr>
          </gpxtpx:TrackPointExtension>
        </extensions>
      </trkpt>
      <trkpt lat="30.4755822463125" lon="104.01750670485266">
        <ele>480.6138737797737</ele>
        <time>1970-01-01T00:45:58Z</time>
        <extensions>
          <gpxtpx:TrackPointExtension>
            <gpxtpx:hr>188</gpxtpx:hr>
          </gpxtpx:TrackPointExtension>
        </extensions>
      </trkpt>
      <trkpt lat="30.475557079555536" lon="104.01753058436744">
        <ele>480.6167727615684</ele>
        <time>1970-01-01T00:45:59Z</time>
        <extensions>
          <gpxtpx:TrackPointExtension>
            <gpxtpx:hr>188</gpxtpx:hr>
          </gpxtpx:TrackPointExtension>
        </extensions>
      </trkpt>
      <trkpt lat="30.475532525872282" lon="104.0175544174941">
        <ele>480.62068173475564</ele>
        <time>1970-01-01T00:46:00Z</time>
        <extensions>
          <gpxtpx:TrackPointExtension>
            <gpxtpx:hr>189</gpxtpx:hr>
          </gpxtpx:TrackPointExtension>
        </extensions>
      </trkpt>
      <trkpt lat="30.475507652041" lon="104.01757841513475">
        <ele>480.62517293635756</ele>
        <time>1970-01-01T00:46:01Z</time>
        <extensions>
          <gpxtpx:TrackPointExtension>
            <gpxtpx:hr>189</gpxtpx:hr>
          </gpxtpx:TrackPointExtension>
        </extensions>
      </trkpt>
      <trkpt lat="30.475483262444307" lon="104.01760211175913">
        <ele>480.62988302018493</ele>
        <time>1970-01-01T00:46:02Z</time>
        <extensions>
          <gpxtpx:TrackPointExtension>
            <gpxtpx:hr>189</gpxtpx:hr>
          </gpxtpx:TrackPointExtension>
        </extensions>
      </trkpt>
      <trkpt lat="30.475459356006034" lon="104.0176250235324">
        <ele>480.63459108024836</ele>
        <time>1970-01-01T00:46:03Z</time>
        <extensions>
          <gpxtpx:TrackPointExtension>
            <gpxtpx:hr>189</gpxtpx:hr>
          </gpxtpx:TrackPointExtension>
        </extensions>
      </trkpt>
      <trkpt lat="30.47543543621609" lon="104.01764644731952">
        <ele>480.63922812975943</ele>
        <time>1970-01-01T00:46:04Z</time>
        <extensions>
          <gpxtpx:TrackPointExtension>
            <gpxtpx:hr>189</gpxtpx:hr>
          </gpxtpx:TrackPointExtension>
        </extensions>
      </trkpt>
      <trkpt lat="30.475411685852016" lon="104.01766639359221">
        <ele>480.6438449593261</ele>
        <time>1970-01-01T00:46:05Z</time>
        <extensions>
          <gpxtpx:TrackPointExtension>
            <gpxtpx:hr>189</gpxtpx:hr>
          </gpxtpx:TrackPointExtension>
        </extensions>
      </trkpt>
      <trkpt lat="30.475388220881715" lon="104.01768689345438">
        <ele>480.6483656009659</ele>
        <time>1970-01-01T00:46:06Z</time>
        <extensions>
          <gpxtpx:TrackPointExtension>
            <gpxtpx:hr>189</gpxtpx:hr>
          </gpxtpx:TrackPointExtension>
        </extensions>
      </trkpt>
      <trkpt lat="30.47536471124445" lon="104.0177101014332">
        <ele>480.6526462128386</ele>
        <time>1970-01-01T00:46:07Z</time>
        <extensions>
          <gpxtpx:TrackPointExtension>
            <gpxtpx:hr>189</gpxtpx:hr>
          </gpxtpx:TrackPointExtension>
        </extensions>
      </trkpt>
      <trkpt lat="30.475341089435535" lon="104.01773607138233">
        <ele>480.6563497297466</ele>
        <time>1970-01-01T00:46:08Z</time>
        <extensions>
          <gpxtpx:TrackPointExtension>
            <gpxtpx:hr>189</gpxtpx:hr>
          </gpxtpx:TrackPointExtension>
        </extensions>
      </trkpt>
      <trkpt lat="30.475318958143124" lon="104.01776469959515">
        <ele>480.6590040316805</ele>
        <time>1970-01-01T00:46:09Z</time>
        <extensions>
          <gpxtpx:TrackPointExtension>
            <gpxtpx:hr>189</gpxtpx:hr>
          </gpxtpx:TrackPointExtension>
        </extensions>
      </trkpt>
      <trkpt lat="30.47529966319417" lon="104.017795911342">
        <ele>480.66007084492594</ele>
        <time>1970-01-01T00:46:10Z</time>
        <extensions>
          <gpxtpx:TrackPointExtension>
            <gpxtpx:hr>189</gpxtpx:hr>
          </gpxtpx:TrackPointExtension>
        </extensions>
      </trkpt>
      <trkpt lat="30.475285148066348" lon="104.01782832792092">
        <ele>480.65929943695664</ele>
        <time>1970-01-01T00:46:11Z</time>
        <extensions>
          <gpxtpx:TrackPointExtension>
            <gpxtpx:hr>189</gpxtpx:hr>
          </gpxtpx:TrackPointExtension>
        </extensions>
      </trkpt>
      <trkpt lat="30.47527568755079" lon="104.01786092205992">
        <ele>480.65647093672305</ele>
        <time>1970-01-01T00:46:12Z</time>
        <extensions>
          <gpxtpx:TrackPointExtension>
            <gpxtpx:hr>189</gpxtpx:hr>
          </gpxtpx:TrackPointExtension>
        </extensions>
      </trkpt>
      <trkpt lat="30.475268659032178" lon="104.01789465599808">
        <ele>480.6514689978212</ele>
        <time>1970-01-01T00:46:13Z</time>
        <extensions>
          <gpxtpx:TrackPointExtension>
            <gpxtpx:hr>189</gpxtpx:hr>
          </gpxtpx:TrackPointExtension>
        </extensions>
      </trkpt>
      <trkpt lat="30.475261662832256" lon="104.01793042023615">
        <ele>480.6443736953661</ele>
        <time>1970-01-01T00:46:14Z</time>
        <extensions>
          <gpxtpx:TrackPointExtension>
            <gpxtpx:hr>189</gpxtpx:hr>
          </gpxtpx:TrackPointExtension>
        </extensions>
      </trkpt>
      <trkpt lat="30.4752536562077" lon="104.01796722458515">
        <ele>480.6354607986286</ele>
        <time>1970-01-01T00:46:15Z</time>
        <extensions>
          <gpxtpx:TrackPointExtension>
            <gpxtpx:hr>189</gpxtpx:hr>
          </gpxtpx:TrackPointExtension>
        </extensions>
      </trkpt>
      <trkpt lat="30.475245232483164" lon="104.01800315795927">
        <ele>480.62533605564386</ele>
        <time>1970-01-01T00:46:16Z</time>
        <extensions>
          <gpxtpx:TrackPointExtension>
            <gpxtpx:hr>189</gpxtpx:hr>
          </gpxtpx:TrackPointExtension>
        </extensions>
      </trkpt>
      <trkpt lat="30.475236872891987" lon="104.01803805994535">
        <ele>480.6148285670206</ele>
        <time>1970-01-01T00:46:17Z</time>
        <extensions>
          <gpxtpx:TrackPointExtension>
            <gpxtpx:hr>189</gpxtpx:hr>
          </gpxtpx:TrackPointExtension>
        </extensions>
      </trkpt>
      <trkpt lat="30.475229213894103" lon="104.0180734397239">
        <ele>480.6049341056496</ele>
        <time>1970-01-01T00:46:18Z</time>
        <extensions>
          <gpxtpx:TrackPointExtension>
            <gpxtpx:hr>189</gpxtpx:hr>
          </gpxtpx:TrackPointExtension>
        </extensions>
      </trkpt>
      <trkpt lat="30.475221949357927" lon="104.01811047017071">
        <ele>480.59678138792515</ele>
        <time>1970-01-01T00:46:19Z</time>
        <extensions>
          <gpxtpx:TrackPointExtension>
            <gpxtpx:hr>189</gpxtpx:hr>
          </gpxtpx:TrackPointExtension>
        </extensions>
      </trkpt>
      <trkpt lat="30.47521549178542" lon="104.01814843180885">
        <ele>480.5914428681135</ele>
        <time>1970-01-01T00:46:20Z</time>
        <extensions>
          <gpxtpx:TrackPointExtension>
            <gpxtpx:hr>189</gpxtpx:hr>
          </gpxtpx:TrackPointExtension>
        </extensions>
      </trkpt>
      <trkpt lat="30.47521154590707" lon="104.01818554359691">
        <ele>480.58950326405466</ele>
        <time>1970-01-01T00:46:21Z</time>
        <extensions>
          <gpxtpx:TrackPointExtension>
            <gpxtpx:hr>189</gpxtpx:hr>
          </gpxtpx:TrackPointExtension>
        </extensions>
      </trkpt>
      <trkpt lat="30.475211943455072" lon="104.01822012256547">
        <ele>480.591196927242</ele>
        <time>1970-01-01T00:46:22Z</time>
        <extensions>
          <gpxtpx:TrackPointExtension>
            <gpxtpx:hr>189</gpxtpx:hr>
          </gpxtpx:TrackPointExtension>
        </extensions>
      </trkpt>
      <trkpt lat="30.475218622642185" lon="104.018251873097">
        <ele>480.5965074002743</ele>
        <time>1970-01-01T00:46:23Z</time>
        <extensions>
          <gpxtpx:TrackPointExtension>
            <gpxtpx:hr>190</gpxtpx:hr>
          </gpxtpx:TrackPointExtension>
        </extensions>
      </trkpt>
      <trkpt lat="30.47523061004121" lon="104.01828341321959">
        <ele>480.6049955794588</ele>
        <time>1970-01-01T00:46:24Z</time>
        <extensions>
          <gpxtpx:TrackPointExtension>
            <gpxtpx:hr>190</gpxtpx:hr>
          </gpxtpx:TrackPointExtension>
        </extensions>
      </trkpt>
      <trkpt lat="30.475244540604265" lon="104.0183171591127">
        <ele>480.61599073931575</ele>
        <time>1970-01-01T00:46:25Z</time>
        <extensions>
          <gpxtpx:TrackPointExtension>
            <gpxtpx:hr>190</gpxtpx:hr>
          </gpxtpx:TrackPointExtension>
        </extensions>
      </trkpt>
      <trkpt lat="30.475257851284855" lon="104.0183534038557">
        <ele>480.6286835996434</ele>
        <time>1970-01-01T00:46:26Z</time>
        <extensions>
          <gpxtpx:TrackPointExtension>
            <gpxtpx:hr>190</gpxtpx:hr>
          </gpxtpx:TrackPointExtension>
        </extensions>
      </trkpt>
      <trkpt lat="30.475270575276124" lon="104.01838993894187">
        <ele>480.64212113805115</ele>
        <time>1970-01-01T00:46:27Z</time>
        <extensions>
          <gpxtpx:TrackPointExtension>
            <gpxtpx:hr>191</gpxtpx:hr>
          </gpxtpx:TrackPointExtension>
        </extensions>
      </trkpt>
      <trkpt lat="30.47528281660597" lon="104.01842546667876">
        <ele>480.6551569197327</ele>
        <time>1970-01-01T00:46:28Z</time>
        <extensions>
          <gpxtpx:TrackPointExtension>
            <gpxtpx:hr>191</gpxtpx:hr>
          </gpxtpx:TrackPointExtension>
        </extensions>
      </trkpt>
      <trkpt lat="30.475294468989983" lon="104.01846024724638">
        <ele>480.6666812011972</ele>
        <time>1970-01-01T00:46:29Z</time>
        <extensions>
          <gpxtpx:TrackPointExtension>
            <gpxtpx:hr>191</gpxtpx:hr>
          </gpxtpx:TrackPointExtension>
        </extensions>
      </trkpt>
      <trkpt lat="30.475305938717174" lon="104.01849496658629">
        <ele>480.675744808279</ele>
        <time>1970-01-01T00:46:30Z</time>
        <extensions>
          <gpxtpx:TrackPointExtension>
            <gpxtpx:hr>191</gpxtpx:hr>
          </gpxtpx:TrackPointExtension>
        </extensions>
      </trkpt>
      <trkpt lat="30.475317294707587" lon="104.01853074847351">
        <ele>480.6818220419809</ele>
        <time>1970-01-01T00:46:31Z</time>
        <extensions>
          <gpxtpx:TrackPointExtension>
            <gpxtpx:hr>191</gpxtpx:hr>
          </gpxtpx:TrackPointExtension>
        </extensions>
      </trkpt>
      <trkpt lat="30.47532857632125" lon="104.01856717968494">
        <ele>480.6848912453279</ele>
        <time>1970-01-01T00:46:32Z</time>
        <extensions>
          <gpxtpx:TrackPointExtension>
            <gpxtpx:hr>190</gpxtpx:hr>
          </gpxtpx:TrackPointExtension>
        </extensions>
      </trkpt>
      <trkpt lat="30.475338885151892" lon="104.01860373241094">
        <ele>480.6853240542114</ele>
        <time>1970-01-01T00:46:33Z</time>
        <extensions>
          <gpxtpx:TrackPointExtension>
            <gpxtpx:hr>190</gpxtpx:hr>
          </gpxtpx:TrackPointExtension>
        </extensions>
      </trkpt>
      <trkpt lat="30.475348529317397" lon="104.01863986941484">
        <ele>480.6839525876567</ele>
        <time>1970-01-01T00:46:34Z</time>
        <extensions>
          <gpxtpx:TrackPointExtension>
            <gpxtpx:hr>190</gpxtpx:hr>
          </gpxtpx:TrackPointExtension>
        </extensions>
      </trkpt>
      <trkpt lat="30.475358206376704" lon="104.01867478895811">
        <ele>480.68182453885674</ele>
        <time>1970-01-01T00:46:35Z</time>
        <extensions>
          <gpxtpx:TrackPointExtension>
            <gpxtpx:hr>190</gpxtpx:hr>
          </gpxtpx:TrackPointExtension>
        </extensions>
      </trkpt>
      <trkpt lat="30.47536824976315" lon="104.01870825166876">
        <ele>480.67993758711964</ele>
        <time>1970-01-01T00:46:36Z</time>
        <extensions>
          <gpxtpx:TrackPointExtension>
            <gpxtpx:hr>190</gpxtpx:hr>
          </gpxtpx:TrackPointExtension>
        </extensions>
      </trkpt>
      <trkpt lat="30.475378856498043" lon="104.01874114340215">
        <ele>480.6789813376963</ele>
        <time>1970-01-01T00:46:37Z</time>
        <extensions>
          <gpxtpx:TrackPointExtension>
            <gpxtpx:hr>190</gpxtpx:hr>
          </gpxtpx:TrackPointExtension>
        </extensions>
      </trkpt>
      <trkpt lat="30.475388970680722" lon="104.01877531637801">
        <ele>480.67942940443754</ele>
        <time>1970-01-01T00:46:38Z</time>
        <extensions>
          <gpxtpx:TrackPointExtension>
            <gpxtpx:hr>190</gpxtpx:hr>
          </gpxtpx:TrackPointExtension>
        </extensions>
      </trkpt>
      <trkpt lat="30.47539865175014" lon="104.01881100262919">
        <ele>480.6815028078854</ele>
        <time>1970-01-01T00:46:39Z</time>
        <extensions>
          <gpxtpx:TrackPointExtension>
            <gpxtpx:hr>190</gpxtpx:hr>
          </gpxtpx:TrackPointExtension>
        </extensions>
      </trkpt>
      <trkpt lat="30.475407580574316" lon="104.01884775129375">
        <ele>480.6851726062596</ele>
        <time>1970-01-01T00:46:40Z</time>
        <extensions>
          <gpxtpx:TrackPointExtension>
            <gpxtpx:hr>190</gpxtpx:hr>
          </gpxtpx:TrackPointExtension>
        </extensions>
      </trkpt>
      <trkpt lat="30.475414983932097" lon="104.01888414087739">
        <ele>480.6901793843135</ele>
        <time>1970-01-01T00:46:41Z</time>
        <extensions>
          <gpxtpx:TrackPointExtension>
            <gpxtpx:hr>190</gpxtpx:hr>
          </gpxtpx:TrackPointExtension>
        </extensions>
      </trkpt>
      <trkpt lat="30.475421607222845" lon="104.01891936007185">
        <ele>480.6961312321946</ele>
        <time>1970-01-01T00:46:42Z</time>
        <extensions>
          <gpxtpx:TrackPointExtension>
            <gpxtpx:hr>190</gpxtpx:hr>
          </gpxtpx:TrackPointExtension>
        </extensions>
      </trkpt>
      <trkpt lat="30.475428513530332" lon="104.01895435936278">
        <ele>480.702485980466</ele>
        <time>1970-01-01T00:46:43Z</time>
        <extensions>
          <gpxtpx:TrackPointExtension>
            <gpxtpx:hr>189</gpxtpx:hr>
          </gpxtpx:TrackPointExtension>
        </extensions>
      </trkpt>
      <trkpt lat="30.47543562323441" lon="104.01898957964156">
        <ele>480.70858877152205</ele>
        <time>1970-01-01T00:46:44Z</time>
        <extensions>
          <gpxtpx:TrackPointExtension>
            <gpxtpx:hr>189</gpxtpx:hr>
          </gpxtpx:TrackPointExtension>
        </extensions>
      </trkpt>
      <trkpt lat="30.475442766502596" lon="104.0190249313802">
        <ele>480.7138366661966</ele>
        <time>1970-01-01T00:46:45Z</time>
        <extensions>
          <gpxtpx:TrackPointExtension>
            <gpxtpx:hr>189</gpxtpx:hr>
          </gpxtpx:TrackPointExtension>
        </extensions>
      </trkpt>
      <trkpt lat="30.475450451932424" lon="104.01906002801975">
        <ele>480.71784497704357</ele>
        <time>1970-01-01T00:46:46Z</time>
        <extensions>
          <gpxtpx:TrackPointExtension>
            <gpxtpx:hr>189</gpxtpx:hr>
          </gpxtpx:TrackPointExtension>
        </extensions>
      </trkpt>
      <trkpt lat="30.475458299671043" lon="104.01909492221347">
        <ele>480.720674761571</ele>
        <time>1970-01-01T00:46:47Z</time>
        <extensions>
          <gpxtpx:TrackPointExtension>
            <gpxtpx:hr>188</gpxtpx:hr>
          </gpxtpx:TrackPointExtension>
        </extensions>
      </trkpt>
      <trkpt lat="30.475466997652433" lon="104.01912960890817">
        <ele>480.72264446131885</ele>
        <time>1970-01-01T00:46:48Z</time>
        <extensions>
          <gpxtpx:TrackPointExtension>
            <gpxtpx:hr>188</gpxtpx:hr>
          </gpxtpx:TrackPointExtension>
        </extensions>
      </trkpt>
      <trkpt lat="30.475477875426364" lon="104.01916417590395">
        <ele>480.7241584835574</ele>
        <time>1970-01-01T00:46:49Z</time>
        <extensions>
          <gpxtpx:TrackPointExtension>
            <gpxtpx:hr>188</gpxtpx:hr>
          </gpxtpx:TrackPointExtension>
        </extensions>
      </trkpt>
      <trkpt lat="30.475491413949158" lon="104.01919786429343">
        <ele>480.7255901414901</ele>
        <time>1970-01-01T00:46:50Z</time>
        <extensions>
          <gpxtpx:TrackPointExtension>
            <gpxtpx:hr>188</gpxtpx:hr>
          </gpxtpx:TrackPointExtension>
        </extensions>
      </trkpt>
      <trkpt lat="30.47550757637309" lon="104.01922858870552">
        <ele>480.7272092131898</ele>
        <time>1970-01-01T00:46:51Z</time>
        <extensions>
          <gpxtpx:TrackPointExtension>
            <gpxtpx:hr>188</gpxtpx:hr>
          </gpxtpx:TrackPointExtension>
        </extensions>
      </trkpt>
      <trkpt lat="30.47552664134235" lon="104.01925550524047">
        <ele>480.72926504258066</ele>
        <time>1970-01-01T00:46:52Z</time>
        <extensions>
          <gpxtpx:TrackPointExtension>
            <gpxtpx:hr>188</gpxtpx:hr>
          </gpxtpx:TrackPointExtension>
        </extensions>
      </trkpt>
      <trkpt lat="30.47554877601488" lon="104.01928078813052">
        <ele>480.73191874381155</ele>
        <time>1970-01-01T00:46:53Z</time>
        <extensions>
          <gpxtpx:TrackPointExtension>
            <gpxtpx:hr>188</gpxtpx:hr>
          </gpxtpx:TrackPointExtension>
        </extensions>
      </trkpt>
      <trkpt lat="30.47557243037717" lon="104.0193071214781">
        <ele>480.7353217937052</ele>
        <time>1970-01-01T00:46:54Z</time>
        <extensions>
          <gpxtpx:TrackPointExtension>
            <gpxtpx:hr>188</gpxtpx:hr>
          </gpxtpx:TrackPointExtension>
        </extensions>
      </trkpt>
      <trkpt lat="30.475595796875954" lon="104.01933428661398">
        <ele>480.7397057171911</ele>
        <time>1970-01-01T00:46:55Z</time>
        <extensions>
          <gpxtpx:TrackPointExtension>
            <gpxtpx:hr>188</gpxtpx:hr>
          </gpxtpx:TrackPointExtension>
        </extensions>
      </trkpt>
      <trkpt lat="30.47561822729647" lon="104.01936152616639">
        <ele>480.7454603854567</ele>
        <time>1970-01-01T00:46:56Z</time>
        <extensions>
          <gpxtpx:TrackPointExtension>
            <gpxtpx:hr>188</gpxtpx:hr>
          </gpxtpx:TrackPointExtension>
        </extensions>
      </trkpt>
      <trkpt lat="30.4756406228451" lon="104.01938929670777">
        <ele>480.7524219304323</ele>
        <time>1970-01-01T00:46:57Z</time>
        <extensions>
          <gpxtpx:TrackPointExtension>
            <gpxtpx:hr>188</gpxtpx:hr>
          </gpxtpx:TrackPointExtension>
        </extensions>
      </trkpt>
      <trkpt lat="30.475662861188955" lon="104.0194175405932">
        <ele>480.76026836782694</ele>
        <time>1970-01-01T00:46:58Z</time>
        <extensions>
          <gpxtpx:TrackPointExtension>
            <gpxtpx:hr>188</gpxtpx:hr>
          </gpxtpx:TrackPointExtension>
        </extensions>
      </trkpt>
      <trkpt lat="30.47568450489104" lon="104.0194449799189">
        <ele>480.7687014527619</ele>
        <time>1970-01-01T00:46:59Z</time>
        <extensions>
          <gpxtpx:TrackPointExtension>
            <gpxtpx:hr>188</gpxtpx:hr>
          </gpxtpx:TrackPointExtension>
        </extensions>
      </trkpt>
      <trkpt lat="30.47570685742011" lon="104.01947116991124">
        <ele>480.77732692472637</ele>
        <time>1970-01-01T00:47:00Z</time>
        <extensions>
          <gpxtpx:TrackPointExtension>
            <gpxtpx:hr>188</gpxtpx:hr>
          </gpxtpx:TrackPointExtension>
        </extensions>
      </trkpt>
      <trkpt lat="30.475731032868172" lon="104.01949721266031">
        <ele>480.7855806685984</ele>
        <time>1970-01-01T00:47:01Z</time>
        <extensions>
          <gpxtpx:TrackPointExtension>
            <gpxtpx:hr>190</gpxtpx:hr>
          </gpxtpx:TrackPointExtension>
        </extensions>
      </trkpt>
      <trkpt lat="30.475756419139497" lon="104.01952179321957">
        <ele>480.7927177231759</ele>
        <time>1970-01-01T00:47:02Z</time>
        <extensions>
          <gpxtpx:TrackPointExtension>
            <gpxtpx:hr>190</gpxtpx:hr>
          </gpxtpx:TrackPointExtension>
        </extensions>
      </trkpt>
      <trkpt lat="30.475781851456187" lon="104.01954214308908">
        <ele>480.79776265099645</ele>
        <time>1970-01-01T00:47:03Z</time>
        <extensions>
          <gpxtpx:TrackPointExtension>
            <gpxtpx:hr>190</gpxtpx:hr>
          </gpxtpx:TrackPointExtension>
        </extensions>
      </trkpt>
      <trkpt lat="30.47580741570796" lon="104.01955708868128">
        <ele>480.799567354843</ele>
        <time>1970-01-01T00:47:04Z</time>
        <extensions>
          <gpxtpx:TrackPointExtension>
            <gpxtpx:hr>190</gpxtpx:hr>
          </gpxtpx:TrackPointExtension>
        </extensions>
      </trkpt>
      <trkpt lat="30.475833722617853" lon="104.01956744410539">
        <ele>480.79676527064294</ele>
        <time>1970-01-01T00:47:05Z</time>
        <extensions>
          <gpxtpx:TrackPointExtension>
            <gpxtpx:hr>190</gpxtpx:hr>
          </gpxtpx:TrackPointExtension>
        </extensions>
      </trkpt>
      <trkpt lat="30.47586178340637" lon="104.019574050119">
        <ele>480.78822944127023</ele>
        <time>1970-01-01T00:47:06Z</time>
        <extensions>
          <gpxtpx:TrackPointExtension>
            <gpxtpx:hr>190</gpxtpx:hr>
          </gpxtpx:TrackPointExtension>
        </extensions>
      </trkpt>
      <trkpt lat="30.475892038924634" lon="104.01957782530025">
        <ele>480.7737006302923</ele>
        <time>1970-01-01T00:47:07Z</time>
        <extensions>
          <gpxtpx:TrackPointExtension>
            <gpxtpx:hr>190</gpxtpx:hr>
          </gpxtpx:TrackPointExtension>
        </extensions>
      </trkpt>
      <trkpt lat="30.475923349750616" lon="104.01957949148245">
        <ele>480.7538250936195</ele>
        <time>1970-01-01T00:47:08Z</time>
        <extensions>
          <gpxtpx:TrackPointExtension>
            <gpxtpx:hr>190</gpxtpx:hr>
          </gpxtpx:TrackPointExtension>
        </extensions>
      </trkpt>
      <trkpt lat="30.475954303776433" lon="104.01957943443492">
        <ele>480.7297659032047</ele>
        <time>1970-01-01T00:47:09Z</time>
        <extensions>
          <gpxtpx:TrackPointExtension>
            <gpxtpx:hr>190</gpxtpx:hr>
          </gpxtpx:TrackPointExtension>
        </extensions>
      </trkpt>
      <trkpt lat="30.475984924399306" lon="104.01957855207289">
        <ele>480.7026971327141</ele>
        <time>1970-01-01T00:47:10Z</time>
        <extensions>
          <gpxtpx:TrackPointExtension>
            <gpxtpx:hr>190</gpxtpx:hr>
          </gpxtpx:TrackPointExtension>
        </extensions>
      </trkpt>
      <trkpt lat="30.4760159455022" lon="104.0195779714465">
        <ele>480.6738244742155</ele>
        <time>1970-01-01T00:47:11Z</time>
        <extensions>
          <gpxtpx:TrackPointExtension>
            <gpxtpx:hr>190</gpxtpx:hr>
          </gpxtpx:TrackPointExtension>
        </extensions>
      </trkpt>
      <trkpt lat="30.476047635373558" lon="104.01958015524983">
        <ele>480.6442070538178</ele>
        <time>1970-01-01T00:47:12Z</time>
        <extensions>
          <gpxtpx:TrackPointExtension>
            <gpxtpx:hr>190</gpxtpx:hr>
          </gpxtpx:TrackPointExtension>
        </extensions>
      </trkpt>
      <trkpt lat="30.47607950753139" lon="104.01958614158461">
        <ele>480.6146614002064</ele>
        <time>1970-01-01T00:47:13Z</time>
        <extensions>
          <gpxtpx:TrackPointExtension>
            <gpxtpx:hr>190</gpxtpx:hr>
          </gpxtpx:TrackPointExtension>
        </extensions>
      </trkpt>
      <trkpt lat="30.47611118092476" lon="104.01959500714585">
        <ele>480.58589158579707</ele>
        <time>1970-01-01T00:47:14Z</time>
        <extensions>
          <gpxtpx:TrackPointExtension>
            <gpxtpx:hr>190</gpxtpx:hr>
          </gpxtpx:TrackPointExtension>
        </extensions>
      </trkpt>
      <trkpt lat="30.47614216967444" lon="104.01960448110795">
        <ele>480.55861304234713</ele>
        <time>1970-01-01T00:47:15Z</time>
        <extensions>
          <gpxtpx:TrackPointExtension>
            <gpxtpx:hr>190</gpxtpx:hr>
          </gpxtpx:TrackPointExtension>
        </extensions>
      </trkpt>
      <trkpt lat="30.476172275065828" lon="104.01961280535278">
        <ele>480.5332459844649</ele>
        <time>1970-01-01T00:47:16Z</time>
        <extensions>
          <gpxtpx:TrackPointExtension>
            <gpxtpx:hr>190</gpxtpx:hr>
          </gpxtpx:TrackPointExtension>
        </extensions>
      </trkpt>
      <trkpt lat="30.476202857619082" lon="104.01961923780352">
        <ele>480.50964313559234</ele>
        <time>1970-01-01T00:47:17Z</time>
        <extensions>
          <gpxtpx:TrackPointExtension>
            <gpxtpx:hr>191</gpxtpx:hr>
          </gpxtpx:TrackPointExtension>
        </extensions>
      </trkpt>
      <trkpt lat="30.47623439154053" lon="104.01962373499862">
        <ele>480.4871177598834</ele>
        <time>1970-01-01T00:47:18Z</time>
        <extensions>
          <gpxtpx:TrackPointExtension>
            <gpxtpx:hr>191</gpxtpx:hr>
          </gpxtpx:TrackPointExtension>
        </extensions>
      </trkpt>
      <trkpt lat="30.47626640560033" lon="104.01962679525047">
        <ele>480.46477068401873</ele>
        <time>1970-01-01T00:47:19Z</time>
        <extensions>
          <gpxtpx:TrackPointExtension>
            <gpxtpx:hr>191</gpxtpx:hr>
          </gpxtpx:TrackPointExtension>
        </extensions>
      </trkpt>
      <trkpt lat="30.47629851854402" lon="104.01962866023486">
        <ele>480.4419511901215</ele>
        <time>1970-01-01T00:47:20Z</time>
        <extensions>
          <gpxtpx:TrackPointExtension>
            <gpxtpx:hr>191</gpxtpx:hr>
          </gpxtpx:TrackPointExtension>
        </extensions>
      </trkpt>
      <trkpt lat="30.476330324376846" lon="104.01963016469733">
        <ele>480.4183606458828</ele>
        <time>1970-01-01T00:47:21Z</time>
        <extensions>
          <gpxtpx:TrackPointExtension>
            <gpxtpx:hr>191</gpxtpx:hr>
          </gpxtpx:TrackPointExtension>
        </extensions>
      </trkpt>
      <trkpt lat="30.476361226079852" lon="104.01963016668347">
        <ele>480.3939890060574</ele>
        <time>1970-01-01T00:47:22Z</time>
        <extensions>
          <gpxtpx:TrackPointExtension>
            <gpxtpx:hr>191</gpxtpx:hr>
          </gpxtpx:TrackPointExtension>
        </extensions>
      </trkpt>
      <trkpt lat="30.476391078205356" lon="104.01962765561609">
        <ele>480.369275117293</ele>
        <time>1970-01-01T00:47:23Z</time>
        <extensions>
          <gpxtpx:TrackPointExtension>
            <gpxtpx:hr>190</gpxtpx:hr>
          </gpxtpx:TrackPointExtension>
        </extensions>
      </trkpt>
      <trkpt lat="30.476420611248788" lon="104.01962290005478">
        <ele>480.3447573296726</ele>
        <time>1970-01-01T00:47:24Z</time>
        <extensions>
          <gpxtpx:TrackPointExtension>
            <gpxtpx:hr>190</gpxtpx:hr>
          </gpxtpx:TrackPointExtension>
        </extensions>
      </trkpt>
      <trkpt lat="30.476450817969802" lon="104.01961667393394">
        <ele>480.32101685833186</ele>
        <time>1970-01-01T00:47:25Z</time>
        <extensions>
          <gpxtpx:TrackPointExtension>
            <gpxtpx:hr>190</gpxtpx:hr>
          </gpxtpx:TrackPointExtension>
        </extensions>
      </trkpt>
      <trkpt lat="30.47648201649801" lon="104.01961017268275">
        <ele>480.298675336875</ele>
        <time>1970-01-01T00:47:26Z</time>
        <extensions>
          <gpxtpx:TrackPointExtension>
            <gpxtpx:hr>190</gpxtpx:hr>
          </gpxtpx:TrackPointExtension>
        </extensions>
      </trkpt>
      <trkpt lat="30.476513650670398" lon="104.01960515593656">
        <ele>480.27839327789843</ele>
        <time>1970-01-01T00:47:27Z</time>
        <extensions>
          <gpxtpx:TrackPointExtension>
            <gpxtpx:hr>190</gpxtpx:hr>
          </gpxtpx:TrackPointExtension>
        </extensions>
      </trkpt>
      <trkpt lat="30.476545472096344" lon="104.01960234909627">
        <ele>480.2608085302636</ele>
        <time>1970-01-01T00:47:28Z</time>
        <extensions>
          <gpxtpx:TrackPointExtension>
            <gpxtpx:hr>190</gpxtpx:hr>
          </gpxtpx:TrackPointExtension>
        </extensions>
      </trkpt>
      <trkpt lat="30.476576890353744" lon="104.01960017531127">
        <ele>480.2464949544519</ele>
        <time>1970-01-01T00:47:29Z</time>
        <extensions>
          <gpxtpx:TrackPointExtension>
            <gpxtpx:hr>189</gpxtpx:hr>
          </gpxtpx:TrackPointExtension>
        </extensions>
      </trkpt>
      <trkpt lat="30.47660741561079" lon="104.01959782429948">
        <ele>480.2358816219494</ele>
        <time>1970-01-01T00:47:30Z</time>
        <extensions>
          <gpxtpx:TrackPointExtension>
            <gpxtpx:hr>189</gpxtpx:hr>
          </gpxtpx:TrackPointExtension>
        </extensions>
      </trkpt>
      <trkpt lat="30.476637386437233" lon="104.01959452886338">
        <ele>480.22926233895123</ele>
        <time>1970-01-01T00:47:31Z</time>
        <extensions>
          <gpxtpx:TrackPointExtension>
            <gpxtpx:hr>189</gpxtpx:hr>
          </gpxtpx:TrackPointExtension>
        </extensions>
      </trkpt>
      <trkpt lat="30.47666726910578" lon="104.01959024096506">
        <ele>480.2266536569223</ele>
        <time>1970-01-01T00:47:32Z</time>
        <extensions>
          <gpxtpx:TrackPointExtension>
            <gpxtpx:hr>189</gpxtpx:hr>
          </gpxtpx:TrackPointExtension>
        </extensions>
      </trkpt>
      <trkpt lat="30.47669674705645" lon="104.01958489711431">
        <ele>480.2279363628477</ele>
        <time>1970-01-01T00:47:33Z</time>
        <extensions>
          <gpxtpx:TrackPointExtension>
            <gpxtpx:hr>189</gpxtpx:hr>
          </gpxtpx:TrackPointExtension>
        </extensions>
      </trkpt>
      <trkpt lat="30.476726010840245" lon="104.0195782772143">
        <ele>480.2328306520358</ele>
        <time>1970-01-01T00:47:34Z</time>
        <extensions>
          <gpxtpx:TrackPointExtension>
            <gpxtpx:hr>189</gpxtpx:hr>
          </gpxtpx:TrackPointExtension>
        </extensions>
      </trkpt>
      <trkpt lat="30.476755698514364" lon="104.01957044510597">
        <ele>480.24094751197845</ele>
        <time>1970-01-01T00:47:35Z</time>
        <extensions>
          <gpxtpx:TrackPointExtension>
            <gpxtpx:hr>189</gpxtpx:hr>
          </gpxtpx:TrackPointExtension>
        </extensions>
      </trkpt>
      <trkpt lat="30.476785194304615" lon="104.01956111119021">
        <ele>480.25191380735487</ele>
        <time>1970-01-01T00:47:36Z</time>
        <extensions>
          <gpxtpx:TrackPointExtension>
            <gpxtpx:hr>189</gpxtpx:hr>
          </gpxtpx:TrackPointExtension>
        </extensions>
      </trkpt>
      <trkpt lat="30.476814317122525" lon="104.01955101546699">
        <ele>480.26559972018003</ele>
        <time>1970-01-01T00:47:37Z</time>
        <extensions>
          <gpxtpx:TrackPointExtension>
            <gpxtpx:hr>189</gpxtpx:hr>
          </gpxtpx:TrackPointExtension>
        </extensions>
      </trkpt>
      <trkpt lat="30.476843744835005" lon="104.01954192323161">
        <ele>480.28174558933824</ele>
        <time>1970-01-01T00:47:38Z</time>
        <extensions>
          <gpxtpx:TrackPointExtension>
            <gpxtpx:hr>188</gpxtpx:hr>
          </gpxtpx:TrackPointExtension>
        </extensions>
      </trkpt>
      <trkpt lat="30.476873752051663" lon="104.0195344821603">
        <ele>480.3000374659896</ele>
        <time>1970-01-01T00:47:39Z</time>
        <extensions>
          <gpxtpx:TrackPointExtension>
            <gpxtpx:hr>188</gpxtpx:hr>
          </gpxtpx:TrackPointExtension>
        </extensions>
      </trkpt>
      <trkpt lat="30.4769045194832" lon="104.01952838997029">
        <ele>480.32016403600574</ele>
        <time>1970-01-01T00:47:40Z</time>
        <extensions>
          <gpxtpx:TrackPointExtension>
            <gpxtpx:hr>188</gpxtpx:hr>
          </gpxtpx:TrackPointExtension>
        </extensions>
      </trkpt>
      <trkpt lat="30.476936266098313" lon="104.01952370741333">
        <ele>480.3416355326772</ele>
        <time>1970-01-01T00:47:41Z</time>
        <extensions>
          <gpxtpx:TrackPointExtension>
            <gpxtpx:hr>188</gpxtpx:hr>
          </gpxtpx:TrackPointExtension>
        </extensions>
      </trkpt>
      <trkpt lat="30.476969065981027" lon="104.01951900940927">
        <ele>480.3637677580118</ele>
        <time>1970-01-01T00:47:42Z</time>
        <extensions>
          <gpxtpx:TrackPointExtension>
            <gpxtpx:hr>188</gpxtpx:hr>
          </gpxtpx:TrackPointExtension>
        </extensions>
      </trkpt>
      <trkpt lat="30.477002773902306" lon="104.01951464173369">
        <ele>480.3856333345175</ele>
        <time>1970-01-01T00:47:43Z</time>
        <extensions>
          <gpxtpx:TrackPointExtension>
            <gpxtpx:hr>188</gpxtpx:hr>
          </gpxtpx:TrackPointExtension>
        </extensions>
      </trkpt>
      <trkpt lat="30.47703584356161" lon="104.0195112814453">
        <ele>480.40609408915043</ele>
        <time>1970-01-01T00:47:44Z</time>
        <extensions>
          <gpxtpx:TrackPointExtension>
            <gpxtpx:hr>188</gpxtpx:hr>
          </gpxtpx:TrackPointExtension>
        </extensions>
      </trkpt>
      <trkpt lat="30.477067399858527" lon="104.01950836941198">
        <ele>480.4238280886784</ele>
        <time>1970-01-01T00:47:45Z</time>
        <extensions>
          <gpxtpx:TrackPointExtension>
            <gpxtpx:hr>188</gpxtpx:hr>
          </gpxtpx:TrackPointExtension>
        </extensions>
      </trkpt>
      <trkpt lat="30.477097982052552" lon="104.0195062769337">
        <ele>480.4377377377823</ele>
        <time>1970-01-01T00:47:46Z</time>
        <extensions>
          <gpxtpx:TrackPointExtension>
            <gpxtpx:hr>188</gpxtpx:hr>
          </gpxtpx:TrackPointExtension>
        </extensions>
      </trkpt>
      <trkpt lat="30.4771278821787" lon="104.01950601419007">
        <ele>480.4470971459523</ele>
        <time>1970-01-01T00:47:47Z</time>
        <extensions>
          <gpxtpx:TrackPointExtension>
            <gpxtpx:hr>188</gpxtpx:hr>
          </gpxtpx:TrackPointExtension>
        </extensions>
      </trkpt>
      <trkpt lat="30.477157628954735" lon="104.01950834776721">
        <ele>480.4517534421757</ele>
        <time>1970-01-01T00:47:48Z</time>
        <extensions>
          <gpxtpx:TrackPointExtension>
            <gpxtpx:hr>189</gpxtpx:hr>
          </gpxtpx:TrackPointExtension>
        </extensions>
      </trkpt>
      <trkpt lat="30.477187849710326" lon="104.01951251999003">
        <ele>480.45204947981983</ele>
        <time>1970-01-01T00:47:49Z</time>
        <extensions>
          <gpxtpx:TrackPointExtension>
            <gpxtpx:hr>189</gpxtpx:hr>
          </gpxtpx:TrackPointExtension>
        </extensions>
      </trkpt>
      <trkpt lat="30.477218972204177" lon="104.01951805717295">
        <ele>480.44868237990886</ele>
        <time>1970-01-01T00:47:50Z</time>
        <extensions>
          <gpxtpx:TrackPointExtension>
            <gpxtpx:hr>189</gpxtpx:hr>
          </gpxtpx:TrackPointExtension>
        </extensions>
      </trkpt>
      <trkpt lat="30.477250553807277" lon="104.0195249155534">
        <ele>480.4425613535568</ele>
        <time>1970-01-01T00:47:51Z</time>
        <extensions>
          <gpxtpx:TrackPointExtension>
            <gpxtpx:hr>189</gpxtpx:hr>
          </gpxtpx:TrackPointExtension>
        </extensions>
      </trkpt>
      <trkpt lat="30.477281444924824" lon="104.01953305941879">
        <ele>480.43462741561234</ele>
        <time>1970-01-01T00:47:52Z</time>
        <extensions>
          <gpxtpx:TrackPointExtension>
            <gpxtpx:hr>188</gpxtpx:hr>
          </gpxtpx:TrackPointExtension>
        </extensions>
      </trkpt>
      <trkpt lat="30.477310828348063" lon="104.01954137873561">
        <ele>480.4257265711203</ele>
        <time>1970-01-01T00:47:53Z</time>
        <extensions>
          <gpxtpx:TrackPointExtension>
            <gpxtpx:hr>188</gpxtpx:hr>
          </gpxtpx:TrackPointExtension>
        </extensions>
      </trkpt>
      <trkpt lat="30.477340218191177" lon="104.01954968770464">
        <ele>480.41653340123594</ele>
        <time>1970-01-01T00:47:54Z</time>
        <extensions>
          <gpxtpx:TrackPointExtension>
            <gpxtpx:hr>188</gpxtpx:hr>
          </gpxtpx:TrackPointExtension>
        </extensions>
      </trkpt>
      <trkpt lat="30.47737029598668" lon="104.01955870703974">
        <ele>480.40749236475676</ele>
        <time>1970-01-01T00:47:55Z</time>
        <extensions>
          <gpxtpx:TrackPointExtension>
            <gpxtpx:hr>188</gpxtpx:hr>
          </gpxtpx:TrackPointExtension>
        </extensions>
      </trkpt>
      <trkpt lat="30.477400060570307" lon="104.0195686908566">
        <ele>480.3986907834187</ele>
        <time>1970-01-01T00:47:56Z</time>
        <extensions>
          <gpxtpx:TrackPointExtension>
            <gpxtpx:hr>188</gpxtpx:hr>
          </gpxtpx:TrackPointExtension>
        </extensions>
      </trkpt>
      <trkpt lat="30.477430407366946" lon="104.01957996848283">
        <ele>480.38999695982784</ele>
        <time>1970-01-01T00:47:57Z</time>
        <extensions>
          <gpxtpx:TrackPointExtension>
            <gpxtpx:hr>187</gpxtpx:hr>
          </gpxtpx:TrackPointExtension>
        </extensions>
      </trkpt>
      <trkpt lat="30.477461328158437" lon="104.01959284128641">
        <ele>480.3812125036493</ele>
        <time>1970-01-01T00:47:58Z</time>
        <extensions>
          <gpxtpx:TrackPointExtension>
            <gpxtpx:hr>187</gpxtpx:hr>
          </gpxtpx:TrackPointExtension>
        </extensions>
      </trkpt>
      <trkpt lat="30.477491620199647" lon="104.01960789583877">
        <ele>480.37235128786415</ele>
        <time>1970-01-01T00:47:59Z</time>
        <extensions>
          <gpxtpx:TrackPointExtension>
            <gpxtpx:hr>187</gpxtpx:hr>
          </gpxtpx:TrackPointExtension>
        </extensions>
      </trkpt>
      <trkpt lat="30.477521325331086" lon="104.01962436808985">
        <ele>480.36343474220484</ele>
        <time>1970-01-01T00:48:00Z</time>
        <extensions>
          <gpxtpx:TrackPointExtension>
            <gpxtpx:hr>187</gpxtpx:hr>
          </gpxtpx:TrackPointExtension>
        </extensions>
      </trkpt>
      <trkpt lat="30.477551516514637" lon="104.01964254278407">
        <ele>480.3545091850683</ele>
        <time>1970-01-01T00:48:01Z</time>
        <extensions>
          <gpxtpx:TrackPointExtension>
            <gpxtpx:hr>187</gpxtpx:hr>
          </gpxtpx:TrackPointExtension>
        </extensions>
      </trkpt>
      <trkpt lat="30.47758175405365" lon="104.01966282562701">
        <ele>480.3456516703591</ele>
        <time>1970-01-01T00:48:02Z</time>
        <extensions>
          <gpxtpx:TrackPointExtension>
            <gpxtpx:hr>187</gpxtpx:hr>
          </gpxtpx:TrackPointExtension>
        </extensions>
      </trkpt>
      <trkpt lat="30.47761107729155" lon="104.01968496485405">
        <ele>480.3369690179825</ele>
        <time>1970-01-01T00:48:03Z</time>
        <extensions>
          <gpxtpx:TrackPointExtension>
            <gpxtpx:hr>187</gpxtpx:hr>
          </gpxtpx:TrackPointExtension>
        </extensions>
      </trkpt>
      <trkpt lat="30.47763941261909" lon="104.01970832160566">
        <ele>480.3286078963429</ele>
        <time>1970-01-01T00:48:04Z</time>
        <extensions>
          <gpxtpx:TrackPointExtension>
            <gpxtpx:hr>187</gpxtpx:hr>
          </gpxtpx:TrackPointExtension>
        </extensions>
      </trkpt>
      <trkpt lat="30.477667198103884" lon="104.01973253560429">
        <ele>480.3208431629464</ele>
        <time>1970-01-01T00:48:05Z</time>
        <extensions>
          <gpxtpx:TrackPointExtension>
            <gpxtpx:hr>187</gpxtpx:hr>
          </gpxtpx:TrackPointExtension>
        </extensions>
      </trkpt>
      <trkpt lat="30.477693935970873" lon="104.0197573088288">
        <ele>480.31407658662647</ele>
        <time>1970-01-01T00:48:06Z</time>
        <extensions>
          <gpxtpx:TrackPointExtension>
            <gpxtpx:hr>187</gpxtpx:hr>
          </gpxtpx:TrackPointExtension>
        </extensions>
      </trkpt>
      <trkpt lat="30.477718770002166" lon="104.01978209697457">
        <ele>480.30872812494636</ele>
        <time>1970-01-01T00:48:07Z</time>
        <extensions>
          <gpxtpx:TrackPointExtension>
            <gpxtpx:hr>187</gpxtpx:hr>
          </gpxtpx:TrackPointExtension>
        </extensions>
      </trkpt>
      <trkpt lat="30.477742264843602" lon="104.01980662454432">
        <ele>480.31023674458265</ele>
        <time>1970-01-01T00:48:08Z</time>
        <extensions>
          <gpxtpx:TrackPointExtension>
            <gpxtpx:hr>188</gpxtpx:hr>
          </gpxtpx:TrackPointExtension>
        </extensions>
      </trkpt>
      <trkpt lat="30.477764808717332" lon="104.01983077693068">
        <ele>480.30832388065755</ele>
        <time>1970-01-01T00:48:09Z</time>
        <extensions>
          <gpxtpx:TrackPointExtension>
            <gpxtpx:hr>188</gpxtpx:hr>
          </gpxtpx:TrackPointExtension>
        </extensions>
      </trkpt>
      <trkpt lat="30.47778611489808" lon="104.01985514996467">
        <ele>480.3021062426269</ele>
        <time>1970-01-01T00:48:10Z</time>
        <extensions>
          <gpxtpx:TrackPointExtension>
            <gpxtpx:hr>188</gpxtpx:hr>
          </gpxtpx:TrackPointExtension>
        </extensions>
      </trkpt>
      <trkpt lat="30.477807630237322" lon="104.01988033338405">
        <ele>480.2913619345054</ele>
        <time>1970-01-01T00:48:11Z</time>
        <extensions>
          <gpxtpx:TrackPointExtension>
            <gpxtpx:hr>188</gpxtpx:hr>
          </gpxtpx:TrackPointExtension>
        </extensions>
      </trkpt>
      <trkpt lat="30.4778301534102" lon="104.01990668370017">
        <ele>480.2775732781738</ele>
        <time>1970-01-01T00:48:12Z</time>
        <extensions>
          <gpxtpx:TrackPointExtension>
            <gpxtpx:hr>188</gpxtpx:hr>
          </gpxtpx:TrackPointExtension>
        </extensions>
      </trkpt>
      <trkpt lat="30.47785212751293" lon="104.01993351766778">
        <ele>480.26918558962643</ele>
        <time>1970-01-01T00:48:13Z</time>
        <extensions>
          <gpxtpx:TrackPointExtension>
            <gpxtpx:hr>188</gpxtpx:hr>
          </gpxtpx:TrackPointExtension>
        </extensions>
      </trkpt>
      <trkpt lat="30.47787295992526" lon="104.01996040349157">
        <ele>480.2690813932568</ele>
        <time>1970-01-01T00:48:14Z</time>
        <extensions>
          <gpxtpx:TrackPointExtension>
            <gpxtpx:hr>188</gpxtpx:hr>
          </gpxtpx:TrackPointExtension>
        </extensions>
      </trkpt>
      <trkpt lat="30.47789243158843" lon="104.01998720275617">
        <ele>480.28298668190837</ele>
        <time>1970-01-01T00:48:15Z</time>
        <extensions>
          <gpxtpx:TrackPointExtension>
            <gpxtpx:hr>188</gpxtpx:hr>
          </gpxtpx:TrackPointExtension>
        </extensions>
      </trkpt>
      <trkpt lat="30.47791059753495" lon="104.02001433692146">
        <ele>480.3172770375386</ele>
        <time>1970-01-01T00:48:16Z</time>
        <extensions>
          <gpxtpx:TrackPointExtension>
            <gpxtpx:hr>188</gpxtpx:hr>
          </gpxtpx:TrackPointExtension>
        </extensions>
      </trkpt>
      <trkpt lat="30.477927138420696" lon="104.02004260090074">
        <ele>480.3767466871068</ele>
        <time>1970-01-01T00:48:17Z</time>
        <extensions>
          <gpxtpx:TrackPointExtension>
            <gpxtpx:hr>188</gpxtpx:hr>
          </gpxtpx:TrackPointExtension>
        </extensions>
      </trkpt>
      <trkpt lat="30.47794219747371" lon="104.02007260352484">
        <ele>480.46259409654886</ele>
        <time>1970-01-01T00:48:18Z</time>
        <extensions>
          <gpxtpx:TrackPointExtension>
            <gpxtpx:hr>186</gpxtpx:hr>
          </gpxtpx:TrackPointExtension>
        </extensions>
      </trkpt>
      <trkpt lat="30.477956906928878" lon="104.02010359962595">
        <ele>480.58273030724376</ele>
        <time>1970-01-01T00:48:19Z</time>
        <extensions>
          <gpxtpx:TrackPointExtension>
            <gpxtpx:hr>186</gpxtpx:hr>
          </gpxtpx:TrackPointExtension>
        </extensions>
      </trkpt>
      <trkpt lat="30.4779720423407" lon="104.0201348771655">
        <ele>480.7364432262257</ele>
        <time>1970-01-01T00:48:20Z</time>
        <extensions>
          <gpxtpx:TrackPointExtension>
            <gpxtpx:hr>186</gpxtpx:hr>
          </gpxtpx:TrackPointExtension>
        </extensions>
      </trkpt>
      <trkpt lat="30.47798710640383" lon="104.0201656531666">
        <ele>480.92363017518073</ele>
        <time>1970-01-01T00:48:21Z</time>
        <extensions>
          <gpxtpx:TrackPointExtension>
            <gpxtpx:hr>186</gpxtpx:hr>
          </gpxtpx:TrackPointExtension>
        </extensions>
      </trkpt>
      <trkpt lat="30.478001985140107" lon="104.02019693170676">
        <ele>481.1315841451287</ele>
        <time>1970-01-01T00:48:22Z</time>
        <extensions>
          <gpxtpx:TrackPointExtension>
            <gpxtpx:hr>186</gpxtpx:hr>
          </gpxtpx:TrackPointExtension>
        </extensions>
      </trkpt>
      <trkpt lat="30.478016504083072" lon="104.02022985450651">
        <ele>481.3482808172703</ele>
        <time>1970-01-01T00:48:23Z</time>
        <extensions>
          <gpxtpx:TrackPointExtension>
            <gpxtpx:hr>188</gpxtpx:hr>
          </gpxtpx:TrackPointExtension>
        </extensions>
      </trkpt>
      <trkpt lat="30.478029875500155" lon="104.02026412071436">
        <ele>481.56807723362</ele>
        <time>1970-01-01T00:48:24Z</time>
        <extensions>
          <gpxtpx:TrackPointExtension>
            <gpxtpx:hr>188</gpxtpx:hr>
          </gpxtpx:TrackPointExtension>
        </extensions>
      </trkpt>
      <trkpt lat="30.47804157478451" lon="104.02029914015823">
        <ele>481.7862350717187</ele>
        <time>1970-01-01T00:48:25Z</time>
        <extensions>
          <gpxtpx:TrackPointExtension>
            <gpxtpx:hr>188</gpxtpx:hr>
          </gpxtpx:TrackPointExtension>
        </extensions>
      </trkpt>
      <trkpt lat="30.47805178295187" lon="104.02033447900529">
        <ele>481.99135587271303</ele>
        <time>1970-01-01T00:48:26Z</time>
        <extensions>
          <gpxtpx:TrackPointExtension>
            <gpxtpx:hr>188</gpxtpx:hr>
          </gpxtpx:TrackPointExtension>
        </extensions>
      </trkpt>
      <trkpt lat="30.478061590455166" lon="104.020369576322">
        <ele>482.181176610291</ele>
        <time>1970-01-01T00:48:27Z</time>
        <extensions>
          <gpxtpx:TrackPointExtension>
            <gpxtpx:hr>188</gpxtpx:hr>
          </gpxtpx:TrackPointExtension>
        </extensions>
      </trkpt>
      <trkpt lat="30.478071321251324" lon="104.02040378721219">
        <ele>482.355203056708</ele>
        <time>1970-01-01T00:48:28Z</time>
        <extensions>
          <gpxtpx:TrackPointExtension>
            <gpxtpx:hr>188</gpxtpx:hr>
          </gpxtpx:TrackPointExtension>
        </extensions>
      </trkpt>
      <trkpt lat="30.47808081626665" lon="104.02043860105752">
        <ele>482.50922844652086</ele>
        <time>1970-01-01T00:48:29Z</time>
        <extensions>
          <gpxtpx:TrackPointExtension>
            <gpxtpx:hr>188</gpxtpx:hr>
          </gpxtpx:TrackPointExtension>
        </extensions>
      </trkpt>
      <trkpt lat="30.478089965710407" lon="104.02047510282698">
        <ele>482.6435626670718</ele>
        <time>1970-01-01T00:48:30Z</time>
        <extensions>
          <gpxtpx:TrackPointExtension>
            <gpxtpx:hr>188</gpxtpx:hr>
          </gpxtpx:TrackPointExtension>
        </extensions>
      </trkpt>
      <trkpt lat="30.478098287448145" lon="104.02051324149443">
        <ele>482.76576153934</ele>
        <time>1970-01-01T00:48:31Z</time>
        <extensions>
          <gpxtpx:TrackPointExtension>
            <gpxtpx:hr>188</gpxtpx:hr>
          </gpxtpx:TrackPointExtension>
        </extensions>
      </trkpt>
      <trkpt lat="30.478105155064274" lon="104.02055131721895">
        <ele>482.8778884327039</ele>
        <time>1970-01-01T00:48:32Z</time>
        <extensions>
          <gpxtpx:TrackPointExtension>
            <gpxtpx:hr>188</gpxtpx:hr>
          </gpxtpx:TrackPointExtension>
        </extensions>
      </trkpt>
      <trkpt lat="30.47811009833959" lon="104.02058844311011">
        <ele>482.9857911784202</ele>
        <time>1970-01-01T00:48:33Z</time>
        <extensions>
          <gpxtpx:TrackPointExtension>
            <gpxtpx:hr>188</gpxtpx:hr>
          </gpxtpx:TrackPointExtension>
        </extensions>
      </trkpt>
      <trkpt lat="30.478112772865423" lon="104.02062499341196">
        <ele>483.09665413107723</ele>
        <time>1970-01-01T00:48:34Z</time>
        <extensions>
          <gpxtpx:TrackPointExtension>
            <gpxtpx:hr>187</gpxtpx:hr>
          </gpxtpx:TrackPointExtension>
        </extensions>
      </trkpt>
      <trkpt lat="30.47811338406271" lon="104.02066209526691">
        <ele>483.2146149100736</ele>
        <time>1970-01-01T00:48:35Z</time>
        <extensions>
          <gpxtpx:TrackPointExtension>
            <gpxtpx:hr>187</gpxtpx:hr>
          </gpxtpx:TrackPointExtension>
        </extensions>
      </trkpt>
      <trkpt lat="30.47811209719983" lon="104.02069981601667">
        <ele>483.33954978827387</ele>
        <time>1970-01-01T00:48:36Z</time>
        <extensions>
          <gpxtpx:TrackPointExtension>
            <gpxtpx:hr>187</gpxtpx:hr>
          </gpxtpx:TrackPointExtension>
        </extensions>
      </trkpt>
      <trkpt lat="30.47810892305726" lon="104.02073828110052">
        <ele>483.4726068181917</ele>
        <time>1970-01-01T00:48:37Z</time>
        <extensions>
          <gpxtpx:TrackPointExtension>
            <gpxtpx:hr>187</gpxtpx:hr>
          </gpxtpx:TrackPointExtension>
        </extensions>
      </trkpt>
      <trkpt lat="30.47810441341366" lon="104.02077731250904">
        <ele>483.61601441912353</ele>
        <time>1970-01-01T00:48:38Z</time>
        <extensions>
          <gpxtpx:TrackPointExtension>
            <gpxtpx:hr>187</gpxtpx:hr>
          </gpxtpx:TrackPointExtension>
        </extensions>
      </trkpt>
      <trkpt lat="30.478099981067817" lon="104.02081539247304">
        <ele>483.7717183493078</ele>
        <time>1970-01-01T00:48:39Z</time>
        <extensions>
          <gpxtpx:TrackPointExtension>
            <gpxtpx:hr>187</gpxtpx:hr>
          </gpxtpx:TrackPointExtension>
        </extensions>
      </trkpt>
      <trkpt lat="30.478095940137017" lon="104.02085236447584">
        <ele>483.87837217282504</ele>
        <time>1970-01-01T00:48:40Z</time>
        <extensions>
          <gpxtpx:TrackPointExtension>
            <gpxtpx:hr>187</gpxtpx:hr>
          </gpxtpx:TrackPointExtension>
        </extensions>
      </trkpt>
      <trkpt lat="30.478090960552663" lon="104.02088890881969">
        <ele>483.9602742958814</ele>
        <time>1970-01-01T00:48:41Z</time>
        <extensions>
          <gpxtpx:TrackPointExtension>
            <gpxtpx:hr>187</gpxtpx:hr>
          </gpxtpx:TrackPointExtension>
        </extensions>
      </trkpt>
      <trkpt lat="30.478084741503718" lon="104.0209249234471">
        <ele>484.0023474097252</ele>
        <time>1970-01-01T00:48:42Z</time>
        <extensions>
          <gpxtpx:TrackPointExtension>
            <gpxtpx:hr>187</gpxtpx:hr>
          </gpxtpx:TrackPointExtension>
        </extensions>
      </trkpt>
      <trkpt lat="30.47807816436253" lon="104.02096128439146">
        <ele>483.9909015838057</ele>
        <time>1970-01-01T00:48:43Z</time>
        <extensions>
          <gpxtpx:TrackPointExtension>
            <gpxtpx:hr>188</gpxtpx:hr>
          </gpxtpx:TrackPointExtension>
        </extensions>
      </trkpt>
      <trkpt lat="30.47807171645885" lon="104.02099854069449">
        <ele>483.9158494537696</ele>
        <time>1970-01-01T00:48:44Z</time>
        <extensions>
          <gpxtpx:TrackPointExtension>
            <gpxtpx:hr>188</gpxtpx:hr>
          </gpxtpx:TrackPointExtension>
        </extensions>
      </trkpt>
      <trkpt lat="30.478065787968784" lon="104.02103592170272">
        <ele>483.77072017267346</ele>
        <time>1970-01-01T00:48:45Z</time>
        <extensions>
          <gpxtpx:TrackPointExtension>
            <gpxtpx:hr>188</gpxtpx:hr>
          </gpxtpx:TrackPointExtension>
        </extensions>
      </trkpt>
      <trkpt lat="30.478059816024974" lon="104.02107244141827">
        <ele>483.5531678935513</ele>
        <time>1970-01-01T00:48:46Z</time>
        <extensions>
          <gpxtpx:TrackPointExtension>
            <gpxtpx:hr>188</gpxtpx:hr>
          </gpxtpx:TrackPointExtension>
        </extensions>
      </trkpt>
      <trkpt lat="30.478053093743924" lon="104.02110739896351">
        <ele>483.2655707653612</ele>
        <time>1970-01-01T00:48:47Z</time>
        <extensions>
          <gpxtpx:TrackPointExtension>
            <gpxtpx:hr>188</gpxtpx:hr>
          </gpxtpx:TrackPointExtension>
        </extensions>
      </trkpt>
      <trkpt lat="30.478046087554294" lon="104.02114052192583">
        <ele>482.91526688821614</ele>
        <time>1970-01-01T00:48:48Z</time>
        <extensions>
          <gpxtpx:TrackPointExtension>
            <gpxtpx:hr>188</gpxtpx:hr>
          </gpxtpx:TrackPointExtension>
        </extensions>
      </trkpt>
      <trkpt lat="30.478038381424085" lon="104.02117253815102">
        <ele>482.5168345021084</ele>
        <time>1970-01-01T00:48:49Z</time>
        <extensions>
          <gpxtpx:TrackPointExtension>
            <gpxtpx:hr>188</gpxtpx:hr>
          </gpxtpx:TrackPointExtension>
        </extensions>
      </trkpt>
    </trkseg>
  </trk>
</gpx>