<?xml version="1.0" encoding="UTF-8"?>
<gpx xmlns="http://www.topografix.com/GPX/1/1" xmlns:gpxtpx="http://www.garmin.com/xmlschemas/TrackPointExtension/v1" xmlns:xsi="http://www.w3.org/2001/XMLSchema-instance" xsi:schemaLocation="http://www.topografix.com/GPX/1/1 http://www.topografix.com/GPX/1/1/gpx.xsd" version="1.1" creator="gpx.py -- https://github.com/tkrajina/gpxpy">
  <trk>
    <name>gpx from keep</name>
    <type>Run</type>
    <trkseg>
      <trkpt lat="30.490754603155416" lon="104.02279913522445">
        <ele>485.2938801953569</ele>
        <time>2026-07-16T13:15:11Z</time>
        <extensions>
          <gpxtpx:TrackPointExtension>
            <gpxtpx:hr>97</gpxtpx:hr>
          </gpxtpx:TrackPointExtension>
        </extensions>
      </trkpt>
      <trkpt lat="30.490742669111437" lon="104.02272884158931">
        <ele>485.06857907772064</ele>
        <time>2026-07-16T13:15:15Z</time>
        <extensions>
          <gpxtpx:TrackPointExtension>
            <gpxtpx:hr>97</gpxtpx:hr>
          </gpxtpx:TrackPointExtension>
        </extensions>
      </trkpt>
      <trkpt lat="30.49077137167822" lon="104.02260904706894">
        <ele>485.36263643205166</ele>
        <time>2026-07-16T13:15:19Z</time>
        <extensions>
          <gpxtpx:TrackPointExtension>
            <gpxtpx:hr>97</gpxtpx:hr>
          </gpxtpx:TrackPointExtension>
        </extensions>
      </trkpt>
      <trkpt lat="30.49077161852987" lon="104.02249432396371">
        <ele>486.4820369333029</ele>
        <time>2026-07-16T13:15:23Z</time>
        <extensions>
          <gpxtpx:TrackPointExtension>
            <gpxtpx:hr>97</gpxtpx:hr>
          </gpxtpx:TrackPointExtension>
        </extensions>
      </trkpt>
      <trkpt lat="30.490795712634853" lon="104.02230139511252">
        <ele>487.2638311581686</ele>
        <time>2026-07-16T13:15:31Z</time>
        <extensions>
          <gpxtpx:TrackPointExtension>
            <gpxtpx:hr>102</gpxtpx:hr>
          </gpxtpx:TrackPointExtension>
        </extensions>
      </trkpt>
      <trkpt lat="30.490809651764526" lon="104.02189367862543">
        <ele>487.6283845100552</ele>
        <time>2026-07-16T13:15:47Z</time>
        <extensions>
          <gpxtpx:TrackPointExtension>
            <gpxtpx:hr>105</gpxtpx:hr>
          </gpxtpx:TrackPointExtension>
        </extensions>
      </trkpt>
      <trkpt lat="30.49081744345259" lon="104.02165876492843">
        <ele>488.5111318845302</ele>
        <time>2026-07-16T13:15:55Z</time>
        <extensions>
          <gpxtpx:TrackPointExtension>
            <gpxtpx:hr>105</gpxtpx:hr>
          </gpxtpx:TrackPointExtension>
        </extensions>
      </trkpt>
      <trkpt lat="30.490794898967295" lon="104.02151248553042">
        <ele>489.16137449909</ele>
        <time>2026-07-16T13:15:59Z</time>
        <extensions>
          <gpxtpx:TrackPointExtension>
            <gpxtpx:hr>105</gpxtpx:hr>
          </gpxtpx:TrackPointExtension>
        </extensions>
      </trkpt>
      <trkpt lat="30.490847236277663" lon="104.02115739803793">
        <ele>489.8285327842459</ele>
        <time>2026-07-16T13:16:11Z</time>
      </trkpt>
      <trkpt lat="30.49084980139015" lon="104.0210671587045">
        <ele>489.95264981593937</ele>
        <time>2026-07-16T13:16:15Z</time>
      </trkpt>
      <trkpt lat="30.49076897258423" lon="104.02103051477809">
        <ele>490.1568089360371</ele>
        <time>2026-07-16T13:16:19Z</time>
      </trkpt>
      <trkpt lat="30.490720504161732" lon="104.02106873783383">
        <ele>491.347662367858</ele>
        <time>2026-07-16T13:16:23Z</time>
      </trkpt>
      <trkpt lat="30.490548745152513" lon="104.02102399919714">
        <ele>489.47965675778687</ele>
        <time>2026-07-16T13:16:31Z</time>
      </trkpt>
      <trkpt lat="30.490384911268038" lon="104.02093706459941">
        <ele>491.346345175989</ele>
        <time>2026-07-16T13:16:35Z</time>
      </trkpt>
      <trkpt lat="30.490304782064882" lon="104.02085949379233">
        <ele>491.78337744250894</ele>
        <time>2026-07-16T13:16:39Z</time>
      </trkpt>
      <trkpt lat="30.489348305644086" lon="104.0218529404064">
        <ele>494.78651556282983</ele>
        <time>2026-07-16T13:17:50Z</time>
      </trkpt>
      <trkpt lat="30.48950742285525" lon="104.02182087886271">
        <ele>495.1369322673193</ele>
        <time>2026-07-16T13:17:54Z</time>
      </trkpt>
      <trkpt lat="30.48943256771087" lon="104.02201844059799">
        <ele>492.18195149141746</ele>
        <time>2026-07-16T13:17:57Z</time>
      </trkpt>
      <trkpt lat="30.489389817258704" lon="104.02213145928685">
        <ele>492.188174759617</ele>
        <time>2026-07-16T13:18:01Z</time>
      </trkpt>
      <trkpt lat="30.489373278070868" lon="104.0222357775242">
        <ele>491.90883096214384</ele>
        <time>2026-07-16T13:18:05Z</time>
      </trkpt>
      <trkpt lat="30.489390209521915" lon="104.02254153614906">
        <ele>490.7193851787597</ele>
        <time>2026-07-16T13:18:18Z</time>
      </trkpt>
      <trkpt lat="30.489430984020114" lon="104.0226118673752">
        <ele>490.4267690293491</ele>
        <time>2026-07-16T13:18:21Z</time>
      </trkpt>
      <trkpt lat="30.489567556779654" lon="104.0226614204102">
        <ele>490.64961873274297</ele>
        <time>2026-07-16T13:18:27Z</time>
      </trkpt>
      <trkpt lat="30.489869467874176" lon="104.02275490144535">
        <ele>489.22992910444736</ele>
        <time>2026-07-16T13:18:42Z</time>
      </trkpt>
      <trkpt lat="30.489982047227283" lon="104.0228287633012">
        <ele>489.48055195622146</ele>
        <time>2026-07-16T13:18:48Z</time>
      </trkpt>
      <trkpt lat="30.49006845553961" lon="104.02283057921274">
        <ele>489.01153349597007</ele>
        <time>2026-07-16T13:18:51Z</time>
      </trkpt>
      <trkpt lat="30.490183043120542" lon="104.02275930263131">
        <ele>488.3835846753791</ele>
        <time>2026-07-16T13:18:57Z</time>
      </trkpt>
      <trkpt lat="30.49049235934783" lon="104.02280031137454">
        <ele>488.23500138614327</ele>
        <time>2026-07-16T13:19:09Z</time>
      </trkpt>
      <trkpt lat="30.490630185384752" lon="104.02284189930052">
        <ele>487.52110026869923</ele>
        <time>2026-07-16T13:19:15Z</time>
      </trkpt>
      <trkpt lat="30.490691443356507" lon="104.02281859804431">
        <ele>487.16866931691766</ele>
        <time>2026-07-16T13:19:18Z</time>
      </trkpt>
      <trkpt lat="30.490737977892458" lon="104.02274267840848">
        <ele>487.51910091750324</ele>
        <time>2026-07-16T13:19:21Z</time>
      </trkpt>
      <trkpt lat="30.490788650602852" lon="104.02239449070602">
        <ele>486.6977945128456</ele>
        <time>2026-07-16T13:19:33Z</time>
      </trkpt>
      <trkpt lat="30.49079393709411" lon="104.02231399286529">
        <ele>486.20146976970136</ele>
        <time>2026-07-16T13:19:36Z</time>
      </trkpt>
      <trkpt lat="30.49077814480408" lon="104.02223150048363">
        <ele>486.73086693603545</ele>
        <time>2026-07-16T13:19:39Z</time>
      </trkpt>
      <trkpt lat="30.490793953379494" lon="104.02206011706699">
        <ele>487.133448375389</ele>
        <time>2026-07-16T13:19:45Z</time>
      </trkpt>
      <trkpt lat="30.490785358874763" lon="104.02196780866981">
        <ele>486.97307823598385</ele>
        <time>2026-07-16T13:19:48Z</time>
      </trkpt>
      <trkpt lat="30.49080917470177" lon="104.02161116305689">
        <ele>487.87594475317746</ele>
        <time>2026-07-16T13:20:00Z</time>
      </trkpt>
      <trkpt lat="30.490827270462532" lon="104.02123155783083">
        <ele>489.66937337629497</ele>
        <time>2026-07-16T13:20:13Z</time>
      </trkpt>
      <trkpt lat="30.490820385541323" lon="104.02106708985117">
        <ele>489.00706116482615</ele>
        <time>2026-07-16T13:20:19Z</time>
      </trkpt>
      <trkpt lat="30.49076655957633" lon="104.02102605875885">
        <ele>488.89263232424855</ele>
        <time>2026-07-16T13:20:22Z</time>
      </trkpt>
      <trkpt lat="30.490571495249988" lon="104.02103488143744">
        <ele>490.03011522162706</ele>
        <time>2026-07-16T13:20:34Z</time>
      </trkpt>
      <trkpt lat="30.490288102275816" lon="104.02088028690372">
        <ele>491.32025309931487</ele>
        <time>2026-07-16T13:20:43Z</time>
      </trkpt>
      <trkpt lat="30.490220027882067" lon="104.02084188093687">
        <ele>491.50128125492483</ele>
        <time>2026-07-16T13:20:46Z</time>
      </trkpt>
      <trkpt lat="30.48998204691736" lon="104.02084423344036">
        <ele>492.5878152800724</ele>
        <time>2026-07-16T13:20:55Z</time>
      </trkpt>
      <trkpt lat="30.489863924232342" lon="104.02091317368338">
        <ele>493.099130731076</ele>
        <time>2026-07-16T13:21:01Z</time>
      </trkpt>
      <trkpt lat="30.489683187076118" lon="104.0209581333093">
        <ele>492.65325787104666</ele>
        <time>2026-07-16T13:21:10Z</time>
      </trkpt>
      <trkpt lat="30.489491383287312" lon="104.02092590184772">
        <ele>492.72957254201174</ele>
        <time>2026-07-16T13:21:16Z</time>
      </trkpt>
      <trkpt lat="30.48940473426702" lon="104.02093641381637">
        <ele>492.9741202183068</ele>
        <time>2026-07-16T13:21:19Z</time>
      </trkpt>
      <trkpt lat="30.489353594156327" lon="104.02100549302996">
        <ele>493.7760211341083</ele>
        <time>2026-07-16T13:21:22Z</time>
      </trkpt>
      <trkpt lat="30.489320683099084" lon="104.02117480541293">
        <ele>494.0998142147437</ele>
        <time>2026-07-16T13:21:28Z</time>
      </trkpt>
      <trkpt lat="30.489324536722833" lon="104.0214237732518">
        <ele>493.27618306316435</ele>
        <time>2026-07-16T13:21:37Z</time>
      </trkpt>
      <trkpt lat="30.48934803579514" lon="104.02160087036036">
        <ele>494.12835006415844</ele>
        <time>2026-07-16T13:21:43Z</time>
      </trkpt>
      <trkpt lat="30.489316402976375" lon="104.02177079320815">
        <ele>493.7092228438705</ele>
        <time>2026-07-16T13:21:49Z</time>
      </trkpt>
      <trkpt lat="30.489373415056054" lon="104.02202055391545">
        <ele>493.50031020957977</ele>
        <time>2026-07-16T13:21:58Z</time>
      </trkpt>
      <trkpt lat="30.489383924445715" lon="104.0222784638673">
        <ele>492.6554223187268</ele>
        <time>2026-07-16T13:22:07Z</time>
      </trkpt>
      <trkpt lat="30.489407350956654" lon="104.02247389433816">
        <ele>492.55361050367355</ele>
        <time>2026-07-16T13:22:14Z</time>
      </trkpt>
      <trkpt lat="30.48940013827827" lon="104.02255878865806">
        <ele>491.7319710450247</ele>
        <time>2026-07-16T13:22:17Z</time>
      </trkpt>
      <trkpt lat="30.489445131636057" lon="104.02262194663669">
        <ele>491.2408358491957</ele>
        <time>2026-07-16T13:22:20Z</time>
      </trkpt>
      <trkpt lat="30.489739827565938" lon="104.02268048009071">
        <ele>490.3232398647815</ele>
        <time>2026-07-16T13:22:32Z</time>
      </trkpt>
      <trkpt lat="30.48980426113591" lon="104.02271791862465">
        <ele>489.8169848266989</ele>
        <time>2026-07-16T13:22:35Z</time>
      </trkpt>
      <trkpt lat="30.48988140532798" lon="104.0227368137787">
        <ele>490.1372957257554</ele>
        <time>2026-07-16T13:22:38Z</time>
      </trkpt>
      <trkpt lat="30.489988496141798" lon="104.02284126985995">
        <ele>489.68979106564075</ele>
        <time>2026-07-16T13:22:44Z</time>
      </trkpt>
      <trkpt lat="30.49005787126939" lon="104.02285000874268">
        <ele>488.8386814715341</ele>
        <time>2026-07-16T13:22:47Z</time>
      </trkpt>
      <trkpt lat="30.490255880582453" lon="104.02275927064899">
        <ele>488.35690194834024</ele>
        <time>2026-07-16T13:22:56Z</time>
      </trkpt>
      <trkpt lat="30.49041485726623" lon="104.02278277176761">
        <ele>488.2237540911883</ele>
        <time>2026-07-16T13:23:02Z</time>
      </trkpt>
      <trkpt lat="30.490574270749406" lon="104.02283892951932">
        <ele>487.8171987393871</ele>
        <time>2026-07-16T13:23:08Z</time>
      </trkpt>
      <trkpt lat="30.490714774495572" lon="104.02283465990594">
        <ele>487.82423119433224</ele>
        <time>2026-07-16T13:23:14Z</time>
      </trkpt>
      <trkpt lat="30.490756584594564" lon="104.0227527218285">
        <ele>487.03985405992717</ele>
        <time>2026-07-16T13:23:17Z</time>
      </trkpt>
      <trkpt lat="30.490746366958113" lon="104.02266064320992">
        <ele>487.0165330693126</ele>
        <time>2026-07-16T13:23:20Z</time>
      </trkpt>
      <trkpt lat="30.490769023475938" lon="104.02256158729585">
        <ele>487.0083252545446</ele>
        <time>2026-07-16T13:23:23Z</time>
      </trkpt>
      <trkpt lat="30.490762338409123" lon="104.02247243484042">
        <ele>486.9240185311064</ele>
        <time>2026-07-16T13:23:26Z</time>
      </trkpt>
      <trkpt lat="30.490798128764602" lon="104.02221971720819">
        <ele>487.75071277748793</ele>
        <time>2026-07-16T13:23:35Z</time>
      </trkpt>
      <trkpt lat="30.49080743925526" lon="104.02187742105859">
        <ele>488.54496766999364</ele>
        <time>2026-07-16T13:23:47Z</time>
      </trkpt>
      <trkpt lat="30.490816358724537" lon="104.02169947388391">
        <ele>489.1031677238643</ele>
        <time>2026-07-16T13:23:53Z</time>
      </trkpt>
      <trkpt lat="30.490799702012826" lon="104.02147172982994">
        <ele>488.7156917890534</ele>
        <time>2026-07-16T13:24:02Z</time>
      </trkpt>
      <trkpt lat="30.490775516319058" lon="104.0213642345897">
        <ele>489.41481442563236</ele>
        <time>2026-07-16T13:24:05Z</time>
      </trkpt>
      <trkpt lat="30.49080573751489" lon="104.02111149220195">
        <ele>489.6003445480019</ele>
        <time>2026-07-16T13:24:14Z</time>
      </trkpt>
      <trkpt lat="30.490788010182463" lon="104.02103756739923">
        <ele>489.222207326442</ele>
        <time>2026-07-16T13:24:17Z</time>
      </trkpt>
      <trkpt lat="30.490491690961903" lon="104.02106333336741">
        <ele>491.55058913398534</ele>
        <time>2026-07-16T13:24:32Z</time>
      </trkpt>
      <trkpt lat="30.490373769758556" lon="104.02099181901404">
        <ele>492.12889765016735</ele>
        <time>2026-07-16T13:24:36Z</time>
      </trkpt>
      <trkpt lat="30.49027081078188" lon="104.02089828232884">
        <ele>492.8039755728096</ele>
        <time>2026-07-16T13:24:40Z</time>
      </trkpt>
      <trkpt lat="30.49018569089961" lon="104.02086152493654">
        <ele>492.30487978085876</ele>
        <time>2026-07-16T13:24:44Z</time>
      </trkpt>
      <trkpt lat="30.490100698037814" lon="104.02084990715696">
        <ele>493.0839185975492</ele>
        <time>2026-07-16T13:24:48Z</time>
      </trkpt>
      <trkpt lat="30.4900156001831" lon="104.02086578551148">
        <ele>494.38992917817086</ele>
        <time>2026-07-16T13:24:52Z</time>
      </trkpt>
      <trkpt lat="30.489749486215867" lon="104.02096907251719">
        <ele>493.98111864645034</ele>
        <time>2026-07-16T13:25:05Z</time>
      </trkpt>
      <trkpt lat="30.48959608268034" lon="104.0209730339263">
        <ele>493.755121152848</ele>
        <time>2026-07-16T13:25:11Z</time>
      </trkpt>
      <trkpt lat="30.48949346656306" lon="104.0209488633175">
        <ele>493.41402183752507</ele>
        <time>2026-07-16T13:25:14Z</time>
      </trkpt>
      <trkpt lat="30.48940567423801" lon="104.02095540378252">
        <ele>493.87048536352813</ele>
        <time>2026-07-16T13:25:17Z</time>
      </trkpt>
      <trkpt lat="30.4893734952432" lon="104.02103118351118">
        <ele>493.8033668473363</ele>
        <time>2026-07-16T13:25:20Z</time>
      </trkpt>
      <trkpt lat="30.48937117400253" lon="104.0211050411445">
        <ele>493.87363377492875</ele>
        <time>2026-07-16T13:25:23Z</time>
      </trkpt>
      <trkpt lat="30.48931111304852" lon="104.0212793365594">
        <ele>494.0277326591313</ele>
        <time>2026-07-16T13:25:29Z</time>
      </trkpt>
      <trkpt lat="30.48933699168664" lon="104.02145456573545">
        <ele>494.16397591959685</ele>
        <time>2026-07-16T13:25:35Z</time>
      </trkpt>
      <trkpt lat="30.489332048642346" lon="104.02179962685658">
        <ele>493.8958703959361</ele>
        <time>2026-07-16T13:25:47Z</time>
      </trkpt>
      <trkpt lat="30.489392295848067" lon="104.02213397983161">
        <ele>492.5936098759994</ele>
        <time>2026-07-16T13:25:59Z</time>
      </trkpt>
      <trkpt lat="30.48937426824103" lon="104.02223012316945">
        <ele>491.9659555880353</ele>
        <time>2026-07-16T13:26:02Z</time>
      </trkpt>
      <trkpt lat="30.48939196745996" lon="104.02248781882706">
        <ele>491.10902935639024</ele>
        <time>2026-07-16T13:26:11Z</time>
      </trkpt>
      <trkpt lat="30.48942940824997" lon="104.02262122725018">
        <ele>490.5520009668544</ele>
        <time>2026-07-16T13:26:17Z</time>
      </trkpt>
      <trkpt lat="30.489767218794064" lon="104.02266947894547">
        <ele>490.07877718564123</ele>
        <time>2026-07-16T13:26:30Z</time>
      </trkpt>
      <trkpt lat="30.489869064515293" lon="104.02270829820975">
        <ele>489.47387098055333</ele>
        <time>2026-07-16T13:26:34Z</time>
      </trkpt>
      <trkpt lat="30.490024371825072" lon="104.02283192350775">
        <ele>489.0748583851382</ele>
        <time>2026-07-16T13:26:42Z</time>
      </trkpt>
      <trkpt lat="30.490207872661642" lon="104.02278027660961">
        <ele>488.7857662718743</ele>
        <time>2026-07-16T13:26:50Z</time>
      </trkpt>
      <trkpt lat="30.490391964698606" lon="104.02277431485557">
        <ele>486.932454444468</ele>
        <time>2026-07-16T13:26:58Z</time>
      </trkpt>
      <trkpt lat="30.490614409315416" lon="104.02283711255086">
        <ele>486.70057898387313</ele>
        <time>2026-07-16T13:27:06Z</time>
      </trkpt>
      <trkpt lat="30.490704785032882" lon="104.0228387518194">
        <ele>486.51774971280247</ele>
        <time>2026-07-16T13:27:10Z</time>
      </trkpt>
      <trkpt lat="30.490750131779233" lon="104.02274596529946">
        <ele>487.5188722824678</ele>
        <time>2026-07-16T13:27:14Z</time>
      </trkpt>
      <trkpt lat="30.490795195713005" lon="104.02236851935655">
        <ele>486.7503491509706</ele>
        <time>2026-07-16T13:27:26Z</time>
      </trkpt>
      <trkpt lat="30.490799916748077" lon="104.02203609870521">
        <ele>488.42463411483914</ele>
        <time>2026-07-16T13:27:38Z</time>
      </trkpt>
      <trkpt lat="30.490799479935845" lon="104.02194509722214">
        <ele>488.3242174927145</ele>
        <time>2026-07-16T13:27:41Z</time>
      </trkpt>
      <trkpt lat="30.490825488080915" lon="104.02168400755015">
        <ele>488.84487084671855</ele>
        <time>2026-07-16T13:27:50Z</time>
      </trkpt>
      <trkpt lat="30.49080838141288" lon="104.02159573884205">
        <ele>488.76905345823616</ele>
        <time>2026-07-16T13:27:53Z</time>
      </trkpt>
      <trkpt lat="30.49081777651857" lon="104.02135245885549">
        <ele>489.54451577179134</ele>
        <time>2026-07-16T13:28:02Z</time>
      </trkpt>
      <trkpt lat="30.49083719333266" lon="104.02126770268671">
        <ele>489.33758213277906</ele>
        <time>2026-07-16T13:28:05Z</time>
      </trkpt>
      <trkpt lat="30.490812670518398" lon="104.0211059020856">
        <ele>489.6925243008882</ele>
        <time>2026-07-16T13:28:11Z</time>
      </trkpt>
      <trkpt lat="30.490778491044143" lon="104.02105949949244">
        <ele>489.92903297767043</ele>
        <time>2026-07-16T13:28:14Z</time>
      </trkpt>
      <trkpt lat="30.49056061847411" lon="104.02107581664752">
        <ele>491.76681398879737</ele>
        <time>2026-07-16T13:28:26Z</time>
      </trkpt>
      <trkpt lat="30.490463155641958" lon="104.02105392104069">
        <ele>492.04585548024625</ele>
        <time>2026-07-16T13:28:29Z</time>
      </trkpt>
      <trkpt lat="30.49025718292104" lon="104.02088367320606">
        <ele>493.3277185903862</ele>
        <time>2026-07-16T13:28:37Z</time>
      </trkpt>
      <trkpt lat="30.490064972476645" lon="104.02084596100453">
        <ele>493.28111000172794</ele>
        <time>2026-07-16T13:28:45Z</time>
      </trkpt>
      <trkpt lat="30.489887678892725" lon="104.02094052837732">
        <ele>493.3838159618899</ele>
        <time>2026-07-16T13:28:53Z</time>
      </trkpt>
      <trkpt lat="30.489722772037585" lon="104.02098524048417">
        <ele>493.68604292254895</ele>
        <time>2026-07-16T13:29:01Z</time>
      </trkpt>
      <trkpt lat="30.489504866767522" lon="104.02096329963271">
        <ele>493.94927389826626</ele>
        <time>2026-07-16T13:29:09Z</time>
      </trkpt>
      <trkpt lat="30.48938134638852" lon="104.0209787214622">
        <ele>493.7794318422675</ele>
        <time>2026-07-16T13:29:13Z</time>
      </trkpt>
      <trkpt lat="30.48934694368294" lon="104.02116794344609">
        <ele>494.2477612635121</ele>
        <time>2026-07-16T13:29:21Z</time>
      </trkpt>
      <trkpt lat="30.48932798467893" lon="104.02149704146346">
        <ele>494.5112889735028</ele>
        <time>2026-07-16T13:29:33Z</time>
      </trkpt>
      <trkpt lat="30.48930409533967" lon="104.02160787024657">
        <ele>494.38464446924627</ele>
        <time>2026-07-16T13:29:37Z</time>
      </trkpt>
      <trkpt lat="30.48930407798661" lon="104.0218512973395">
        <ele>493.0367133487016</ele>
        <time>2026-07-16T13:29:45Z</time>
      </trkpt>
      <trkpt lat="30.489358889586878" lon="104.02194982230036">
        <ele>492.35940316319466</ele>
        <time>2026-07-16T13:29:48Z</time>
      </trkpt>
      <trkpt lat="30.489391452794845" lon="104.02229622960459">
        <ele>491.8814854491502</ele>
        <time>2026-07-16T13:30:00Z</time>
      </trkpt>
      <trkpt lat="30.4894167950776" lon="104.02255088589158">
        <ele>490.79633116256446</ele>
        <time>2026-07-16T13:30:09Z</time>
      </trkpt>
      <trkpt lat="30.48943656672478" lon="104.02262165657937">
        <ele>489.52979507576674</ele>
        <time>2026-07-16T13:30:12Z</time>
      </trkpt>
      <trkpt lat="30.48973318273002" lon="104.0226780202523">
        <ele>490.01446174364537</ele>
        <time>2026-07-16T13:30:24Z</time>
      </trkpt>
      <trkpt lat="30.48980386621479" lon="104.02268054136402">
        <ele>489.5629131058231</ele>
        <time>2026-07-16T13:30:27Z</time>
      </trkpt>
      <trkpt lat="30.489993363416872" lon="104.02283609570506">
        <ele>488.80808187648654</ele>
        <time>2026-07-16T13:30:36Z</time>
      </trkpt>
      <trkpt lat="30.490088846004117" lon="104.02284136425598">
        <ele>488.3675258886069</ele>
        <time>2026-07-16T13:30:40Z</time>
      </trkpt>
      <trkpt lat="30.490186258915717" lon="104.02279502956608">
        <ele>488.12233115453273</ele>
        <time>2026-07-16T13:30:44Z</time>
      </trkpt>
      <trkpt lat="30.490365326892096" lon="104.02277462460107">
        <ele>487.2210840629414</ele>
        <time>2026-07-16T13:30:52Z</time>
      </trkpt>
      <trkpt lat="30.49058675553338" lon="104.02283035984723">
        <ele>486.673421818763</ele>
        <time>2026-07-16T13:31:00Z</time>
      </trkpt>
      <trkpt lat="30.490680545226155" lon="104.02283828705222">
        <ele>485.63277211785316</ele>
        <time>2026-07-16T13:31:04Z</time>
      </trkpt>
      <trkpt lat="30.49074816960206" lon="104.02278534934476">
        <ele>486.7647431800142</ele>
        <time>2026-07-16T13:31:08Z</time>
      </trkpt>
      <trkpt lat="30.490744580999095" lon="104.02268400057804">
        <ele>487.2793196197599</ele>
        <time>2026-07-16T13:31:12Z</time>
      </trkpt>
      <trkpt lat="30.49080109802025" lon="104.02241942515731">
        <ele>486.3178370008245</ele>
        <time>2026-07-16T13:31:20Z</time>
      </trkpt>
      <trkpt lat="30.490806008028557" lon="104.02209198772765">
        <ele>487.73114845715463</ele>
        <time>2026-07-16T13:31:32Z</time>
      </trkpt>
      <trkpt lat="30.490819168539538" lon="104.0217370313085">
        <ele>488.33474223688245</ele>
        <time>2026-07-16T13:31:44Z</time>
      </trkpt>
      <trkpt lat="30.490821071865543" lon="104.02138962725157">
        <ele>489.568094114773</ele>
        <time>2026-07-16T13:31:56Z</time>
      </trkpt>
      <trkpt lat="30.4908449836854" lon="104.0212767605199">
        <ele>489.9123507682234</ele>
        <time>2026-07-16T13:32:00Z</time>
      </trkpt>
      <trkpt lat="30.49082660485635" lon="104.02105949391529">
        <ele>490.2245699390769</ele>
        <time>2026-07-16T13:32:08Z</time>
      </trkpt>
      <trkpt lat="30.490615716280633" lon="104.02108049742755">
        <ele>491.4092123117298</ele>
        <time>2026-07-16T13:32:20Z</time>
      </trkpt>
      <trkpt lat="30.490482725926654" lon="104.0210388182842">
        <ele>491.8297429885715</ele>
        <time>2026-07-16T13:32:24Z</time>
      </trkpt>
      <trkpt lat="30.490260385010007" lon="104.0208626975112">
        <ele>492.66571713332087</ele>
        <time>2026-07-16T13:32:32Z</time>
      </trkpt>
      <trkpt lat="30.49007101871373" lon="104.02084329709993">
        <ele>493.5719965836033</ele>
        <time>2026-07-16T13:32:40Z</time>
      </trkpt>
      <trkpt lat="30.48998552611749" lon="104.02086745024691">
        <ele>493.7559084761888</ele>
        <time>2026-07-16T13:32:43Z</time>
      </trkpt>
      <trkpt lat="30.489814887524105" lon="104.02095901704904">
        <ele>493.87345371209085</ele>
        <time>2026-07-16T13:32:51Z</time>
      </trkpt>
      <trkpt lat="30.4896435359114" lon="104.02098317887761">
        <ele>494.28822981659323</ele>
        <time>2026-07-16T13:32:59Z</time>
      </trkpt>
      <trkpt lat="30.48953520214781" lon="104.0209652919225">
        <ele>493.58399435691535</ele>
        <time>2026-07-16T13:33:03Z</time>
      </trkpt>
      <trkpt lat="30.489397721013766" lon="104.02096644465107">
        <ele>494.3976863939315</ele>
        <time>2026-07-16T13:33:07Z</time>
      </trkpt>
      <trkpt lat="30.489340349578978" lon="104.02106350824242">
        <ele>494.532857587561</ele>
        <time>2026-07-16T13:33:11Z</time>
      </trkpt>
      <trkpt lat="30.48932134077466" lon="104.0213158914768">
        <ele>494.06201193574816</ele>
        <time>2026-07-16T13:33:19Z</time>
      </trkpt>
      <trkpt lat="30.48933999585784" lon="104.02166317326521">
        <ele>494.11996366176754</ele>
        <time>2026-07-16T13:33:31Z</time>
      </trkpt>
      <trkpt lat="30.48932661465238" lon="104.02189112439679">
        <ele>493.1598694836721</ele>
        <time>2026-07-16T13:33:39Z</time>
      </trkpt>
      <trkpt lat="30.489377208249945" lon="104.02223911377044">
        <ele>492.10503848828375</ele>
        <time>2026-07-16T13:33:51Z</time>
      </trkpt>
      <trkpt lat="30.48937692263411" lon="104.02247161758925">
        <ele>490.82432382926345</ele>
        <time>2026-07-16T13:33:59Z</time>
      </trkpt>
      <trkpt lat="30.48940525238929" lon="104.0225787947747">
        <ele>490.5284759225324</ele>
        <time>2026-07-16T13:34:03Z</time>
      </trkpt>
      <trkpt lat="30.48944864910723" lon="104.02265075490556">
        <ele>490.0211942046881</ele>
        <time>2026-07-16T13:34:07Z</time>
      </trkpt>
      <trkpt lat="30.48966607537303" lon="104.02265571466513">
        <ele>491.0424224101007</ele>
        <time>2026-07-16T13:34:15Z</time>
      </trkpt>
      <trkpt lat="30.48987036366609" lon="104.02271890796219">
        <ele>489.7010672194883</ele>
        <time>2026-07-16T13:34:23Z</time>
      </trkpt>
      <trkpt lat="30.49004127349773" lon="104.02285469373241">
        <ele>488.5461160829291</ele>
        <time>2026-07-16T13:34:31Z</time>
      </trkpt>
      <trkpt lat="30.49021628645481" lon="104.02279764937809">
        <ele>487.99693580996245</ele>
        <time>2026-07-16T13:34:39Z</time>
      </trkpt>
      <trkpt lat="30.490390267479512" lon="104.02278704896683">
        <ele>486.83970831148326</ele>
        <time>2026-07-16T13:34:47Z</time>
      </trkpt>
      <trkpt lat="30.490686328533986" lon="104.02284134703599">
        <ele>485.90465598367155</ele>
        <time>2026-07-16T13:34:59Z</time>
      </trkpt>
      <trkpt lat="30.490757597160854" lon="104.02273937474543">
        <ele>486.1433818405494</ele>
        <time>2026-07-16T13:35:03Z</time>
      </trkpt>
      <trkpt lat="30.490754285214702" lon="104.02262311586759">
        <ele>486.97268110048026</ele>
        <time>2026-07-16T13:35:07Z</time>
      </trkpt>
      <trkpt lat="30.490814897711807" lon="104.02240136219787">
        <ele>486.72955108527094</ele>
        <time>2026-07-16T13:35:15Z</time>
      </trkpt>
      <trkpt lat="30.490808302197358" lon="104.02203914416309">
        <ele>487.4371104463935</ele>
        <time>2026-07-16T13:35:27Z</time>
      </trkpt>
      <trkpt lat="30.49081314140699" lon="104.02167868207482">
        <ele>487.9644662477076</ele>
        <time>2026-07-16T13:35:39Z</time>
      </trkpt>
      <trkpt lat="30.49082822764703" lon="104.02146578447757">
        <ele>488.8169270651415</ele>
        <time>2026-07-16T13:35:47Z</time>
      </trkpt>
      <trkpt lat="30.49082071183912" lon="104.02135297259971">
        <ele>488.9930404406041</ele>
        <time>2026-07-16T13:35:51Z</time>
      </trkpt>
      <trkpt lat="30.49084047496552" lon="104.02123878423279">
        <ele>489.0661469157785</ele>
        <time>2026-07-16T13:35:55Z</time>
      </trkpt>
      <trkpt lat="30.49083283173841" lon="104.02103375451696">
        <ele>489.95724119618535</ele>
        <time>2026-07-16T13:36:03Z</time>
      </trkpt>
      <trkpt lat="30.49055384744974" lon="104.02103545282083">
        <ele>491.6421048780903</ele>
        <time>2026-07-16T13:36:15Z</time>
      </trkpt>
      <trkpt lat="30.490436568052047" lon="104.02100737715685">
        <ele>491.3320592418313</ele>
        <time>2026-07-16T13:36:19Z</time>
      </trkpt>
      <trkpt lat="30.490238840309676" lon="104.02085975954472">
        <ele>493.1340146996081</ele>
        <time>2026-07-16T13:36:27Z</time>
      </trkpt>
      <trkpt lat="30.490049407056038" lon="104.0208324105342">
        <ele>493.4390193326399</ele>
        <time>2026-07-16T13:36:35Z</time>
      </trkpt>
      <trkpt lat="30.489763091561446" lon="104.02093024633041">
        <ele>493.5335053410381</ele>
        <time>2026-07-16T13:36:47Z</time>
      </trkpt>
      <trkpt lat="30.48954327901759" lon="104.02095140589464">
        <ele>494.2232754882425</ele>
        <time>2026-07-16T13:36:58Z</time>
      </trkpt>
      <trkpt lat="30.48942415188865" lon="104.02093869823733">
        <ele>493.7944249631837</ele>
        <time>2026-07-16T13:37:02Z</time>
      </trkpt>
      <trkpt lat="30.489351155139836" lon="104.02102541444303">
        <ele>494.35067611932755</ele>
        <time>2026-07-16T13:37:06Z</time>
      </trkpt>
      <trkpt lat="30.48935520296687" lon="104.02135796286817">
        <ele>494.26181445177644</ele>
        <time>2026-07-16T13:37:18Z</time>
      </trkpt>
      <trkpt lat="30.489335515076974" lon="104.02159852357657">
        <ele>494.33407366182655</ele>
        <time>2026-07-16T13:37:26Z</time>
      </trkpt>
      <trkpt lat="30.489361746563702" lon="104.02193161598754">
        <ele>492.5622600596398</ele>
        <time>2026-07-16T13:37:38Z</time>
      </trkpt>
      <trkpt lat="30.489405402219113" lon="104.02217598238387">
        <ele>492.3755143713206</ele>
        <time>2026-07-16T13:37:46Z</time>
      </trkpt>
      <trkpt lat="30.489391905108434" lon="104.02241305408292">
        <ele>491.39327150024474</ele>
        <time>2026-07-16T13:37:54Z</time>
      </trkpt>
      <trkpt lat="30.489415201079012" lon="104.0226336338213">
        <ele>490.97373388148844</ele>
        <time>2026-07-16T13:38:02Z</time>
      </trkpt>
      <trkpt lat="30.48973451582041" lon="104.02266681011207">
        <ele>489.92890876345336</ele>
        <time>2026-07-16T13:38:14Z</time>
      </trkpt>
      <trkpt lat="30.489837329995453" lon="104.02268665939272">
        <ele>489.84914285317063</ele>
        <time>2026-07-16T13:38:18Z</time>
      </trkpt>
      <trkpt lat="30.489985950745222" lon="104.02282909796394">
        <ele>489.1262471880764</ele>
        <time>2026-07-16T13:38:26Z</time>
      </trkpt>
      <trkpt lat="30.490091416266896" lon="104.02283397366294">
        <ele>488.6243631504476</ele>
        <time>2026-07-16T13:38:30Z</time>
      </trkpt>
      <trkpt lat="30.490187566006156" lon="104.02279444802843">
        <ele>488.0162992309779</ele>
        <time>2026-07-16T13:38:34Z</time>
      </trkpt>
      <trkpt lat="30.490392256854758" lon="104.02278406235806">
        <ele>487.79780446738005</ele>
        <time>2026-07-16T13:38:42Z</time>
      </trkpt>
      <trkpt lat="30.490663506317652" lon="104.02283885666486">
        <ele>485.7113430034369</ele>
        <time>2026-07-16T13:38:54Z</time>
      </trkpt>
      <trkpt lat="30.49073800096996" lon="104.02275948474484">
        <ele>486.4867760166526</ele>
        <time>2026-07-16T13:38:58Z</time>
      </trkpt>
      <trkpt lat="30.490759436835386" lon="104.02267886971474">
        <ele>486.71015105675906</ele>
        <time>2026-07-16T13:39:01Z</time>
      </trkpt>
      <trkpt lat="30.490771989108207" lon="104.0225037741673">
        <ele>486.4997380943969</ele>
        <time>2026-07-16T13:39:07Z</time>
      </trkpt>
      <trkpt lat="30.490810709453914" lon="104.02219490700654">
        <ele>486.6728621609509</ele>
        <time>2026-07-16T13:39:17Z</time>
      </trkpt>
      <trkpt lat="30.490811129309556" lon="104.02185163711866">
        <ele>487.6150768166408</ele>
        <time>2026-07-16T13:39:29Z</time>
      </trkpt>
      <trkpt lat="30.490818717327826" lon="104.02150002898675">
        <ele>488.52009378466755</ele>
        <time>2026-07-16T13:39:41Z</time>
      </trkpt>
      <trkpt lat="30.490819025126516" lon="104.02114930788252">
        <ele>489.306707251817</ele>
        <time>2026-07-16T13:39:53Z</time>
      </trkpt>
      <trkpt lat="30.490817944354344" lon="104.02105976425435">
        <ele>489.7957439944148</ele>
        <time>2026-07-16T13:39:57Z</time>
      </trkpt>
      <trkpt lat="30.49075599749637" lon="104.02102465885774">
        <ele>491.1939008226618</ele>
        <time>2026-07-16T13:40:01Z</time>
      </trkpt>
      <trkpt lat="30.490692399814975" lon="104.02106536083923">
        <ele>491.22481549717486</ele>
        <time>2026-07-16T13:40:05Z</time>
      </trkpt>
      <trkpt lat="30.49044907053508" lon="104.02103208500962">
        <ele>491.9476550081745</ele>
        <time>2026-07-16T13:40:13Z</time>
      </trkpt>
      <trkpt lat="30.490341687930698" lon="104.02096461612177">
        <ele>492.49355474766344</ele>
        <time>2026-07-16T13:40:17Z</time>
      </trkpt>
      <trkpt lat="30.490255965444838" lon="104.02087646829652">
        <ele>492.77596679423004</ele>
        <time>2026-07-16T13:40:21Z</time>
      </trkpt>
      <trkpt lat="30.49017099712393" lon="104.02085096645376">
        <ele>492.38773095048964</ele>
        <time>2026-07-16T13:40:25Z</time>
      </trkpt>
      <trkpt lat="30.490070918676807" lon="104.02084514826116">
        <ele>493.18851192481816</ele>
        <time>2026-07-16T13:40:29Z</time>
      </trkpt>
      <trkpt lat="30.48980830707876" lon="104.02095530163434">
        <ele>493.7743539623916</ele>
        <time>2026-07-16T13:40:41Z</time>
      </trkpt>
      <trkpt lat="30.48951286008896" lon="104.02096027371104">
        <ele>493.794914893806</ele>
        <time>2026-07-16T13:40:53Z</time>
      </trkpt>
      <trkpt lat="30.489384901146845" lon="104.02095368898324">
        <ele>493.1333247674629</ele>
        <time>2026-07-16T13:40:57Z</time>
      </trkpt>
      <trkpt lat="30.48932572325651" lon="104.02102997669854">
        <ele>494.93667710758746</ele>
        <time>2026-07-16T13:41:01Z</time>
      </trkpt>
      <trkpt lat="30.48932291160125" lon="104.02111509572042">
        <ele>494.95979759749025</ele>
        <time>2026-07-16T13:41:04Z</time>
      </trkpt>
      <trkpt lat="30.48935335353735" lon="104.02120625821982">
        <ele>494.3590401224792</ele>
        <time>2026-07-16T13:41:07Z</time>
      </trkpt>
      <trkpt lat="30.489353489691936" lon="104.02137003602736">
        <ele>494.6744637442753</ele>
        <time>2026-07-16T13:41:13Z</time>
      </trkpt>
      <trkpt lat="30.489322829022626" lon="104.02146422733763">
        <ele>494.48135027475655</ele>
        <time>2026-07-16T13:41:16Z</time>
      </trkpt>
      <trkpt lat="30.489328411766092" lon="104.02170310836864">
        <ele>493.62366118934005</ele>
        <time>2026-07-16T13:41:24Z</time>
      </trkpt>
      <trkpt lat="30.489311707368866" lon="104.02182213632385">
        <ele>493.4269513860345</ele>
        <time>2026-07-16T13:41:28Z</time>
      </trkpt>
      <trkpt lat="30.489390956364243" lon="104.02204773212434">
        <ele>492.8643076000735</ele>
        <time>2026-07-16T13:41:36Z</time>
      </trkpt>
      <trkpt lat="30.48940794229639" lon="104.02241781811605">
        <ele>491.5489554647356</ele>
        <time>2026-07-16T13:41:48Z</time>
      </trkpt>
      <trkpt lat="30.489404606477933" lon="104.0225385051275">
        <ele>490.61098929308355</ele>
        <time>2026-07-16T13:41:52Z</time>
      </trkpt>
      <trkpt lat="30.48944220643944" lon="104.0226399158488">
        <ele>489.0655237454921</ele>
        <time>2026-07-16T13:41:56Z</time>
      </trkpt>
      <trkpt lat="30.489744673220176" lon="104.02266690753271">
        <ele>489.66620406508446</ele>
        <time>2026-07-16T13:42:08Z</time>
      </trkpt>
      <trkpt lat="30.48985303194018" lon="104.02271779113522">
        <ele>489.3722972953692</ele>
        <time>2026-07-16T13:42:12Z</time>
      </trkpt>
      <trkpt lat="30.48991864619033" lon="104.02279445702666">
        <ele>489.3635986018926</ele>
        <time>2026-07-16T13:42:16Z</time>
      </trkpt>
      <trkpt lat="30.490000446188358" lon="104.02284723829659">
        <ele>488.526768470183</ele>
        <time>2026-07-16T13:42:20Z</time>
      </trkpt>
      <trkpt lat="30.490107318926686" lon="104.0228391991515">
        <ele>488.47879484668374</ele>
        <time>2026-07-16T13:42:24Z</time>
      </trkpt>
      <trkpt lat="30.490288592666086" lon="104.02278275760001">
        <ele>487.55616103485227</ele>
        <time>2026-07-16T13:42:32Z</time>
      </trkpt>
      <trkpt lat="30.490391065911563" lon="104.02278067432611">
        <ele>486.93455341644585</ele>
        <time>2026-07-16T13:42:36Z</time>
      </trkpt>
      <trkpt lat="30.490682127764313" lon="104.02285256031439">
        <ele>486.1475947489962</ele>
        <time>2026-07-16T13:42:48Z</time>
      </trkpt>
      <trkpt lat="30.490749614569683" lon="104.02275838663986">
        <ele>485.5739621827379</ele>
        <time>2026-07-16T13:42:52Z</time>
      </trkpt>
      <trkpt lat="30.490793899223902" lon="104.02241365047176">
        <ele>486.4081280408427</ele>
        <time>2026-07-16T13:43:04Z</time>
      </trkpt>
      <trkpt lat="30.49080616304654" lon="104.02228949722128">
        <ele>486.37130748759955</ele>
        <time>2026-07-16T13:43:08Z</time>
      </trkpt>
      <trkpt lat="30.490796137627722" lon="104.02192299110531">
        <ele>487.41650445293635</ele>
        <time>2026-07-16T13:43:20Z</time>
      </trkpt>
      <trkpt lat="30.490810660593183" lon="104.02159410551083">
        <ele>488.7770451810211</ele>
        <time>2026-07-16T13:43:41Z</time>
      </trkpt>
      <trkpt lat="30.49080849567197" lon="104.0213679856754">
        <ele>489.13467524107546</ele>
        <time>2026-07-16T13:43:49Z</time>
      </trkpt>
      <trkpt lat="30.49083315018426" lon="104.02125087949858">
        <ele>489.2828869698569</ele>
        <time>2026-07-16T13:43:53Z</time>
      </trkpt>
      <trkpt lat="30.490824662175175" lon="104.02105032954188">
        <ele>489.8223289884627</ele>
        <time>2026-07-16T13:44:01Z</time>
      </trkpt>
      <trkpt lat="30.49075313507988" lon="104.02104008830864">
        <ele>492.12928700633347</ele>
        <time>2026-07-16T13:44:05Z</time>
      </trkpt>
      <trkpt lat="30.490661653191196" lon="104.02106224197578">
        <ele>491.59346193354577</ele>
        <time>2026-07-16T13:44:09Z</time>
      </trkpt>
      <trkpt lat="30.490538228023016" lon="104.02106101930477">
        <ele>491.91619229037315</ele>
        <time>2026-07-16T13:44:13Z</time>
      </trkpt>
      <trkpt lat="30.490397134682034" lon="104.02101607968679">
        <ele>491.9460569182411</ele>
        <time>2026-07-16T13:44:17Z</time>
      </trkpt>
      <trkpt lat="30.49022909124432" lon="104.02087544204511">
        <ele>492.2718287371099</ele>
        <time>2026-07-16T13:44:25Z</time>
      </trkpt>
      <trkpt lat="30.490132975995397" lon="104.02085134251197">
        <ele>492.4739733925089</ele>
        <time>2026-07-16T13:44:29Z</time>
      </trkpt>
      <trkpt lat="30.49003432069629" lon="104.02085527711101">
        <ele>493.22809940204024</ele>
        <time>2026-07-16T13:44:33Z</time>
      </trkpt>
      <trkpt lat="30.489839229873" lon="104.0209392280331">
        <ele>493.74872374068946</ele>
        <time>2026-07-16T13:44:41Z</time>
      </trkpt>
      <trkpt lat="30.489660060226342" lon="104.0209739330844">
        <ele>493.5646108016372</ele>
        <time>2026-07-16T13:44:49Z</time>
      </trkpt>
      <trkpt lat="30.48942864456629" lon="104.02095146405424">
        <ele>494.46836492978036</ele>
        <time>2026-07-16T13:44:57Z</time>
      </trkpt>
      <trkpt lat="30.489343543034973" lon="104.02101846810356">
        <ele>494.28472970984876</ele>
        <time>2026-07-16T13:45:01Z</time>
      </trkpt>
      <trkpt lat="30.489347918508358" lon="104.02124738670587">
        <ele>494.88612514548004</ele>
        <time>2026-07-16T13:45:09Z</time>
      </trkpt>
      <trkpt lat="30.489365233188476" lon="104.02137111816658">
        <ele>494.6650204937905</ele>
        <time>2026-07-16T13:45:13Z</time>
      </trkpt>
      <trkpt lat="30.489323256061066" lon="104.02145288595818">
        <ele>493.80846056807786</ele>
        <time>2026-07-16T13:45:16Z</time>
      </trkpt>
      <trkpt lat="30.489332812665342" lon="104.02175420156253">
        <ele>493.0845653852448</ele>
        <time>2026-07-16T13:45:26Z</time>
      </trkpt>
      <trkpt lat="30.489397015300888" lon="104.0220239889114">
        <ele>492.616647108458</ele>
        <time>2026-07-16T13:45:36Z</time>
      </trkpt>
      <trkpt lat="30.489395901831827" lon="104.02237945075751">
        <ele>491.616043061018</ele>
        <time>2026-07-16T13:45:48Z</time>
      </trkpt>
      <trkpt lat="30.489436115564082" lon="104.0226101295878">
        <ele>490.0358703872189</ele>
        <time>2026-07-16T13:45:56Z</time>
      </trkpt>
      <trkpt lat="30.489740099158972" lon="104.0226656316821">
        <ele>490.04913461301476</ele>
        <time>2026-07-16T13:46:08Z</time>
      </trkpt>
      <trkpt lat="30.489853223989748" lon="104.0227096378297">
        <ele>489.3254400268197</ele>
        <time>2026-07-16T13:46:12Z</time>
      </trkpt>
      <trkpt lat="30.489938005841033" lon="104.02276405763676">
        <ele>490.42452464532107</ele>
        <time>2026-07-16T13:46:16Z</time>
      </trkpt>
      <trkpt lat="30.490003813208613" lon="104.02284194058082">
        <ele>488.9154661940411</ele>
        <time>2026-07-16T13:46:20Z</time>
      </trkpt>
      <trkpt lat="30.49010516396631" lon="104.0228374217024">
        <ele>488.4574586637318</ele>
        <time>2026-07-16T13:46:24Z</time>
      </trkpt>
      <trkpt lat="30.490199656765718" lon="104.02280296435406">
        <ele>488.17448378913105</ele>
        <time>2026-07-16T13:46:28Z</time>
      </trkpt>
      <trkpt lat="30.490481390865284" lon="104.02281605075113">
        <ele>487.3448057435453</ele>
        <time>2026-07-16T13:46:40Z</time>
      </trkpt>
      <trkpt lat="30.490680328485965" lon="104.02285980502685">
        <ele>486.0963193178177</ele>
        <time>2026-07-16T13:46:48Z</time>
      </trkpt>
      <trkpt lat="30.490746623778858" lon="104.02274826865451">
        <ele>485.43067017942667</ele>
        <time>2026-07-16T13:46:52Z</time>
      </trkpt>
      <trkpt lat="30.490776443034605" lon="104.02239788874982">
        <ele>487.177265512757</ele>
        <time>2026-07-16T13:47:04Z</time>
      </trkpt>
      <trkpt lat="30.49080356303404" lon="104.02203090344253">
        <ele>487.2360555380583</ele>
        <time>2026-07-16T13:47:16Z</time>
      </trkpt>
      <trkpt lat="30.4908198228222" lon="104.02172018749374">
        <ele>487.5989786852151</ele>
        <time>2026-07-16T13:47:27Z</time>
      </trkpt>
      <trkpt lat="30.49080668821618" lon="104.02137140040256">
        <ele>488.25575049594045</ele>
        <time>2026-07-16T13:47:39Z</time>
      </trkpt>
      <trkpt lat="30.490834542702984" lon="104.0211554872543">
        <ele>489.37520369142294</ele>
        <time>2026-07-16T13:47:47Z</time>
      </trkpt>
      <trkpt lat="30.490806213365357" lon="104.02105743255194">
        <ele>489.9065624717623</ele>
        <time>2026-07-16T13:47:51Z</time>
      </trkpt>
      <trkpt lat="30.490445408415113" lon="104.02104531624892">
        <ele>491.460243280977</ele>
        <time>2026-07-16T13:48:07Z</time>
      </trkpt>
      <trkpt lat="30.490339352334267" lon="104.02097125956978">
        <ele>492.35838436800987</ele>
        <time>2026-07-16T13:48:11Z</time>
      </trkpt>
      <trkpt lat="30.490262740744694" lon="104.02088874623809">
        <ele>492.36962143238634</ele>
        <time>2026-07-16T13:48:15Z</time>
      </trkpt>
      <trkpt lat="30.49006995413893" lon="104.02085420399418">
        <ele>492.54347625840455</ele>
        <time>2026-07-16T13:48:23Z</time>
      </trkpt>
      <trkpt lat="30.489971545471214" lon="104.02086359683328">
        <ele>493.3342177802697</ele>
        <time>2026-07-16T13:48:27Z</time>
      </trkpt>
      <trkpt lat="30.489894708762538" lon="104.02092591953938">
        <ele>493.4000088898465</ele>
        <time>2026-07-16T13:48:31Z</time>
      </trkpt>
      <trkpt lat="30.489625252584826" lon="104.0209748405715">
        <ele>493.4067380130291</ele>
        <time>2026-07-16T13:48:43Z</time>
      </trkpt>
      <trkpt lat="30.489507461771954" lon="104.02094716790354">
        <ele>493.4794439356774</ele>
        <time>2026-07-16T13:48:47Z</time>
      </trkpt>
      <trkpt lat="30.48939374682603" lon="104.02096553012966">
        <ele>493.3195616994053</ele>
        <time>2026-07-16T13:48:51Z</time>
      </trkpt>
      <trkpt lat="30.48932721633171" lon="104.02103446749642">
        <ele>494.4714058302343</ele>
        <time>2026-07-16T13:48:55Z</time>
      </trkpt>
      <trkpt lat="30.489328042853142" lon="104.02116154045683">
        <ele>494.6717248093337</ele>
        <time>2026-07-16T13:48:59Z</time>
      </trkpt>
      <trkpt lat="30.48928810211551" lon="104.02127595158328">
        <ele>493.97563775535673</ele>
        <time>2026-07-16T13:49:03Z</time>
      </trkpt>
      <trkpt lat="30.489342043089522" lon="104.02161217448088">
        <ele>493.1412234669551</ele>
        <time>2026-07-16T13:49:15Z</time>
      </trkpt>
      <trkpt lat="30.489338284632947" lon="104.02182868348973">
        <ele>492.8529502367601</ele>
        <time>2026-07-16T13:49:23Z</time>
      </trkpt>
      <trkpt lat="30.489396049263465" lon="104.02201180123187">
        <ele>492.837423578836</ele>
        <time>2026-07-16T13:49:30Z</time>
      </trkpt>
      <trkpt lat="30.489391256122776" lon="104.02236592389373">
        <ele>491.21085261926055</ele>
        <time>2026-07-16T13:49:41Z</time>
      </trkpt>
      <trkpt lat="30.489385446173806" lon="104.02248479145082">
        <ele>491.17567354347557</ele>
        <time>2026-07-16T13:49:45Z</time>
      </trkpt>
      <trkpt lat="30.4894254509219" lon="104.02258625256486">
        <ele>490.3939257534221</ele>
        <time>2026-07-16T13:49:49Z</time>
      </trkpt>
      <trkpt lat="30.489487989215824" lon="104.02263839626892">
        <ele>489.0727263558656</ele>
        <time>2026-07-16T13:49:53Z</time>
      </trkpt>
      <trkpt lat="30.489684658099193" lon="104.02266359574567">
        <ele>490.4174268664792</ele>
        <time>2026-07-16T13:50:01Z</time>
      </trkpt>
      <trkpt lat="30.489894297717008" lon="104.02273107558915">
        <ele>489.46761263534427</ele>
        <time>2026-07-16T13:50:09Z</time>
      </trkpt>
      <trkpt lat="30.48995082825037" lon="104.02281580238397">
        <ele>489.0441815936938</ele>
        <time>2026-07-16T13:50:13Z</time>
      </trkpt>
      <trkpt lat="30.49001345059764" lon="104.0228575460901">
        <ele>488.79466483648866</ele>
        <time>2026-07-16T13:50:17Z</time>
      </trkpt>
      <trkpt lat="30.49022330441316" lon="104.02279953008487">
        <ele>487.9694016268477</ele>
        <time>2026-07-16T13:50:25Z</time>
      </trkpt>
      <trkpt lat="30.490521993901307" lon="104.02281827934432">
        <ele>487.2363676689565</ele>
        <time>2026-07-16T13:50:37Z</time>
      </trkpt>
      <trkpt lat="30.49063404865511" lon="104.02285968065154">
        <ele>486.5739298183471</ele>
        <time>2026-07-16T13:50:41Z</time>
      </trkpt>
      <trkpt lat="30.490722062958373" lon="104.02284039340475">
        <ele>485.97317957133055</ele>
        <time>2026-07-16T13:50:45Z</time>
      </trkpt>
      <trkpt lat="30.490764259280777" lon="104.02270683481115">
        <ele>485.80865678563714</ele>
        <time>2026-07-16T13:50:49Z</time>
      </trkpt>
      <trkpt lat="30.49077882858434" lon="104.02258793603103">
        <ele>485.57351784035563</ele>
        <time>2026-07-16T13:50:53Z</time>
      </trkpt>
      <trkpt lat="30.490796798942924" lon="104.02223415028543">
        <ele>487.0951927630231</ele>
        <time>2026-07-16T13:51:05Z</time>
      </trkpt>
      <trkpt lat="30.49081390497915" lon="104.02189198023663">
        <ele>488.04029942676425</ele>
        <time>2026-07-16T13:51:17Z</time>
      </trkpt>
      <trkpt lat="30.490816729809524" lon="104.02154069652582">
        <ele>487.8908167080954</ele>
        <time>2026-07-16T13:51:29Z</time>
      </trkpt>
      <trkpt lat="30.49083333288236" lon="104.02141760050009">
        <ele>488.5988778658211</ele>
        <time>2026-07-16T13:51:33Z</time>
      </trkpt>
      <trkpt lat="30.490827671908786" lon="104.02130661330132">
        <ele>489.05505022220314</ele>
        <time>2026-07-16T13:51:37Z</time>
      </trkpt>
      <trkpt lat="30.490844625606496" lon="104.0211961053089">
        <ele>489.52521115448326</ele>
        <time>2026-07-16T13:51:41Z</time>
      </trkpt>
      <trkpt lat="30.490839787614707" lon="104.02109542724699">
        <ele>489.4879687875509</ele>
        <time>2026-07-16T13:51:45Z</time>
      </trkpt>
      <trkpt lat="30.49052439437655" lon="104.02107137894967">
        <ele>491.6775359157473</ele>
        <time>2026-07-16T13:52:01Z</time>
      </trkpt>
      <trkpt lat="30.49039909194704" lon="104.02101283343471">
        <ele>491.6063182456419</ele>
        <time>2026-07-16T13:52:05Z</time>
      </trkpt>
      <trkpt lat="30.490305342475985" lon="104.0209202814729">
        <ele>491.9524806244299</ele>
        <time>2026-07-16T13:52:09Z</time>
      </trkpt>
      <trkpt lat="30.490205952051618" lon="104.02086755073091">
        <ele>492.4397748587653</ele>
        <time>2026-07-16T13:52:13Z</time>
      </trkpt>
      <trkpt lat="30.490010490691606" lon="104.02085446966414">
        <ele>492.94852973520756</ele>
        <time>2026-07-16T13:52:21Z</time>
      </trkpt>
      <trkpt lat="30.489895658300945" lon="104.02087461121327">
        <ele>493.3107446357608</ele>
        <time>2026-07-16T13:52:25Z</time>
      </trkpt>
      <trkpt lat="30.489816965558703" lon="104.02093725158333">
        <ele>493.62755450513214</ele>
        <time>2026-07-16T13:52:29Z</time>
      </trkpt>
      <trkpt lat="30.48954305118437" lon="104.0209687456687">
        <ele>494.02157743740827</ele>
        <time>2026-07-16T13:52:41Z</time>
      </trkpt>
      <trkpt lat="30.48943933910129" lon="104.02095691131339">
        <ele>494.0225694226101</ele>
        <time>2026-07-16T13:52:45Z</time>
      </trkpt>
      <trkpt lat="30.48936413630453" lon="104.02100390772414">
        <ele>494.1716120336205</ele>
        <time>2026-07-16T13:52:49Z</time>
      </trkpt>
      <trkpt lat="30.48929800456521" lon="104.02136066109594">
        <ele>494.1703551253304</ele>
        <time>2026-07-16T13:53:01Z</time>
      </trkpt>
      <trkpt lat="30.489309624832885" lon="104.02167566638347">
        <ele>493.0407852381468</ele>
        <time>2026-07-16T13:53:13Z</time>
      </trkpt>
      <trkpt lat="30.489384577296207" lon="104.02200686035725">
        <ele>493.0478738695383</ele>
        <time>2026-07-16T13:53:25Z</time>
      </trkpt>
      <trkpt lat="30.48940027521896" lon="104.02235022681049">
        <ele>491.4821681305766</ele>
        <time>2026-07-16T13:53:37Z</time>
      </trkpt>
      <trkpt lat="30.489434478338946" lon="104.02256654012383">
        <ele>490.4219950530678</ele>
        <time>2026-07-16T13:53:44Z</time>
      </trkpt>
      <trkpt lat="30.489495892356103" lon="104.02265453728077">
        <ele>490.14512148406357</ele>
        <time>2026-07-16T13:53:48Z</time>
      </trkpt>
      <trkpt lat="30.4895966032953" lon="104.02264742033681">
        <ele>490.1657796651125</ele>
        <time>2026-07-16T13:53:52Z</time>
      </trkpt>
      <trkpt lat="30.48968479234776" lon="104.02266296667861">
        <ele>490.8326903739944</ele>
        <time>2026-07-16T13:53:56Z</time>
      </trkpt>
      <trkpt lat="30.489768213873386" lon="104.02272516580028">
        <ele>489.9448168389499</ele>
        <time>2026-07-16T13:54:00Z</time>
      </trkpt>
      <trkpt lat="30.489859144087195" lon="104.02275329045575">
        <ele>489.24742721859366</ele>
        <time>2026-07-16T13:54:04Z</time>
      </trkpt>
      <trkpt lat="30.48991841668542" lon="104.02282826876647">
        <ele>488.9186945781112</ele>
        <time>2026-07-16T13:54:08Z</time>
      </trkpt>
      <trkpt lat="30.490012845674308" lon="104.02284618286498">
        <ele>489.1755162868649</ele>
        <time>2026-07-16T13:54:12Z</time>
      </trkpt>
      <trkpt lat="30.490127931302972" lon="104.02283487626552">
        <ele>488.65320924669504</ele>
        <time>2026-07-16T13:54:16Z</time>
      </trkpt>
      <trkpt lat="30.490235579508457" lon="104.02279442745107">
        <ele>488.36509691085666</ele>
        <time>2026-07-16T13:54:20Z</time>
      </trkpt>
      <trkpt lat="30.49034055254202" lon="104.02281763951659">
        <ele>489.04515601787716</ele>
        <time>2026-07-16T13:54:24Z</time>
      </trkpt>
      <trkpt lat="30.49043261295166" lon="104.02281542848426">
        <ele>488.58981800451875</ele>
        <time>2026-07-16T13:54:28Z</time>
      </trkpt>
      <trkpt lat="30.49052932234032" lon="104.02284076576149">
        <ele>487.56345103215426</ele>
        <time>2026-07-16T13:54:32Z</time>
      </trkpt>
      <trkpt lat="30.490628599232494" lon="104.02291891719528">
        <ele>487.2715487116948</ele>
        <time>2026-07-16T13:54:36Z</time>
      </trkpt>
      <trkpt lat="30.49074120229173" lon="104.02284272395934">
        <ele>485.6812829170376</ele>
        <time>2026-07-16T13:54:40Z</time>
      </trkpt>
      <trkpt lat="30.490797122699085" lon="104.02273847669915">
        <ele>485.49500978551805</ele>
        <time>2026-07-16T13:54:44Z</time>
      </trkpt>
      <trkpt lat="30.49076467858021" lon="104.022644606531">
        <ele>486.7006899295375</ele>
        <time>2026-07-16T13:54:48Z</time>
      </trkpt>
      <trkpt lat="30.490799975078463" lon="104.02223983188249">
        <ele>486.0723982034251</ele>
        <time>2026-07-16T13:55:00Z</time>
      </trkpt>
      <trkpt lat="30.490796486638207" lon="104.0220036023596">
        <ele>486.76663398370147</ele>
        <time>2026-07-16T13:55:08Z</time>
      </trkpt>
      <trkpt lat="30.490812952013638" lon="104.02163612999074">
        <ele>487.15459792967886</ele>
        <time>2026-07-16T13:55:20Z</time>
      </trkpt>
      <trkpt lat="30.49082205990188" lon="104.02129795412792">
        <ele>488.7843438209966</ele>
        <time>2026-07-16T13:55:32Z</time>
      </trkpt>
      <trkpt lat="30.490840141992937" lon="104.02116379293443">
        <ele>489.01000939588994</ele>
        <time>2026-07-16T13:55:36Z</time>
      </trkpt>
      <trkpt lat="30.49081676838798" lon="104.02105840650242">
        <ele>489.95723131950945</ele>
        <time>2026-07-16T13:55:40Z</time>
      </trkpt>
      <trkpt lat="30.490754813932636" lon="104.02103267678731">
        <ele>489.93943088594824</ele>
        <time>2026-07-16T13:55:44Z</time>
      </trkpt>
      <trkpt lat="30.49052743128876" lon="104.02105257157255">
        <ele>490.83782176394016</ele>
        <time>2026-07-16T13:55:53Z</time>
      </trkpt>
      <trkpt lat="30.49041592560146" lon="104.02102500658417">
        <ele>492.2547723278403</ele>
        <time>2026-07-16T13:55:57Z</time>
      </trkpt>
      <trkpt lat="30.49024265751192" lon="104.02086456324875">
        <ele>492.4350053239614</ele>
        <time>2026-07-16T13:56:05Z</time>
      </trkpt>
      <trkpt lat="30.490057548151114" lon="104.02084651539896">
        <ele>493.0581360915676</ele>
        <time>2026-07-16T13:56:13Z</time>
      </trkpt>
      <trkpt lat="30.489951787385962" lon="104.02087689532816">
        <ele>493.3087180554867</ele>
        <time>2026-07-16T13:56:17Z</time>
      </trkpt>
      <trkpt lat="30.4897846032178" lon="104.02097159708896">
        <ele>492.67457173392177</ele>
        <time>2026-07-16T13:56:25Z</time>
      </trkpt>
      <trkpt lat="30.489686658972374" lon="104.02098002663617">
        <ele>493.7669949308038</ele>
        <time>2026-07-16T13:56:29Z</time>
      </trkpt>
      <trkpt lat="30.489571676035155" lon="104.02095090019706">
        <ele>493.7854604786262</ele>
        <time>2026-07-16T13:56:33Z</time>
      </trkpt>
      <trkpt lat="30.489474598625932" lon="104.02095208128353">
        <ele>494.3658637534827</ele>
        <time>2026-07-16T13:56:37Z</time>
      </trkpt>
      <trkpt lat="30.489386702908437" lon="104.02099535570463">
        <ele>493.92349272128195</ele>
        <time>2026-07-16T13:56:41Z</time>
      </trkpt>
      <trkpt lat="30.489356120446814" lon="104.02106156057081">
        <ele>494.3686362747103</ele>
        <time>2026-07-16T13:56:45Z</time>
      </trkpt>
      <trkpt lat="30.48935786110955" lon="104.0213461747218">
        <ele>494.60767803154886</ele>
        <time>2026-07-16T13:56:53Z</time>
      </trkpt>
      <trkpt lat="30.489337885976166" lon="104.02146767550116">
        <ele>493.72322228364646</ele>
        <time>2026-07-16T13:56:57Z</time>
      </trkpt>
      <trkpt lat="30.4893620693214" lon="104.02169232065648">
        <ele>493.41005800198764</ele>
        <time>2026-07-16T13:57:05Z</time>
      </trkpt>
      <trkpt lat="30.489333384999917" lon="104.02179739116033">
        <ele>492.1450870959088</ele>
        <time>2026-07-16T13:57:09Z</time>
      </trkpt>
      <trkpt lat="30.489418306359312" lon="104.02213707354785">
        <ele>492.5016663437709</ele>
        <time>2026-07-16T13:57:21Z</time>
      </trkpt>
      <trkpt lat="30.489439249729074" lon="104.02225984743947">
        <ele>492.2315424596891</ele>
        <time>2026-07-16T13:57:25Z</time>
      </trkpt>
      <trkpt lat="30.489415008107493" lon="104.02249582883738">
        <ele>491.45000650174916</ele>
        <time>2026-07-16T13:57:33Z</time>
      </trkpt>
      <trkpt lat="30.489454940090802" lon="104.0226028075914">
        <ele>490.0967109249905</ele>
        <time>2026-07-16T13:57:37Z</time>
      </trkpt>
      <trkpt lat="30.489528328194684" lon="104.02264664498806">
        <ele>489.03865473438054</ele>
        <time>2026-07-16T13:57:41Z</time>
      </trkpt>
      <trkpt lat="30.48979165802177" lon="104.02269303162802">
        <ele>490.14072942826897</ele>
        <time>2026-07-16T13:57:52Z</time>
      </trkpt>
      <trkpt lat="30.490020385906966" lon="104.02285103575925">
        <ele>488.9841617178172</ele>
        <time>2026-07-16T13:58:04Z</time>
      </trkpt>
      <trkpt lat="30.490230446978366" lon="104.02280340567559">
        <ele>488.57304838392884</ele>
        <time>2026-07-16T13:58:12Z</time>
      </trkpt>
      <trkpt lat="30.49041384804357" lon="104.02281564979748">
        <ele>488.20524436607957</ele>
        <time>2026-07-16T13:58:20Z</time>
      </trkpt>
      <trkpt lat="30.49063241701114" lon="104.02285846502853">
        <ele>486.1448586564511</ele>
        <time>2026-07-16T13:58:28Z</time>
      </trkpt>
      <trkpt lat="30.490729405435577" lon="104.02280731713546">
        <ele>486.4000234780833</ele>
        <time>2026-07-16T13:58:32Z</time>
      </trkpt>
      <trkpt lat="30.49076435605437" lon="104.022695013285">
        <ele>486.96935315057635</ele>
        <time>2026-07-16T13:58:36Z</time>
      </trkpt>
      <trkpt lat="30.49075446106028" lon="104.02260881807685">
        <ele>487.5498073780909</ele>
        <time>2026-07-16T13:58:40Z</time>
      </trkpt>
      <trkpt lat="30.490795119679078" lon="104.02222234597706">
        <ele>487.4154379842803</ele>
        <time>2026-07-16T13:58:52Z</time>
      </trkpt>
      <trkpt lat="30.490809692860722" lon="104.02187038113098">
        <ele>487.3693124530837</ele>
        <time>2026-07-16T13:59:04Z</time>
      </trkpt>
      <trkpt lat="30.490802501187055" lon="104.02151341692495">
        <ele>488.7724954010919</ele>
        <time>2026-07-16T13:59:16Z</time>
      </trkpt>
      <trkpt lat="30.490839841295724" lon="104.02117290204335">
        <ele>489.9201502976939</ele>
        <time>2026-07-16T13:59:28Z</time>
      </trkpt>
      <trkpt lat="30.490820315077777" lon="104.02106642537704">
        <ele>490.01931649725884</ele>
        <time>2026-07-16T13:59:32Z</time>
      </trkpt>
      <trkpt lat="30.490512910513992" lon="104.02106881314735">
        <ele>491.7832399941981</ele>
        <time>2026-07-16T13:59:48Z</time>
      </trkpt>
      <trkpt lat="30.490411020247798" lon="104.02100318568085">
        <ele>491.9574393732473</ele>
        <time>2026-07-16T13:59:52Z</time>
      </trkpt>
      <trkpt lat="30.490328803959457" lon="104.02091603507479">
        <ele>491.91873805969954</ele>
        <time>2026-07-16T13:59:56Z</time>
      </trkpt>
      <trkpt lat="30.490258620966454" lon="104.020868709302">
        <ele>491.8065119627863</ele>
        <time>2026-07-16T13:59:59Z</time>
      </trkpt>
      <trkpt lat="30.49009283490088" lon="104.0208537117087">
        <ele>492.3325973758474</ele>
        <time>2026-07-16T14:00:05Z</time>
      </trkpt>
      <trkpt lat="30.490021965347896" lon="104.02087370443243">
        <ele>492.1889706645161</ele>
        <time>2026-07-16T14:00:08Z</time>
      </trkpt>
      <trkpt lat="30.4899467782705" lon="104.02087332208504">
        <ele>492.9887023428455</ele>
        <time>2026-07-16T14:00:11Z</time>
      </trkpt>
      <trkpt lat="30.489793497180052" lon="104.02095632652518">
        <ele>492.32255169562995</ele>
        <time>2026-07-16T14:00:19Z</time>
      </trkpt>
      <trkpt lat="30.48950045065278" lon="104.02098326307718">
        <ele>494.317005851306</ele>
        <time>2026-07-16T14:00:31Z</time>
      </trkpt>
      <trkpt lat="30.48939341810528" lon="104.02098854930308">
        <ele>493.7495129201561</ele>
        <time>2026-07-16T14:00:35Z</time>
      </trkpt>
      <trkpt lat="30.4893809536874" lon="104.0210773823091">
        <ele>494.2376856682822</ele>
        <time>2026-07-16T14:00:39Z</time>
      </trkpt>
      <trkpt lat="30.48930361114854" lon="104.0211906776754">
        <ele>494.804464998655</ele>
        <time>2026-07-16T14:00:43Z</time>
      </trkpt>
      <trkpt lat="30.489288672441436" lon="104.02133267474186">
        <ele>494.1517957840115</ele>
        <time>2026-07-16T14:00:47Z</time>
      </trkpt>
      <trkpt lat="30.48934437420632" lon="104.02165479665733">
        <ele>493.31639843434095</ele>
        <time>2026-07-16T14:00:59Z</time>
      </trkpt>
      <trkpt lat="30.48931406576762" lon="104.02177233938858">
        <ele>492.32456929888576</ele>
        <time>2026-07-16T14:01:03Z</time>
      </trkpt>
      <trkpt lat="30.489399584492197" lon="104.02210327711204">
        <ele>492.5240619936958</ele>
        <time>2026-07-16T14:01:15Z</time>
      </trkpt>
      <trkpt lat="30.489407252206476" lon="104.02245044987556">
        <ele>490.76676778215915</ele>
        <time>2026-07-16T14:01:27Z</time>
      </trkpt>
      <trkpt lat="30.48942386710962" lon="104.02257601974163">
        <ele>490.29432955011725</ele>
        <time>2026-07-16T14:01:31Z</time>
      </trkpt>
      <trkpt lat="30.489469896742815" lon="104.02264916794913">
        <ele>490.03347851056606</ele>
        <time>2026-07-16T14:01:35Z</time>
      </trkpt>
      <trkpt lat="30.489572476277356" lon="104.02263847083282">
        <ele>489.91189671773463</ele>
        <time>2026-07-16T14:01:39Z</time>
      </trkpt>
      <trkpt lat="30.489760750643516" lon="104.02267434095312">
        <ele>489.76337336283177</ele>
        <time>2026-07-16T14:01:47Z</time>
      </trkpt>
      <trkpt lat="30.489949153507524" lon="104.02277826010862">
        <ele>489.2441775519401</ele>
        <time>2026-07-16T14:01:55Z</time>
      </trkpt>
      <trkpt lat="30.489995716354855" lon="104.02284504439297">
        <ele>488.51502136699855</ele>
        <time>2026-07-16T14:01:59Z</time>
      </trkpt>
      <trkpt lat="30.49011936684798" lon="104.0228297662043">
        <ele>488.5832708356902</ele>
        <time>2026-07-16T14:02:03Z</time>
      </trkpt>
      <trkpt lat="30.490208083566888" lon="104.02279316273469">
        <ele>487.3048955509439</ele>
        <time>2026-07-16T14:02:07Z</time>
      </trkpt>
      <trkpt lat="30.490494676991275" lon="104.02283042028155">
        <ele>487.6767229475081</ele>
        <time>2026-07-16T14:02:19Z</time>
      </trkpt>
      <trkpt lat="30.49067369660399" lon="104.02288601392887">
        <ele>486.4164173314348</ele>
        <time>2026-07-16T14:02:27Z</time>
      </trkpt>
      <trkpt lat="30.49074283201705" lon="104.02275627527233">
        <ele>486.45463021378964</ele>
        <time>2026-07-16T14:02:31Z</time>
      </trkpt>
      <trkpt lat="30.49075164061306" lon="104.02253271081145">
        <ele>486.7522617932409</ele>
        <time>2026-07-16T14:02:39Z</time>
      </trkpt>
      <trkpt lat="30.490794874164344" lon="104.0222797923112">
        <ele>487.6382310548797</ele>
        <time>2026-07-16T14:02:47Z</time>
      </trkpt>
      <trkpt lat="30.490793861888612" lon="104.02203901316994">
        <ele>488.2387550296262</ele>
        <time>2026-07-16T14:02:55Z</time>
      </trkpt>
      <trkpt lat="30.490812230222165" lon="104.02168189678942">
        <ele>488.2403706368059</ele>
        <time>2026-07-16T14:03:07Z</time>
      </trkpt>
      <trkpt lat="30.4908048948513" lon="104.02135603947353">
        <ele>489.1480636289343</ele>
        <time>2026-07-16T14:03:19Z</time>
      </trkpt>
      <trkpt lat="30.490823471764063" lon="104.021135823842">
        <ele>489.7171296766028</ele>
        <time>2026-07-16T14:03:27Z</time>
      </trkpt>
      <trkpt lat="30.49081537183612" lon="104.0210233690265">
        <ele>490.52599896863103</ele>
        <time>2026-07-16T14:03:31Z</time>
      </trkpt>
      <trkpt lat="30.490755556646207" lon="104.02109062006714">
        <ele>492.38136477489024</ele>
        <time>2026-07-16T14:03:39Z</time>
      </trkpt>
      <trkpt lat="30.49045920183335" lon="104.02103378547321">
        <ele>492.4100167294964</ele>
        <time>2026-07-16T14:03:47Z</time>
      </trkpt>
      <trkpt lat="30.49026214271484" lon="104.02085489598727">
        <ele>493.02936097886413</ele>
        <time>2026-07-16T14:03:55Z</time>
      </trkpt>
      <trkpt lat="30.49007072968031" lon="104.0208467267892">
        <ele>492.98441929742694</ele>
        <time>2026-07-16T14:04:03Z</time>
      </trkpt>
      <trkpt lat="30.489885424254247" lon="104.02088298946983">
        <ele>492.5219683321193</ele>
        <time>2026-07-16T14:04:10Z</time>
      </trkpt>
      <trkpt lat="30.48981377108905" lon="104.02093251175405">
        <ele>492.5505049629137</ele>
        <time>2026-07-16T14:04:13Z</time>
      </trkpt>
      <trkpt lat="30.489456172103907" lon="104.02097363914783">
        <ele>494.855577737093</ele>
        <time>2026-07-16T14:04:29Z</time>
      </trkpt>
      <trkpt lat="30.489366918262707" lon="104.02100609494579">
        <ele>494.30645773746073</ele>
        <time>2026-07-16T14:04:33Z</time>
      </trkpt>
      <trkpt lat="30.489323730716823" lon="104.02108450018017">
        <ele>495.0910993628204</ele>
        <time>2026-07-16T14:04:37Z</time>
      </trkpt>
      <trkpt lat="30.48929232707095" lon="104.02120537011281">
        <ele>494.53945556655526</ele>
        <time>2026-07-16T14:04:41Z</time>
      </trkpt>
      <trkpt lat="30.489296357086754" lon="104.0213240822345">
        <ele>494.6507264971733</ele>
        <time>2026-07-16T14:04:45Z</time>
      </trkpt>
      <trkpt lat="30.489325636629367" lon="104.02144413788973">
        <ele>494.4223393108696</ele>
        <time>2026-07-16T14:04:49Z</time>
      </trkpt>
      <trkpt lat="30.489323432003776" lon="104.0218128399678">
        <ele>493.1262642359361</ele>
        <time>2026-07-16T14:05:01Z</time>
      </trkpt>
      <trkpt lat="30.489405171487288" lon="104.02202315898128">
        <ele>492.3941998127848</ele>
        <time>2026-07-16T14:05:09Z</time>
      </trkpt>
      <trkpt lat="30.489377305955244" lon="104.02239742230994">
        <ele>491.0771083487198</ele>
        <time>2026-07-16T14:05:21Z</time>
      </trkpt>
      <trkpt lat="30.48939230382567" lon="104.02251265022973">
        <ele>491.1618669005111</ele>
        <time>2026-07-16T14:05:25Z</time>
      </trkpt>
      <trkpt lat="30.489443477733513" lon="104.02261696830759">
        <ele>489.4799906928092</ele>
        <time>2026-07-16T14:05:29Z</time>
      </trkpt>
      <trkpt lat="30.489622101617115" lon="104.02264040417997">
        <ele>489.93415754660964</ele>
        <time>2026-07-16T14:05:37Z</time>
      </trkpt>
      <trkpt lat="30.489812697671404" lon="104.02272566243839">
        <ele>489.5456661488861</ele>
        <time>2026-07-16T14:05:45Z</time>
      </trkpt>
      <trkpt lat="30.489875621356774" lon="104.02279927432342">
        <ele>489.18711450882256</ele>
        <time>2026-07-16T14:05:49Z</time>
      </trkpt>
      <trkpt lat="30.489969491357762" lon="104.02284659359448">
        <ele>489.3057265719399</ele>
        <time>2026-07-16T14:05:53Z</time>
      </trkpt>
      <trkpt lat="30.49009438187642" lon="104.02283727320977">
        <ele>487.94029707461596</ele>
        <time>2026-07-16T14:05:57Z</time>
      </trkpt>
      <trkpt lat="30.490181734119098" lon="104.02280391654254">
        <ele>488.4504609722644</ele>
        <time>2026-07-16T14:06:01Z</time>
      </trkpt>
      <trkpt lat="30.490275832358275" lon="104.02279643174477">
        <ele>488.76581181772053</ele>
        <time>2026-07-16T14:06:05Z</time>
      </trkpt>
      <trkpt lat="30.490371978612423" lon="104.02281167892306">
        <ele>488.6640111915767</ele>
        <time>2026-07-16T14:06:09Z</time>
      </trkpt>
      <trkpt lat="30.49047384920757" lon="104.02280442313092">
        <ele>487.37977505195886</ele>
        <time>2026-07-16T14:06:13Z</time>
      </trkpt>
      <trkpt lat="30.49064215275475" lon="104.02288678349511">
        <ele>486.09719921275973</ele>
        <time>2026-07-16T14:06:20Z</time>
      </trkpt>
      <trkpt lat="30.49074726336742" lon="104.02277439838403">
        <ele>486.659349784255</ele>
        <time>2026-07-16T14:06:24Z</time>
      </trkpt>
      <trkpt lat="30.490793470773752" lon="104.02268229431724">
        <ele>486.63589575793594</ele>
        <time>2026-07-16T14:06:28Z</time>
      </trkpt>
      <trkpt lat="30.490775101592636" lon="104.02254947375273">
        <ele>486.32558003719896</ele>
        <time>2026-07-16T14:06:32Z</time>
      </trkpt>
      <trkpt lat="30.49079137532221" lon="104.02244730858429">
        <ele>486.57646130397916</ele>
        <time>2026-07-16T14:06:36Z</time>
      </trkpt>
      <trkpt lat="30.4908010124519" lon="104.02221494396974">
        <ele>487.28501958493143</ele>
        <time>2026-07-16T14:06:44Z</time>
      </trkpt>
      <trkpt lat="30.490788282102386" lon="104.02210732108207">
        <ele>487.9709945740178</ele>
        <time>2026-07-16T14:06:48Z</time>
      </trkpt>
      <trkpt lat="30.490813273161773" lon="104.02175559127535">
        <ele>487.81988846790045</ele>
        <time>2026-07-16T14:07:00Z</time>
      </trkpt>
      <trkpt lat="30.490805789693624" lon="104.02139409038563">
        <ele>489.03662564232945</ele>
        <time>2026-07-16T14:07:12Z</time>
      </trkpt>
      <trkpt lat="30.49085188260059" lon="104.02106439517638">
        <ele>489.7352625960484</ele>
        <time>2026-07-16T14:07:24Z</time>
      </trkpt>
      <trkpt lat="30.490819541939157" lon="104.02102160119317">
        <ele>490.6249268501997</ele>
        <time>2026-07-16T14:07:28Z</time>
      </trkpt>
      <trkpt lat="30.490732221338877" lon="104.0210520092499">
        <ele>490.9743864024058</ele>
        <time>2026-07-16T14:07:32Z</time>
      </trkpt>
      <trkpt lat="30.490604392251303" lon="104.02103650965681">
        <ele>491.61872586328536</ele>
        <time>2026-07-16T14:07:36Z</time>
      </trkpt>
      <trkpt lat="30.490482687394902" lon="104.02104715369364">
        <ele>492.18237959686667</ele>
        <time>2026-07-16T14:07:40Z</time>
      </trkpt>
      <trkpt lat="30.49037784988816" lon="104.02097846897544">
        <ele>492.46217773109674</ele>
        <time>2026-07-16T14:07:44Z</time>
      </trkpt>
      <trkpt lat="30.490298769329293" lon="104.02087289671995">
        <ele>492.0267608622089</ele>
        <time>2026-07-16T14:07:48Z</time>
      </trkpt>
      <trkpt lat="30.490089845043304" lon="104.02084098017917">
        <ele>492.45405551046133</ele>
        <time>2026-07-16T14:07:56Z</time>
      </trkpt>
      <trkpt lat="30.48988828700497" lon="104.02089842893476">
        <ele>493.31621392816305</ele>
        <time>2026-07-16T14:08:04Z</time>
      </trkpt>
      <trkpt lat="30.489833673841364" lon="104.02096784761383">
        <ele>492.9303238131106</ele>
        <time>2026-07-16T14:08:08Z</time>
      </trkpt>
      <trkpt lat="30.489528522304536" lon="104.02096477898657">
        <ele>494.68486395757645</ele>
        <time>2026-07-16T14:08:20Z</time>
      </trkpt>
      <trkpt lat="30.489443765551883" lon="104.02096001228054">
        <ele>494.28331376519054</ele>
        <time>2026-07-16T14:08:23Z</time>
      </trkpt>
      <trkpt lat="30.489376863407173" lon="104.02098734213317">
        <ele>494.78430902864784</ele>
        <time>2026-07-16T14:08:26Z</time>
      </trkpt>
      <trkpt lat="30.48934187824009" lon="104.02107682732183">
        <ele>494.4628099547699</ele>
        <time>2026-07-16T14:08:30Z</time>
      </trkpt>
      <trkpt lat="30.489259404467585" lon="104.02114878307661">
        <ele>494.97802643477917</ele>
        <time>2026-07-16T14:08:34Z</time>
      </trkpt>
      <trkpt lat="30.489245542127794" lon="104.02127421076796">
        <ele>494.69538505002856</ele>
        <time>2026-07-16T14:08:38Z</time>
      </trkpt>
      <trkpt lat="30.48928799749326" lon="104.02140227027054">
        <ele>494.4896692847833</ele>
        <time>2026-07-16T14:08:42Z</time>
      </trkpt>
      <trkpt lat="30.48929694231666" lon="104.02152630889407">
        <ele>493.03579284437</ele>
        <time>2026-07-16T14:08:46Z</time>
      </trkpt>
      <trkpt lat="30.48932607483276" lon="104.02164875280619">
        <ele>493.60762801300734</ele>
        <time>2026-07-16T14:08:50Z</time>
      </trkpt>
      <trkpt lat="30.489309946571606" lon="104.02177930526936">
        <ele>493.25312123727053</ele>
        <time>2026-07-16T14:08:54Z</time>
      </trkpt>
      <trkpt lat="30.489330444825615" lon="104.0218873041689">
        <ele>492.7274876255542</ele>
        <time>2026-07-16T14:08:58Z</time>
      </trkpt>
      <trkpt lat="30.489368151508103" lon="104.02198673492232">
        <ele>492.67914767656475</ele>
        <time>2026-07-16T14:09:02Z</time>
      </trkpt>
      <trkpt lat="30.489391332146436" lon="104.02211852907654">
        <ele>491.97645456530154</ele>
        <time>2026-07-16T14:09:06Z</time>
      </trkpt>
      <trkpt lat="30.489370246584887" lon="104.02222840640191">
        <ele>491.6109031410888</ele>
        <time>2026-07-16T14:09:10Z</time>
      </trkpt>
      <trkpt lat="30.489426457443344" lon="104.0225871991887">
        <ele>489.82912465464324</ele>
        <time>2026-07-16T14:09:22Z</time>
      </trkpt>
      <trkpt lat="30.489487911463353" lon="104.0226408154414">
        <ele>490.01964585576206</ele>
        <time>2026-07-16T14:09:26Z</time>
      </trkpt>
      <trkpt lat="30.489579187918224" lon="104.02263172674351">
        <ele>490.7303836662322</ele>
        <time>2026-07-16T14:09:30Z</time>
      </trkpt>
      <trkpt lat="30.48967574133174" lon="104.02265054838502">
        <ele>490.4047376057133</ele>
        <time>2026-07-16T14:09:34Z</time>
      </trkpt>
      <trkpt lat="30.489782565179894" lon="104.02271388408062">
        <ele>490.3166686128825</ele>
        <time>2026-07-16T14:09:38Z</time>
      </trkpt>
      <trkpt lat="30.489894042444007" lon="104.02274864257285">
        <ele>489.7818483039737</ele>
        <time>2026-07-16T14:09:42Z</time>
      </trkpt>
      <trkpt lat="30.489971815305665" lon="104.02281864555533">
        <ele>489.2400622693822</ele>
        <time>2026-07-16T14:09:46Z</time>
      </trkpt>
      <trkpt lat="30.490075785641398" lon="104.02285039448346">
        <ele>488.1787968855351</ele>
        <time>2026-07-16T14:09:50Z</time>
      </trkpt>
      <trkpt lat="30.490259739781514" lon="104.0227985564917">
        <ele>488.10675347596407</ele>
        <time>2026-07-16T14:09:58Z</time>
      </trkpt>
      <trkpt lat="30.490454510587394" lon="104.02279920682012">
        <ele>487.4183131400496</ele>
        <time>2026-07-16T14:10:06Z</time>
      </trkpt>
      <trkpt lat="30.490658351372897" lon="104.0228451331108">
        <ele>485.7841967539862</ele>
        <time>2026-07-16T14:10:14Z</time>
      </trkpt>
      <trkpt lat="30.490727897668247" lon="104.02281266303031">
        <ele>485.74376373924315</ele>
        <time>2026-07-16T14:10:18Z</time>
      </trkpt>
      <trkpt lat="30.490782574864337" lon="104.02245536026264">
        <ele>486.4327176678926</ele>
        <time>2026-07-16T14:10:29Z</time>
      </trkpt>
      <trkpt lat="30.490791640004048" lon="104.02209667858492">
        <ele>487.06806001253426</ele>
        <time>2026-07-16T14:10:41Z</time>
      </trkpt>
      <trkpt lat="30.490802904952915" lon="104.02176933798113">
        <ele>488.2818683180958</ele>
        <time>2026-07-16T14:10:53Z</time>
      </trkpt>
      <trkpt lat="30.490807731715353" lon="104.02165133880871">
        <ele>488.5799674876034</ele>
        <time>2026-07-16T14:10:57Z</time>
      </trkpt>
      <trkpt lat="30.490781172956616" lon="104.02155519642366">
        <ele>488.4619826776907</ele>
        <time>2026-07-16T14:11:01Z</time>
      </trkpt>
      <trkpt lat="30.490796765372195" lon="104.02130746947407">
        <ele>489.22310089692473</ele>
        <time>2026-07-16T14:11:09Z</time>
      </trkpt>
      <trkpt lat="30.490825261077994" lon="104.02120287907405">
        <ele>489.43881872761995</ele>
        <time>2026-07-16T14:11:13Z</time>
      </trkpt>
      <trkpt lat="30.49083318854045" lon="104.02109523478855">
        <ele>490.1731384107843</ele>
        <time>2026-07-16T14:11:17Z</time>
      </trkpt>
      <trkpt lat="30.49080627116799" lon="104.02101707413092">
        <ele>491.1422813190147</ele>
        <time>2026-07-16T14:11:21Z</time>
      </trkpt>
      <trkpt lat="30.490723980838403" lon="104.0210607033013">
        <ele>491.85906364396214</ele>
        <time>2026-07-16T14:11:25Z</time>
      </trkpt>
      <trkpt lat="30.490515281824496" lon="104.02106115356793">
        <ele>492.0862597906962</ele>
        <time>2026-07-16T14:11:33Z</time>
      </trkpt>
      <trkpt lat="30.490392559420002" lon="104.0210156346188">
        <ele>492.98915151134133</ele>
        <time>2026-07-16T14:11:37Z</time>
      </trkpt>
      <trkpt lat="30.490310361535624" lon="104.02092109135023">
        <ele>492.7024727407843</ele>
        <time>2026-07-16T14:11:41Z</time>
      </trkpt>
      <trkpt lat="30.490203660703465" lon="104.02086478184351">
        <ele>492.1388828251511</ele>
        <time>2026-07-16T14:11:45Z</time>
      </trkpt>
      <trkpt lat="30.490006058955483" lon="104.02086044156846">
        <ele>492.2943489346653</ele>
        <time>2026-07-16T14:11:53Z</time>
      </trkpt>
      <trkpt lat="30.48990762138701" lon="104.02088037900756">
        <ele>493.3250358942896</ele>
        <time>2026-07-16T14:11:57Z</time>
      </trkpt>
      <trkpt lat="30.489852970611004" lon="104.02096161402919">
        <ele>492.9397701686248</ele>
        <time>2026-07-16T14:12:01Z</time>
      </trkpt>
      <trkpt lat="30.48969928930794" lon="104.02099012178934">
        <ele>493.4975730665028</ele>
        <time>2026-07-16T14:12:09Z</time>
      </trkpt>
      <trkpt lat="30.48955848698728" lon="104.02095566817744">
        <ele>494.3769129337743</ele>
        <time>2026-07-16T14:12:13Z</time>
      </trkpt>
      <trkpt lat="30.489438989909413" lon="104.02095814910028">
        <ele>494.6815909324214</ele>
        <time>2026-07-16T14:12:17Z</time>
      </trkpt>
      <trkpt lat="30.489367097831558" lon="104.02101567776768">
        <ele>495.139079307206</ele>
        <time>2026-07-16T14:12:21Z</time>
      </trkpt>
      <trkpt lat="30.489314402765153" lon="104.02113455059254">
        <ele>494.5982112297788</ele>
        <time>2026-07-16T14:12:25Z</time>
      </trkpt>
      <trkpt lat="30.48928820490013" lon="104.02136887528178">
        <ele>493.7704411968589</ele>
        <time>2026-07-16T14:12:33Z</time>
      </trkpt>
      <trkpt lat="30.489320099736545" lon="104.02168873609116">
        <ele>493.2622667821124</ele>
        <time>2026-07-16T14:12:44Z</time>
      </trkpt>
      <trkpt lat="30.489312301869262" lon="104.0218065149286">
        <ele>492.80683192051947</ele>
        <time>2026-07-16T14:12:48Z</time>
      </trkpt>
      <trkpt lat="30.489391148297365" lon="104.0220148119302">
        <ele>493.0450626714155</ele>
        <time>2026-07-16T14:12:56Z</time>
      </trkpt>
      <trkpt lat="30.48939878840029" lon="104.02212670435799">
        <ele>492.4313023900613</ele>
        <time>2026-07-16T14:13:00Z</time>
      </trkpt>
      <trkpt lat="30.489386991100766" lon="104.02224553953948">
        <ele>491.5696335108951</ele>
        <time>2026-07-16T14:13:04Z</time>
      </trkpt>
      <trkpt lat="30.489400471614058" lon="104.02237600815491">
        <ele>491.0101582268253</ele>
        <time>2026-07-16T14:13:08Z</time>
      </trkpt>
      <trkpt lat="30.489390021617325" lon="104.02250089172021">
        <ele>490.2067407956347</ele>
        <time>2026-07-16T14:13:12Z</time>
      </trkpt>
      <trkpt lat="30.489433967577078" lon="104.0226123267978">
        <ele>489.93451390694827</ele>
        <time>2026-07-16T14:13:16Z</time>
      </trkpt>
      <trkpt lat="30.48971383807587" lon="104.0226621896068">
        <ele>490.35735883843154</ele>
        <time>2026-07-16T14:13:28Z</time>
      </trkpt>
      <trkpt lat="30.489910818967015" lon="104.0227552309592">
        <ele>489.88301606755704</ele>
        <time>2026-07-16T14:13:36Z</time>
      </trkpt>
      <trkpt lat="30.489983080350147" lon="104.02283582733894">
        <ele>489.18192464113235</ele>
        <time>2026-07-16T14:13:40Z</time>
      </trkpt>
      <trkpt lat="30.49009298925721" lon="104.02285272323427">
        <ele>488.75065032206476</ele>
        <time>2026-07-16T14:13:44Z</time>
      </trkpt>
      <trkpt lat="30.490185082329777" lon="104.0228013842909">
        <ele>488.0036246739328</ele>
        <time>2026-07-16T14:13:48Z</time>
      </trkpt>
      <trkpt lat="30.490357594653542" lon="104.02277532074221">
        <ele>487.29963129293174</ele>
        <time>2026-07-16T14:13:56Z</time>
      </trkpt>
      <trkpt lat="30.490564839241635" lon="104.02281988655427">
        <ele>486.9080970911309</ele>
        <time>2026-07-16T14:14:04Z</time>
      </trkpt>
      <trkpt lat="30.490667429532966" lon="104.02285972607257">
        <ele>486.2458088900894</ele>
        <time>2026-07-16T14:14:08Z</time>
      </trkpt>
      <trkpt lat="30.490745028563442" lon="104.0227909125199">
        <ele>485.9626609738916</ele>
        <time>2026-07-16T14:14:12Z</time>
      </trkpt>
      <trkpt lat="30.490771967614563" lon="104.02266365381637">
        <ele>486.1887423079461</ele>
        <time>2026-07-16T14:14:16Z</time>
      </trkpt>
      <trkpt lat="30.49078889397" lon="104.02233883021509">
        <ele>487.615983475931</ele>
        <time>2026-07-16T14:14:28Z</time>
      </trkpt>
      <trkpt lat="30.49079634638473" lon="104.02201139211991">
        <ele>487.62278981041163</ele>
        <time>2026-07-16T14:14:39Z</time>
      </trkpt>
      <trkpt lat="30.490800326831774" lon="104.02169144359057">
        <ele>488.19250301271677</ele>
        <time>2026-07-16T14:14:50Z</time>
      </trkpt>
      <trkpt lat="30.490757175194503" lon="104.02146381783542">
        <ele>489.1981695936993</ele>
        <time>2026-07-16T14:14:58Z</time>
      </trkpt>
      <trkpt lat="30.490778089349337" lon="104.02135151389886">
        <ele>490.1858079666272</ele>
        <time>2026-07-16T14:15:02Z</time>
      </trkpt>
      <trkpt lat="30.490826382359298" lon="104.02123189437978">
        <ele>490.4375393493101</ele>
        <time>2026-07-16T14:15:06Z</time>
      </trkpt>
      <trkpt lat="30.49083637670274" lon="104.02103279331067">
        <ele>490.40031160321087</ele>
        <time>2026-07-16T14:15:14Z</time>
      </trkpt>
      <trkpt lat="30.49085357010117" lon="104.02108841096202">
        <ele>492.88751071691513</ele>
        <time>2026-07-16T14:15:18Z</time>
      </trkpt>
      <trkpt lat="30.490742425416077" lon="104.02108688009422">
        <ele>493.1225417489186</ele>
        <time>2026-07-16T14:15:22Z</time>
      </trkpt>
      <trkpt lat="30.490568679520283" lon="104.02105087632563">
        <ele>492.8040910381824</ele>
        <time>2026-07-16T14:15:26Z</time>
      </trkpt>
      <trkpt lat="30.490445974776566" lon="104.020992351962">
        <ele>492.9047952108085</ele>
        <time>2026-07-16T14:15:30Z</time>
      </trkpt>
      <trkpt lat="30.490348579983603" lon="104.02092004214053">
        <ele>492.46785031538457</ele>
        <time>2026-07-16T14:15:34Z</time>
      </trkpt>
      <trkpt lat="30.49024944325658" lon="104.02087221124775">
        <ele>492.9044237555936</ele>
        <time>2026-07-16T14:15:38Z</time>
      </trkpt>
      <trkpt lat="30.49004341592353" lon="104.02085895422539">
        <ele>493.0424382854253</ele>
        <time>2026-07-16T14:15:46Z</time>
      </trkpt>
      <trkpt lat="30.4897620238221" lon="104.02094662562368">
        <ele>493.7945610312745</ele>
        <time>2026-07-16T14:15:58Z</time>
      </trkpt>
      <trkpt lat="30.489694989028475" lon="104.02096418806083">
        <ele>494.3285776199773</ele>
        <time>2026-07-16T14:16:02Z</time>
      </trkpt>
      <trkpt lat="30.48948626052868" lon="104.02094651924354">
        <ele>494.06521883700043</ele>
        <time>2026-07-16T14:16:10Z</time>
      </trkpt>
      <trkpt lat="30.489392313355562" lon="104.0209869558854">
        <ele>494.48269606009126</ele>
        <time>2026-07-16T14:16:14Z</time>
      </trkpt>
      <trkpt lat="30.489308966461266" lon="104.02106724014665">
        <ele>495.06943306233734</ele>
        <time>2026-07-16T14:16:18Z</time>
      </trkpt>
      <trkpt lat="30.489273680299743" lon="104.02118212138045">
        <ele>494.3250772804022</ele>
        <time>2026-07-16T14:16:22Z</time>
      </trkpt>
      <trkpt lat="30.48927915839838" lon="104.02130767023125">
        <ele>494.09179770294577</ele>
        <time>2026-07-16T14:16:26Z</time>
      </trkpt>
      <trkpt lat="30.489330007654488" lon="104.02141909108019">
        <ele>494.672919601202</ele>
        <time>2026-07-16T14:16:30Z</time>
      </trkpt>
      <trkpt lat="30.489349261392075" lon="104.02164493107915">
        <ele>494.1951765427366</ele>
        <time>2026-07-16T14:16:38Z</time>
      </trkpt>
      <trkpt lat="30.489333110873737" lon="104.02185723389753">
        <ele>494.0451698163524</ele>
        <time>2026-07-16T14:16:45Z</time>
      </trkpt>
      <trkpt lat="30.489383880953685" lon="104.02203769226024">
        <ele>493.21756446920335</ele>
        <time>2026-07-16T14:16:52Z</time>
      </trkpt>
      <trkpt lat="30.489381758426397" lon="104.02239192575031">
        <ele>491.5062320996076</ele>
        <time>2026-07-16T14:17:04Z</time>
      </trkpt>
      <trkpt lat="30.48938940317379" lon="104.02251607874295">
        <ele>490.6939425636083</ele>
        <time>2026-07-16T14:17:08Z</time>
      </trkpt>
      <trkpt lat="30.489424923321284" lon="104.02261386245947">
        <ele>490.1969005195424</ele>
        <time>2026-07-16T14:17:12Z</time>
      </trkpt>
      <trkpt lat="30.489724382072378" lon="104.02266272261816">
        <ele>490.2741242116317</ele>
        <time>2026-07-16T14:17:24Z</time>
      </trkpt>
      <trkpt lat="30.489822116548126" lon="104.02272132254495">
        <ele>489.843387266621</ele>
        <time>2026-07-16T14:17:28Z</time>
      </trkpt>
      <trkpt lat="30.489978435173338" lon="104.02284875048728">
        <ele>489.52524949237704</ele>
        <time>2026-07-16T14:17:36Z</time>
      </trkpt>
      <trkpt lat="30.49009479168449" lon="104.02285281022931">
        <ele>488.77237796224654</ele>
        <time>2026-07-16T14:17:40Z</time>
      </trkpt>
      <trkpt lat="30.49019409005659" lon="104.02280351125133">
        <ele>488.328502856195</ele>
        <time>2026-07-16T14:17:44Z</time>
      </trkpt>
      <trkpt lat="30.49028030842074" lon="104.02279027245348">
        <ele>488.50309971440583</ele>
        <time>2026-07-16T14:17:48Z</time>
      </trkpt>
      <trkpt lat="30.490572005399663" lon="104.0228206159916">
        <ele>487.1062875567004</ele>
        <time>2026-07-16T14:18:00Z</time>
      </trkpt>
      <trkpt lat="30.490676793628733" lon="104.02283858859913">
        <ele>486.25837410707027</ele>
        <time>2026-07-16T14:18:04Z</time>
      </trkpt>
      <trkpt lat="30.490761434798678" lon="104.02276636936762">
        <ele>485.8477767491713</ele>
        <time>2026-07-16T14:18:08Z</time>
      </trkpt>
      <trkpt lat="30.490769462116045" lon="104.02253705915115">
        <ele>486.7778793601319</ele>
        <time>2026-07-16T14:18:16Z</time>
      </trkpt>
      <trkpt lat="30.490806339880404" lon="104.02230485899831">
        <ele>487.92631045449525</ele>
        <time>2026-07-16T14:18:24Z</time>
      </trkpt>
      <trkpt lat="30.49080598116778" lon="104.02194745258035">
        <ele>488.0734989568591</ele>
        <time>2026-07-16T14:18:36Z</time>
      </trkpt>
      <trkpt lat="30.490813246050273" lon="104.02173181228125">
        <ele>488.82001413498074</ele>
        <time>2026-07-16T14:18:44Z</time>
      </trkpt>
      <trkpt lat="30.49077515757209" lon="104.02153635351071">
        <ele>488.77892175037414</ele>
        <time>2026-07-16T14:18:51Z</time>
      </trkpt>
      <trkpt lat="30.49077159119491" lon="104.02143758531115">
        <ele>490.25430807378143</ele>
        <time>2026-07-16T14:18:55Z</time>
      </trkpt>
      <trkpt lat="30.490834670738323" lon="104.0211161413992">
        <ele>489.87807576265186</ele>
        <time>2026-07-16T14:19:06Z</time>
      </trkpt>
      <trkpt lat="30.49087526480191" lon="104.02104689346189">
        <ele>489.88416130375117</ele>
        <time>2026-07-16T14:19:10Z</time>
      </trkpt>
      <trkpt lat="30.49080518287376" lon="104.02109023579415">
        <ele>493.9056434929371</ele>
        <time>2026-07-16T14:19:18Z</time>
      </trkpt>
      <trkpt lat="30.4905507561382" lon="104.02104415079916">
        <ele>492.25271954666823</ele>
        <time>2026-07-16T14:19:26Z</time>
      </trkpt>
      <trkpt lat="30.490271130725244" lon="104.02086629619417">
        <ele>492.67151152156293</ele>
        <time>2026-07-16T14:19:34Z</time>
      </trkpt>
      <trkpt lat="30.48997181370299" lon="104.02085105551825">
        <ele>493.1353536490351</ele>
        <time>2026-07-16T14:19:46Z</time>
      </trkpt>
      <trkpt lat="30.48982566545779" lon="104.02095579675313">
        <ele>493.73624507244676</ele>
        <time>2026-07-16T14:19:54Z</time>
      </trkpt>
      <trkpt lat="30.4897286044003" lon="104.02096112281163">
        <ele>493.94666359201074</ele>
        <time>2026-07-16T14:19:58Z</time>
      </trkpt>
      <trkpt lat="30.48962782870894" lon="104.02093404890216">
        <ele>494.02765571605414</ele>
        <time>2026-07-16T14:20:02Z</time>
      </trkpt>
      <trkpt lat="30.489419453854566" lon="104.02096238849987">
        <ele>494.0404995530844</ele>
        <time>2026-07-16T14:20:10Z</time>
      </trkpt>
      <trkpt lat="30.48932580006465" lon="104.02105477056494">
        <ele>494.33879926335067</ele>
        <time>2026-07-16T14:20:14Z</time>
      </trkpt>
      <trkpt lat="30.489281539187374" lon="104.021149418377">
        <ele>495.16448963899165</ele>
        <time>2026-07-16T14:20:18Z</time>
      </trkpt>
      <trkpt lat="30.489303082968814" lon="104.02151787291399">
        <ele>494.625222299248</ele>
        <time>2026-07-16T14:20:30Z</time>
      </trkpt>
      <trkpt lat="30.489320440444757" lon="104.02164912236577">
        <ele>494.3587997360155</ele>
        <time>2026-07-16T14:20:34Z</time>
      </trkpt>
      <trkpt lat="30.489315640538372" lon="104.02178476690241">
        <ele>493.10161338187754</ele>
        <time>2026-07-16T14:20:38Z</time>
      </trkpt>
      <trkpt lat="30.489397894355545" lon="104.02213793708056">
        <ele>492.803675128147</ele>
        <time>2026-07-16T14:20:50Z</time>
      </trkpt>
      <trkpt lat="30.489387220317212" lon="104.02235955612109">
        <ele>491.2531307702884</ele>
        <time>2026-07-16T14:20:57Z</time>
      </trkpt>
      <trkpt lat="30.48942061775767" lon="104.02259682153515">
        <ele>490.958061282523</ele>
        <time>2026-07-16T14:21:04Z</time>
      </trkpt>
      <trkpt lat="30.489495966685244" lon="104.02263958626725">
        <ele>490.4725232385099</ele>
        <time>2026-07-16T14:21:07Z</time>
      </trkpt>
      <trkpt lat="30.48974224843348" lon="104.02265581031772">
        <ele>490.87719857599586</ele>
        <time>2026-07-16T14:21:15Z</time>
      </trkpt>
      <trkpt lat="30.489872869806533" lon="104.02275576214868">
        <ele>489.484526142478</ele>
        <time>2026-07-16T14:21:19Z</time>
      </trkpt>
      <trkpt lat="30.49000002908135" lon="104.02282318011613">
        <ele>488.9334271820262</ele>
        <time>2026-07-16T14:21:23Z</time>
      </trkpt>
      <trkpt lat="30.49011793681329" lon="104.02284491085543">
        <ele>488.87644605338573</ele>
        <time>2026-07-16T14:21:27Z</time>
      </trkpt>
      <trkpt lat="30.49023010147598" lon="104.02278925964828">
        <ele>488.7587884021923</ele>
        <time>2026-07-16T14:21:31Z</time>
      </trkpt>
      <trkpt lat="30.49042849512813" lon="104.02278648449843">
        <ele>488.7057480029762</ele>
        <time>2026-07-16T14:21:39Z</time>
      </trkpt>
      <trkpt lat="30.490687390190786" lon="104.02283682307586">
        <ele>486.17851514276117</ele>
        <time>2026-07-16T14:21:47Z</time>
      </trkpt>
      <trkpt lat="30.490766028947313" lon="104.02268392574689">
        <ele>486.92273407801986</ele>
        <time>2026-07-16T14:21:51Z</time>
      </trkpt>
      <trkpt lat="30.490815982735423" lon="104.02227427402516">
        <ele>487.9636179469526</ele>
        <time>2026-07-16T14:22:03Z</time>
      </trkpt>
      <trkpt lat="30.490804784585233" lon="104.02183790459368">
        <ele>488.97236503474414</ele>
        <time>2026-07-16T14:22:15Z</time>
      </trkpt>
      <trkpt lat="30.49080610266632" lon="104.02139850584948">
        <ele>489.83447095844895</ele>
        <time>2026-07-16T14:22:27Z</time>
      </trkpt>
      <trkpt lat="30.490829468089" lon="104.02125329274162">
        <ele>490.85814817622304</ele>
        <time>2026-07-16T14:22:31Z</time>
      </trkpt>
      <trkpt lat="30.49082857839632" lon="104.02111834733775">
        <ele>491.5676697473973</ele>
        <time>2026-07-16T14:22:35Z</time>
      </trkpt>
      <trkpt lat="30.490849285792066" lon="104.021049834289">
        <ele>492.4527550265193</ele>
        <time>2026-07-16T14:22:39Z</time>
      </trkpt>
      <trkpt lat="30.490802639647402" lon="104.02107945394039">
        <ele>493.4443540191278</ele>
        <time>2026-07-16T14:22:43Z</time>
      </trkpt>
      <trkpt lat="30.4905989189263" lon="104.02095397776685">
        <ele>491.4631342450157</ele>
        <time>2026-07-16T14:22:51Z</time>
      </trkpt>
      <trkpt lat="30.490343620426874" lon="104.02086522375828">
        <ele>493.1650287453085</ele>
        <time>2026-07-16T14:22:55Z</time>
      </trkpt>
      <trkpt lat="30.490103603500163" lon="104.02085412817272">
        <ele>492.6296337628737</ele>
        <time>2026-07-16T14:22:59Z</time>
      </trkpt>
      <trkpt lat="30.489989168323824" lon="104.02087173801124">
        <ele>493.33733913768083</ele>
        <time>2026-07-16T14:23:02Z</time>
      </trkpt>
      <trkpt lat="30.489679930044115" lon="104.02098948067194">
        <ele>495.25594252627343</ele>
        <time>2026-07-16T14:23:14Z</time>
      </trkpt>
      <trkpt lat="30.489526489452487" lon="104.02095229424488">
        <ele>494.67732407990843</ele>
        <time>2026-07-16T14:23:18Z</time>
      </trkpt>
      <trkpt lat="30.48938833799406" lon="104.02104457362543">
        <ele>495.0048809302971</ele>
        <time>2026-07-16T14:23:22Z</time>
      </trkpt>
      <trkpt lat="30.48937629947011" lon="104.02121915150285">
        <ele>494.62346313521266</ele>
        <time>2026-07-16T14:23:26Z</time>
      </trkpt>
      <trkpt lat="30.489330541593013" lon="104.02139407018942">
        <ele>493.6182489413768</ele>
        <time>2026-07-16T14:23:30Z</time>
      </trkpt>
      <trkpt lat="30.489341063940692" lon="104.02177248483264">
        <ele>492.67573823872954</ele>
        <time>2026-07-16T14:23:38Z</time>
      </trkpt>
      <trkpt lat="30.489389565259007" lon="104.02210732197572">
        <ele>493.273941680789</ele>
        <time>2026-07-16T14:23:46Z</time>
      </trkpt>
      <trkpt lat="30.489385428568266" lon="104.02229073088125">
        <ele>492.3818663312122</ele>
        <time>2026-07-16T14:23:50Z</time>
      </trkpt>
      <trkpt lat="30.48942326004837" lon="104.02262899595513">
        <ele>490.85443939082325</ele>
        <time>2026-07-16T14:23:58Z</time>
      </trkpt>
      <trkpt lat="30.489685645031216" lon="104.02265056212671">
        <ele>490.7772316057235</ele>
        <time>2026-07-16T14:24:06Z</time>
      </trkpt>
      <trkpt lat="30.489835777843428" lon="104.02275112281865">
        <ele>490.3997380435467</ele>
        <time>2026-07-16T14:24:10Z</time>
      </trkpt>
      <trkpt lat="30.490006200899657" lon="104.02283090357872">
        <ele>489.8618088392541</ele>
        <time>2026-07-16T14:24:14Z</time>
      </trkpt>
      <trkpt lat="30.490147516257668" lon="104.02283658760905">
        <ele>489.3231389839202</ele>
        <time>2026-07-16T14:24:18Z</time>
      </trkpt>
      <trkpt lat="30.49027602757474" lon="104.0227859715306">
        <ele>489.191237475723</ele>
        <time>2026-07-16T14:24:22Z</time>
      </trkpt>
      <trkpt lat="30.490403936149708" lon="104.0227812578257">
        <ele>488.2119788452983</ele>
        <time>2026-07-16T14:24:26Z</time>
      </trkpt>
      <trkpt lat="30.490532555244076" lon="104.02279883252841">
        <ele>487.85808296781033</ele>
        <time>2026-07-16T14:24:30Z</time>
      </trkpt>
      <trkpt lat="30.490659237300836" lon="104.02285659007353">
        <ele>486.3102229172364</ele>
        <time>2026-07-16T14:24:34Z</time>
      </trkpt>
      <trkpt lat="30.490766402397448" lon="104.02268783871841">
        <ele>485.97614278737456</ele>
        <time>2026-07-16T14:24:38Z</time>
      </trkpt>
      <trkpt lat="30.490795327718853" lon="104.02237366622361">
        <ele>487.94058588705957</ele>
        <time>2026-07-16T14:24:46Z</time>
      </trkpt>
      <trkpt lat="30.490812241722264" lon="104.0220571394272">
        <ele>488.6192892109975</ele>
        <time>2026-07-16T14:24:54Z</time>
      </trkpt>
      <trkpt lat="30.490818120459092" lon="104.02165091877661">
        <ele>489.9383139424026</ele>
        <time>2026-07-16T14:25:05Z</time>
      </trkpt>
      <trkpt lat="30.49080617824996" lon="104.02139438959507">
        <ele>490.0769421076402</ele>
        <time>2026-07-16T14:25:12Z</time>
      </trkpt>
      <trkpt lat="30.4908209328751" lon="104.02121425959994">
        <ele>490.9369738455862</ele>
        <time>2026-07-16T14:25:16Z</time>
      </trkpt>
      <trkpt lat="30.490800325115856" lon="104.02102503167889">
        <ele>491.2160665644333</ele>
        <time>2026-07-16T14:25:22Z</time>
      </trkpt>
      <trkpt lat="30.490689552587217" lon="104.02105074237801">
        <ele>491.8411783436313</ele>
        <time>2026-07-16T14:25:26Z</time>
      </trkpt>
      <trkpt lat="30.490563358267405" lon="104.02103272805677">
        <ele>492.7083937320858</ele>
        <time>2026-07-16T14:25:30Z</time>
      </trkpt>
      <trkpt lat="30.49042377230087" lon="104.02093998334595">
        <ele>492.5221199830994</ele>
        <time>2026-07-16T14:25:34Z</time>
      </trkpt>
      <trkpt lat="30.490256224797896" lon="104.02085731389305">
        <ele>493.2755876779556</ele>
        <time>2026-07-16T14:25:38Z</time>
      </trkpt>
      <trkpt lat="30.490090395950812" lon="104.02084780847595">
        <ele>493.1728533981368</ele>
        <time>2026-07-16T14:25:42Z</time>
      </trkpt>
      <trkpt lat="30.489943465471807" lon="104.02087931192767">
        <ele>492.44222126249224</ele>
        <time>2026-07-16T14:25:46Z</time>
      </trkpt>
      <trkpt lat="30.489830256888865" lon="104.02096117742823">
        <ele>493.6106104198843</ele>
        <time>2026-07-16T14:25:50Z</time>
      </trkpt>
      <trkpt lat="30.489429937609064" lon="104.02095417520998">
        <ele>494.4920796873048</ele>
        <time>2026-07-16T14:26:02Z</time>
      </trkpt>
      <trkpt lat="30.48930383302744" lon="104.02105415012235">
        <ele>496.21118379198015</ele>
        <time>2026-07-16T14:26:06Z</time>
      </trkpt>
      <trkpt lat="30.489333011207034" lon="104.02121807973182">
        <ele>495.49191023688763</ele>
        <time>2026-07-16T14:26:10Z</time>
      </trkpt>
      <trkpt lat="30.489325210327554" lon="104.0215114843245">
        <ele>494.5199268301949</ele>
        <time>2026-07-16T14:26:18Z</time>
      </trkpt>
      <trkpt lat="30.489334884448247" lon="104.02185043972923">
        <ele>493.4089040616527</ele>
        <time>2026-07-16T14:26:26Z</time>
      </trkpt>
      <trkpt lat="30.489389942465646" lon="104.02196899484053">
        <ele>493.59062172845006</ele>
        <time>2026-07-16T14:26:30Z</time>
      </trkpt>
      <trkpt lat="30.489410998503363" lon="104.02208025149008">
        <ele>493.0769165540114</ele>
        <time>2026-07-16T14:26:34Z</time>
      </trkpt>
      <trkpt lat="30.48939060944878" lon="104.02221434731639">
        <ele>491.870265214704</ele>
        <time>2026-07-16T14:26:38Z</time>
      </trkpt>
      <trkpt lat="30.489434554740303" lon="104.02259240816828">
        <ele>489.8829378830269</ele>
        <time>2026-07-16T14:26:54Z</time>
      </trkpt>
      <trkpt lat="30.48946233275208" lon="104.02264963621475">
        <ele>489.73537433333695</ele>
        <time>2026-07-16T14:26:58Z</time>
      </trkpt>
      <trkpt lat="30.489509394166248" lon="104.02265995501546">
        <ele>490.14382665324956</ele>
        <time>2026-07-16T14:27:02Z</time>
      </trkpt>
      <trkpt lat="30.489625006061715" lon="104.02262924426874">
        <ele>490.80734297353774</ele>
        <time>2026-07-16T14:27:14Z</time>
      </trkpt>
      <trkpt lat="30.489776241366375" lon="104.02269225934053">
        <ele>490.23346803337336</ele>
        <time>2026-07-16T14:27:25Z</time>
      </trkpt>
      <trkpt lat="30.4898706422668" lon="104.02277151145506">
        <ele>489.44203497003764</ele>
        <time>2026-07-16T14:27:33Z</time>
      </trkpt>
      <trkpt lat="30.48994745374801" lon="104.0227799759182">
        <ele>489.42994916345924</ele>
        <time>2026-07-16T14:27:37Z</time>
      </trkpt>
      <trkpt lat="30.48998904488727" lon="104.02283796852726">
        <ele>489.8574786717072</ele>
        <time>2026-07-16T14:27:41Z</time>
      </trkpt>
    </trkseg>
  </trk>
</gpx>